"Ayat_id","mm_Translation","multi_ayats"
1,"အလိဖှ်၊ လားမ်၊ မီးမ်၊ 14 @ (အလ္လာဟ်သည် အသိပညာဉာဏ် အမြော်အမြင်နှင့် ပြည့်စုံသောအရှင် ဖြစ်သည်)။ # (တစ်နည်း) # (ငါအလ္လာဟ်သည် သိမှုဥပဒေသ၏ အခြေအမြစ် ဖြစ်သည်)။",""
2,"ဤသည် 15 သံသယဖြစ်ဖွယ်ရာ 17 အလျှင်းမရှိသော ဥပဒေကျမ်းဂန် ဖြစ်၏။ 16 (မိမိတို့၏ လူဖြစ်မှု အရည်အသွေးအား) ထိန်းသိမ်းကြသော သူတို့အဖို့ (ဘဝ ပန်းတိုင်သို့ ညွှန်ပြနိုင်သော) လမ်းညွှန်မှု ဖြစ်၏။@[1:5]",""
3,"မုအ်မင်န် (လုံခြုံမှုကို ယုံကြည်ချက်ဖြင့် တည်ဆောက်သောသူ) တို့သည် 18 အမြင်မှ ကွယ်လျက် ရှိသည့် 19 အရှိတရား များကို ယုံကြည် ကြ၏။ ထို့ပြင် ဆွလာ့ဟ် 21 တည်ဆောက်ကြပြီး 20 သူတို့အား ငါချီးမြှင့်ထားသည့် ဘဝ အထောက်အပံ့များမှ 22 (လိုအပ်ချက်ရှိ သူတို့ကို) မျှဝေပေးကြ၏။ 23",""
4,"သူတို့သည် အသင့်ထံ ချမှတ်သော အရှိတရားနှင့် 24 အသင့်အလျင်က ချမှတ်ပေးခဲ့သည့် အရှိတရားတို့ကိုပါ 25 ယုံကြည် ကြ၏။ (ထိုယုံကြည်မှု အားဖြင့် လုံခြုံသော လူ့ဘောင်ကို တည်ဆောက် ကြရန် ဖြစ်၏) ထိုသို့ဖြင့် အနာဂတ်တွင် 26 သစ်လွင်သော ဘဝ ပုံပေါ်လာမည် ဆိုသည်ကို သံသယကင်းစွာ ခံယူထားကြ၏။ 27",""
5,"သူတို့သည် မိမိတို့အား ပျိုးထောင်မှုစနစ် နှင့်အညီဖွံ့ဖြိုးစေသော အရှင်၏ [1:1] လမ်းစဥ်ပေါ်၌ ဘဝကို တည်မှီ လျှောက်လှမ်း ကြ၏။ ဘဝ၏ အောင်မြင်မှုကို စံစားရမည့် သူများမှာ သူတို့သာ လျှင်ဖြစ်ကြ၏။",""
6,"ကာဖှိရ် (လုံခြုံမှုကို သွေဖည် ဆန့်ကျင် သောသူ) တို့အား 28 သင်သည် သတိပေးသည် ဖြစ်စေ၊ သတိမပေးသည် ဖြစ်စေ အတူတူပင် ဖြစ်၏။ သူတို့သည် မုအ်မင်န် (လုံခြုံမှုကို ယုံကြည်ချက် ဖြင့်တည်ဆောက် ကြမည့်သူများ) မဟုတ်ပေ။",""
7,"အလ္လာဟ် (၏တုံ့ပြန် ရလဒ် ဖြစ်ထွန်းမှု) သည် 29 သူတို့၏ နားလည်မှု စွမ်းရည်များနှင့် 30 ကြားနာမှု အရည် အသွေးတို့ အပေါ် တံဆိပ် ခတ်နှိပ်လိုက်ပြီ။ (တစ်နည်း) ချိပ်ပိတ် လိုက်ပြီ။ ထို့ပြင် သူတို့၏ သိမြင်မှု အစွမ်းအစ များ၌လည်း အကွယ်အကာ- အဖုံးအအုပ် ရှိနေ၏။ ဤသို့ဖြင့်သူတို့ အဖို့ကြီးလေးသော အရေးယူ ဒဏ်ခတ်မှု ဖြစ်ပေါ်လာ၏။ 31",""
8,"လူတို့အနက် အချို့က “ကျွန်ုပ်တို့သည် အလ္လာဟ်နှင့် 32 နောက်ဆုံးနေ့ကို 33 ယုံကြည် ကြပါသည်” ဟုဆိုကြ၏။ စင်စစ် သူတို့သည် ယုံကြည်ကြသည် မဟုတ်ပေ။ 34",""
9,"သူတို့သည် အလ္လာဟ် (ပြဋ္ဌာန်း ထားသော ဥပဒေသ) နှင့် (ယင်းဥပဒေကို လက်တွေ့) ယုံကြည်ချက်ဖြင့် တည်ဆောက် နေကြသော သူတို့ကို လှည့်စားနေကြ၏။ 35 စင်စစ် ဤသည် မိမိတို့၏ စိတ်ကိုသာ 36 လှည့်စား နေကြခြင်း ဖြစ်၏။ သူတို့သည် ဤသည် ကိုနားမလည် ကြချေ။",""
10,"သူတို့၏ နားလည်မှု စွမ်းရည်များ ဟန်ချက် ပျက်သွားရာ 37 အလ္လာဟ် (၏ဥပဒေသ) က ဟန်ချက်ပျက်မှုကို တိုးပွားလာစေ၏။ 38 ထို့ပြင် သူတို့၏ လိမ်လည် ပြောဆိုမှု ကြောင့် နာကျင်ဖွယ် အရေးယူ ဒဏ်ခတ်မှုသည် ရှိ၏။",""
11,"သူတို့အား “သင်တို့သည် မြေကမ္ဘာ၌ မျှတ ညီညွတ် နေမှုကို ပျက်ပြား စေလျက် လူ့ဘောင်၏ တည်ငြိမ်မှုကို မဖျက်ဆီးကြနှင့်” 39 ဟုဆိုလျှင်၊ “ကျွန်ုပ် တို့သည် ပြုပြင် ပြောင်းလဲရေး သမားများသာ ဖြစ်ကြသည်” 40 ဟုခွန်းတုံ့ ပြန်ကြ၏။",""
12,"မှတ်သား ကြလော့၊ သူတို့သာလျှင် မညီမျှမှုနှင့် ဆုတ်ယုတ်မှု တို့ကို ဖန်တီးသူများ ဖြစ်ကြ၏။ သူတို့သည် အခြေအနေ မှန်ကို မရိပ်စားမိ ကြေချေ။",""
13,"သူတို့အား လုံခြုံ တည်ငြိမ်သော လူ့ဘဝ တည်ဆောက်မှု စနစ်ကို အကြင်သူတို့ကဲ့သို့ 41 ယုံကြည် လိုက်နာကြလော့ ဟု ဆိုသော အခါ၊ “ကျွန်ုပ်တို့သည် အသိဉာဏ် ကင်းမဲ့ကြသော သူတို့ ကဲ့သို့ 42 ယုံကြည် လိုက်နာ ကြရမည်လော” ဟု ခွန်းတုံ့ပြန် ကြ၏။ မှတ်သား နာယူကြလော့၊ ဧကန် စင်စစ် သူတို့ သာလျှင် အသိဉာဏ် ကင်းမဲ့သူများ ဖြစ်ကြ ပေသည်။ သို့ရာတွင်သူတို့ နားလည်ကြသည် မဟုတ်ပေ။",""
14,"အသွင် နှစ်မျိုးဖြင့် ရပ်တည် နေကြသော သူတို့သည် အလ္လာ့ဟ် စနစ် အပေါ် လျှောက်လှမ်း နေကြသည့် ယုံကြည်သူတို့နှင့် တွေ့ဆုံ ကြသောအခါ၊ “ကျွန်ုပ်တို့ သည်လည်း အသင်တို့ကဲ့သို့ ဤစနစ် မှန်ကန်ကြောင်း ယုံကြည် ကြပါသည်” ဟုပြောဆို ကြ၏။ တစ်ဖန် ဆိတ်ကွယ်ရာ၌ မိမိတို့၏ (ဦးစီးခေါင်းဆောင်) သူယုတ်မာများ 43 နှင့်တွေ့ဆုံ ကြသည့် အခါ၊ “ကျွန်ုပ်တို့သည် ယုံကြည် သူတို့နှင့် အပေါ်ယံ ပတ်သက်ခြင်း ဖြစ်သော်လည်း အသင်တို့နှင့်မူ နက်နက် ရှိုင်းရှိုင်း ဆက်နွယ်လျက် ရှိကြပါသည်။ ယုံကြည်သူတို့ အား ပြက်ရယ်ပြု ကျီစယ်ခြင်းမျှ ဖြစ်သည်” ဟုဆိုကြ၏။",""
15,"အလ္လာဟ် (၏တုံ့ပြန်ရလဒ်) ကသူတို့ထံသို့ ပြက်ရယ် ပြုမှုကို ပြန်လည် သက်ရောက်စေ၏။ 44 ထို့ပြင် သူတို့ကို သူတို့၏ မောက်မာမှု၌ ပင်စွန့်ထားရာ မမြင်မကန်း တဝဲဝဲလည် နေကြ၏။",""
16,"မှန်ကန်သော ဘဝလမ်းညွှန်ကို ပေး၍ လွဲမှားသော ဘဝ နေနည်းကို ဝယ်ယူသူမှာ သူတို့သာလျှင် ဖြစ်ကြ၏။ သူတို့၏ ရောင်းဝယ်မှု၌ အမြတ်အစွန်း မရှိ။ သူတို့သည် ဘဝနေနည်း အမှန်မှ လွဲချော်သူများ ဖြစ်ကြပေသည်။",""
17,"သူတို့၏ ဥပမာကား မီးမွှေးသူကဲ့သို့ ဖြစ်၏။ မီးရောင်သည် သူ၏ဝန်းကျင်ကို လင်းဝင်းစေ၏။ ထိုအခိုက် အလ္လာဟ်သည် သူတို့မှ အလင်းရောင်ကို သုတ်ယူလိုက်ပြီး၊ သူတို့အား အမှောင်တွင်း၌ စွန့်ထားလိုက်ရာ သူတို့ မြင်နိုင်တော့မည် မဟုတ်ချေ။ 45",""
18,"သူတို့သည် နားပင်သူများ၊ ဆွံ့အသူများ၊ မျက်ကန်းများ 46 ဖြစ်ကြပေရာ (မှန်ကန်သော ဘဝလမ်းစဥ် ဘက်သို့) ပြန်လှည့် ကြမည် မဟုတ်ပေ။",""
19,"သို့တည်းမဟုတ် ကောင်းကင်မှ မိုးသည်းထန်စွာ ရွာသွန်းခြင်း၊ ကောင်းကင်၌ အမှောင်လွှမ်း၍ မိုးချုန်းခြင်း၊ လျှပ်ပြက်ခြင်း တို့ဖြစ်ပေါ်လာရာ သေဘေးမှ လွတ်မြောက်ရာ လွတ်မြောက်ကြောင်း အကြံအစည် ဖြင့်နားထဲသို့ လက်ချောင်းများ ထိုးတွင်း၍ ပိတ်ဆို့ထား ကြသည့် ဥပမာကဲ့သို့ဖြစ်၏။ 47 စင်စစ်အလ္လာဟ် (၏ တုံ့ပြန်ရလဒ်) သည်သွေဖည် ဆန့်ကျင်သူတို့အား ဝန်းရံထား၏။ 48",""
20,"လျှပ်ပြက် ရောင်သည် သူတို့၏ အမြင်အာရုံကို သုတ်ယူ လုမတတ် ဖြစ်၏။ အလင်းရောင် လင်းလက် လာတိုင်း သူတို့ လျှောက်လှမ်း ကြ၍ မှောင်မိုက်သည့်အခါ ရပ်တန့်သွား ကြ၏။ 49 အလ္လာဟ်၏ စံချိန် သတ်မှတ်ချက်နှင့် ကိုက်ညီပါက သူတို့၏ အကြားအာရုံနှင့် အမြင်အာရုံ တို့ကို ယုတ်သိမ်းပြီး ဖြစ်အံ့။ ဧကန် အမှန် အလ္လာဟ်သည် အရာခပ်သိမ်းအပေါ် အတိုင်းအတာ သတ်မှတ်ချက်များနှင့် အညီစနစ်တကျ ချုပ်ကိုင်ထား၏။ 50",""
21,"အို - လူ့အဖွဲ့အစည်းဝင်တို့၊ သင်တို့သည် မိမိတို့အား ဖြစ်ထွန်း စေပြီး၊ 51 ပျိုးထောင်မှု စနစ်နှင့် အညီ ဖွံ့ဖြိုးစေသော အရှင်၏ လူ့ဘဝ စည်းမျဥ်းများကို နာခံသူများ 52 ဖြစ်ကြလော့။ အရှင်သည် သင်တို့ထက် အလျင်ရှိခဲ့ကြသော သင်တို့၏ အဘ၊ ဘိုးဘေး တို့အားလည်း ဖြစ်ထွန်းစေခဲ့၏။ ထိုသို့ဖြင့် သင်တို့သည် (မိမိတို့၏ လူဖြစ်မှုအရည်အသွေးကို) ထိန်းသိမ်း ကြရန် ဖြစ်သည်။ 53",""
22,"အရှင်သည် သင်တို့အဖို့ ကမ္ဘာကို နေရာထိုင်ခင်းနှင့် ကောင်းကင် ကို အမိုးအကာအဖြစ် 54 စီမံထား၏။ ကောင်းကင်မှ 55 မိုးရွာသွန်းစေ၍ သင်တို့အဖို့ ထိုမိုးရေမှ ရိက္ခာများ ရရှိရန် အပင်များ၊ အသီးများ စသည်တို့ကို ပေါက်ရောက် စေ၏။ သို့ဖြစ်ရာ သင်တို့သည် သိပါလျက်နှင့် အလ္လာဟ်နှင့် အဆင့်တူ၊ ဂုဏ်တု ဂုဏ်ပြိုင်များ ကို မဖန်တီးကြလေနှင့်။ 56",""
23,"ငါသည် မိမိ၏ ဩဇာခံ 57 အပေါ်ချမှတ်ခဲ့သော (ဥပဒေကျမ်း) နှင့်စပ်လျဥ်း၍ သင်တို့ သံသယ ဖြစ်ကြလျှင် တူညီသော ကဏ္ဍ တစ်ခုကို 58 ယူဆောင် လာကြလော့။ သင်တို့ သစ္စာဝါဒီများ ဖြစ်ကြလျှင် အလ္လာဟ်မှလွဲ၍ 59 သင်တို့အား ကူညီမည့်သူများကို ဖိတ်ခေါ်ကြလော့။",""
24,"သင်တို့သည် မပြုလုပ်နိုင်ခဲ့ကြပေ။ အလျှင်း ပြုလုပ် နိုင်ကြမည်လည်း မဟုတ်ပေ။ သို့ဖြစ်ရာ သင်တို့သည် လူသာမာန်များနှင့် 60 ဦးစီးခေါင်းဆောင်တို့ 61 လောင်စာ ဖြစ်မည့် မီးမှ 62 ကာကွယ် ကြလော့။ ယင်းမီးကို သွေဖည် ဆန့်ကျင် သူများအတွက် အသင့် ပြုလုပ်ထား၏။",""
25,"(အို-ရစူလ်) သင်သည် ယုံကြည်ချက်နှင့် အတူပြုပြင် ပြောင်းလဲရေးကို 63 ဆောင်ရွက်သော သူတို့အား သတင်း ကောင်းပါးလော့။ သူတို့ အဖို့ ဥယျာဥ်များရှိ၍ 64 ယင်းအောက်၌ စမ်းရေချောင်းများ 65 အလျင်တွေတွေ စီးဆင်း လျက်ရှိမည်။ ယင်း၌ သူတို့အား သစ်သီးများ 66 တည်ခင်းသည့် အခါတိုင်း “ယခင်ကကျွန်ုပ်တို့စားဖူး၏” 67 ဟု ဆိုကြမည်။ ထို့ပြင် ဆင်တူသော ရိက္ခာများလည်း ရရှိ ကြဦးမည်။ ယင်း၌ သူတို့အဖို့ သန့်စင်သော ဘဝ အဖော်မွန်များလည်း 68 ရှိ၍၊ အစဥ် ထာဝရ ရှင်သန်လျက် လည်းရှိကြမည်။",""
26,"ဧကန်အမှန် အလ္လာဟ်သည် ခြင်ဖြစ်စေ၊ ထို့ထက် သေးငယ်သော အရာနှင့် ဖြစ်စေ ပုံဆောင်ခြင်းငှာ 69 တွန့်ဆုတ်ခြင်း မရှိပါ။ မည်သို့ပင်ဖြစ်စေ၊ လုံခြုံမှုကို ယုံကြည်ချက်ဖြင့် တည်ဆောက်သော သူတို့က ယင်းသည် မိမိတို့အား ပျိုးထောင်မှုစနစ် နှင့်အညီ ဖွံ့ဖြိုးစေသော အရှင့်ထံမှ သစ္စာတရား ဖြစ်ကြောင်း သိမြင်ကြ၏။ သို့ရာတွင် လုံခြုံမှုကို သွေဖည် ဆန့်ကျင်သော သူတို့က “အလ္လာဟ်သည် ဤဥပမာအားဖြင့် မည်သည်ကို ဆိုလိုပါသနည်း” ဟုတုံ့ပြန်ကြ၏။ ထိုဥပမာပေါ် အကြောင်းပြု၍ များစွာသော သူတို့ကို လမ်းမှန်မှ တိမ်းချော်စေပြီး၊ များစွာသော သူတို့ကိုမူ လမ်းမှန်သို့ ရောက်ရှိ စေ၏။ စင်စစ်တွင် ထိုဥပမာအားဖြင့် စည်းမျဥ်း ချိုးဖောက် သူများမှအပ 70 မည်သူ့ကိုမျှ လမ်းမှန်မှ တိမ်းချော် စေသည် မဟုတ်ပေ။",""
27,"သူတို့သည် အလ္လာဟ်နှင့် အခိုင်အမာ ပဋိညာဥ် ပြုပြီးနောက် 71 ဖောက်ဖျက်ကြ၏။ အလ္လာဟ်က ပေါင်းသင်း ဆက်ဆံရန် ညွှန်ကြားထား သည်ကိုလည်း ဖြတ်တောက်ကြသည်။ ကမ္ဘာအဝှန်း မညီမျှမှုနှင့် ဆုတ်ယုတ်မှု တို့ကိုလည်း ဖန်တီး ကြ၏။ သူတို့ သည်ပင် ပျက်စီး ဆုံးရှုံးမည့် သူများဖြစ် ကြ၏။ 72",""
28,"သင်တို့ သက်မဲ့ဖြစ်နေရာမှ ရှင်သန်စေခဲ့သော အလ္လာဟ်အား မည်သို့ သွေဖည်ကြအံ့။ 73 သင်တို့အား တစ်ဖန်သေစေ၍၊ တစ်ဖန်ရှင်စေမည်။ ထို့နောက် အရှင် (ပြဋ္ဌာန်းထားသော တုံ့ပြန်ရလဒ်) ဆီသို့ ဦးလှည့်ကြရမည်။ 74",""
29,"အရှင်သည် ကမ္ဘာဂြိုဟ်ရှိ အရာအားလုံးကို သင်တို့အဖို့ ဖြစ်ထွန်း စေခဲ့၏။ တစ်ဖန် 75 အာကာသသို့ ဦးတည်လျက် မြားမြောင် လှသော 76 စကြဝဠာများ ကို ဟန်ချက်ညီစွာ ပြည့်ဝစေ၏။ အရှင်သည် အရာခပ်သိမ်းကို သိမှု ဥပဒေသဖြင့် လွှမ်းခြုံ ထား၏။",""
30,"သင့်အား ပျိုးထောင်မှုစနစ်နှင့် အညီ ဖွံ့ဖြိုးစေသော အရှင်က မလာအိကဟ်အား 77 “ငါသည် ကမ္ဘာမြေ၌ အုပ်ချုပ်သူ တစ်ဦး 78 ခန့်အပ်မည်” ဟုမိန့်သော အခါ၊ သူတို့က “အရှင်သည် ကမ္ဘာမြေ၏ တည်ငြိမ်မှုကို ဖျက်ဆီး၍ သွေးထွက် သံယိုပြုမည့်သူအား ခန့်အပ် ပါမည်လော။ စင်စစ် ကျွန်ုပ်တို့သည် အရှင်၏ အံ့မခန်းဖွယ် စီမံမှုနှင့် တကွ အရှင်၏ စီမံကိန်းများကို အဆုံးသတ် သက်ရောက်စေရန် ဆောင်ရွက်ကြလျက် မိမိတို့ ကျင်လည် ကျက်စားရမည့် နယ်ပယ်၌ အပြည့်အဝ စွမ်းဆောင်ကြပါမည်” 79 ဟုလျှောက်ထား ကြ၏။ အရှင်က “သင်တို့ မသိကြသောအရာကို ငါမုချ သိသည်” ဟု မိန့်၏။",""
31,"အရှင်သည် အာဒန်မ်အား 80 ဝေါဟာရ သတ်မှတ်မှုနှင့် ဆိုင်သော 81 အသိပညာ အလုံးစုံကို ပို့ချပေးခဲ့၏။ ထို့နောက် ၎င်းကို မလာအိကဟ်၏ ရှေ့မှောက်ချပြ၍ “သင်တို့ မှန်ကန်စွာ ပြောဆိုသူများ ဖြစ်ကြလျှင် ငါ့အား ယင်းဝေါဟာရများကို တင်လျှောက်ကြလော့” ဟုညွှန်ကြား၏။",""
32,"မလာအိကဟ်က “အရှင်သည် ချို့တဲ့ မှုကင်း၍ အတုမဲ့ ဖြစ်၏။ ကျွန်ုပ်တို့မူကား အရှင် သိခွင့် ပေးသမျှကိုသာ သိကြ၏။ စင်စစ် အရှင်သည်သာ သိမှု နယ်ပယ်နှင့် ဆင်ခြင်မှု နယ်ပယ်တို့၏ အခြေအမြစ် ဖြစ်သည်” ဟု ဆိုကြ၏။",""
33,"အရှင်က “အို-အာဒန်မ်၊* သင်သည် အရာဝတ္ထုများ၏ အမည်များကို ထုတ်ဖော်လော့” ဟု မိန့်ရာ၊ သူက ၎င်းတို့အား ထိုအမည်များကို ထုတ်ဖော်ပြ၏။ အရှင်ကမိန့်သည်။ “ငါသည် မိုးကောင်းကင်များနှင့် မြေကမ္ဘာ၌ ရှိသည့် မျက်ကွယ်ရာများကို သိမှုဥပဒေသဖြင့် လွှမ်းခြုံထားသည် ဟု သင်တို့အား ပြောခဲ့သည် မဟုတ်လော။ စင်စစ် သင်တို့ ထုတ်ဖော် သည်များနှင့် ဖုံးကွယ်သည်များ ကိုလည်းငါသိ၏။”@*[2:31] အောက်ခြေ (၈၀)",""
34,"ထို့နောက် ငါသည် မလာအိကဟ်အား အာဒန်မ်ကို နာခံကြရန် 82 ညွှန်ကြားသောအခါ သူတို့က နာခံခဲ့ကြ၏။ သို့ရာတွင် အိဗ်လီးစ်မှာ မူကား 83 နာခံမှု မပြုဘဲ၊ မာနထောင်လွှားခဲ့၏။ စင်စစ် သူသည် သွေဖည် ဆန့်ကျင်သူတို့၌ ပါဝင်ခဲ့၏။",""
35,"ထို့နောက် ငါသည် ဤသို့ ညွှန်ကြား၏။ “အို-အာဒန်မ်၊ သင်နှင့် သင့်အဖော် 84 တို့သည် ဂျန္နဟ် (ဥယျာဥ်) ၌ အခြေချ နေထိုင်လော့။ နေရာတိုင်းမှ ဆန္ဒ အလျောက် ဖောဖောသီသီ သုံးစွဲကြလော့။ 85 သို့ရာတွင် ဤအပင်၏ 86 အနားသို့ မကပ်ကြနှင့်။ ကပ်မိပါက မတရား ကျူးကျော်သူများ၌ ပါဝင်သွားကြလိမ့်မည်။ ”",""
36,"ရှိုက်သာန်သည် 87 သူတို့နှစ်ဦးအား ယင်း တားမြစ်ချက် နှင့်စပ်လျဥ်း၍ တိမ်းပါး ချွတ်ချော်စေပြီး၊ အခြေချရာမှ ထွက်စေခဲ့၏။ ထိုအခါငါသည် “သင်တို့ ဆင်သွားကြလော့။ 88 သင်တို့ အချင်းချင်းရန် ဘက်များ ဖြစ်ကြအံ့။ 89 မြေကမ္ဘာ၌ သတ်မှတ်ချက် အတိုင်းအတာ အထိ နေရာထိုင်ခင်းနှင့် အကျိုးခံစားမှုတို့ ရှိပေမည်” ဟုမိန့်၏။",""
37,"ထို့နောက် အာဒန်မ်သည် မိမိအား ပျိုးထောင်မှုစနစ် နှင့် အညီ ဖွံ့ဖြိုးစေသော အရှင့်ထံမှ လမ်းညွှန်မှုများ ရရှိ၍ အရှင့် ဥပဒေသ ဘက်သို့ ပြန်လှည့်ရာ အရှင်က ချွတ်ချော်မှုကို ပလပ်စေခဲ့၏။ အရှင်သည် လုံခြုံမှုပါ ဝင်သော ထောက်ပံ့ မြှင့်တင်မှု အားဖြင့် အကြိမ်ကြိမ် ပြန်လှည့်သော အရှင်ပင် ဖြစ်၏။ 90",""
38,"ငါက သင်တို့အားလုံး ဤ (လက်ရှိအခြေအနေ) မှ ဆင်းသွားကြဟု ညွှန်ကြားပြီး သည့်နောက် ငါ့ထံမှ ဘဝလမ်းညွှန် ရောက်ရှိလာသော် လိုက်နာသူ၌ စိုးရိမ်ခြင်းကင်း၍ ပူဆွေးစရာ မရှိကြောင်း သိစေခဲ့သည်။@[ဆက်စပ်အာယဟ်များ [7:35] [20:123-124]",""
39,"သို့ရာတွင် ငါ၏ အာယားသ် (သက်သေပြ လမ်းညွှန်များ) ကို 91 သွေဖည်၍ မမှန်မကန် ဖြစ်ရန် ကြံစည်သူတို့ သည်ကား အပူမီး၏ အပေါင်းအဖော်များ ဖြစ်ကြ၍၊ ယင်း၌ ကာလမဲ့ နေထိုင်ကြရမည်။",""
40,"အို- အိစ်ရာအီလ်၏ သားမြေးတို့ 92 သင်တို့သည် ငါချီးမြှင့်ခဲ့သည့် ဘဝ၏ စည်းစိမ်ချမ်းသာများ (တစ်နည်း) ဂုဏ်ကျေးဇူးများကို သတိရ ထုတ်ဖော်ကြလော့။ ငါ့အား ပေးခဲ့သည့် ကတိကို ပြည့်ဝစေကြလော့။ ငါသည်လည်း သင်တို့နှင့် ထားရှိသည့် ကတိကို အတည်ပြုမည်။ သင်တို့သည်ငါ၏ (တုံ့ပြန်ရလဒ် ပြဋ္ဌာန်းချက်အရ ပုံပေါ် လာမည့် ဆိုးကျိုးများ) ကိုသာလျှင် ကြောက်ရွံ့ ကြလော့။",""
41,"ထို့ပြင် သင်တို့သည် ငါချမှတ်ပေးသော ကျမ်းအား ယုံကြည်ကြလော့။ ယင်းကျမ်း သည်သင်တို့၌ ရှိသော (ကျမ်း) ကိုဖြောင့်မတ် မှန်ကန်စေရန် 93 ပြု၏။ သင်တို့သည် ယင်းကျမ်းအား ဦးစွာ ငြင်းပယ်သူများ မဖြစ်ကြနှင့်။ ထို့ပြင်ငါ၏ အာယားသ် (သက်သေပြ လမ်းညွှန်များ) ကို အနည်းငယ်သော အဖိုးအခဖြင့် မဖလှယ်ကြနှင့်။ 94 ငါ (၏ဥပဒေ) အားဖြင့်သာလျှင် (မိမိတို့၏ အရည်အသွေးများကို) ထိန်းသိမ်း ကြလော့။",""
42,"သင်တို့ အမှန်ကို အမှားဖြင့် မရှုပ်ထွေး စေကြနှင့်။ အမှန်ကို သိကြပါလျက် မထိန်ချန် ကြနှင့်။",""
43,"သင်တို့ ဆွလာ့ဟ် (တည်းဟူသော အရည်အသွေး ပြည့်မီသည့် လူ့ဘောင်) ကို တည်ဆောက်ကြလော့။ (ထိုလူ့ဘောင်) ဖွံ့ဖြိုး လာစေရန် 95 (မိမိတို့၏ ပိုင်ဆိုင်မှုများဖြင့်) ဖေးမကြလော့။ ရွေးချယ်၍ နာခံ သူတို့နှင့် အတူ ရွေးချယ်၍ နာခံ ကြလော့။ 96 @[ဆွလာ့ဟ်အကြောင်း[2:3] အောက်ခြေ (၂၁)တွင်ရှုပါရန်]",""
44,"သင်တို့သည် စိတ်သဘောထား ကြီးမြတ်ကြရန် 97 လူတို့ကို ညွှန်ကြားကြသော်လည်း မိမိတို့ကိုယ်ကိုမူ မေ့ထားကြ သလော။ စင်စစ်သင်တို့ ကျမ်းဂန်ကို လေ့လာ နေပါလျက်နှင့် အသိဉာဏ်ကို စေစားအသုံးချခြင်း မပြုကြ သလော။ 98",""
45,"ကြံ့ခိုင်သော စိတ်ဓာတ်နှင့် ဆွလာဟ်အားဖြင့် အကူအညီကို ဆည်းပူးကြလော့။ ဧကန်စင်စစ် မိမိကိုယ်ကို (အရှင့် လမ်းညွှန် ရှေ့မှောက်၌) နှိမ့်ချသော သူတို့မှအပ ဤတာဝန်သည် ကြီးလေးလှ၏။@[ဆက်စပ်အာယဟ်များ [2:153] [70:17-27] [90:11-17]",""
46,"သူတို့သည် မိမိတို့အရှင် (၏ ပြဋ္ဌာန်းချက် အရ ရလဒ်) နှင့်ကြုံတွေ့ရမည်ကို အပြည့်အဝ မျှော်လင့်ကြ၍ ယင်း (ရလဒ်များ) ဆီသို့သာ လှည့်ကြရမည် ကိုလည်း အမှတ်ရ နေကြ၏။ 99",""
47,"အို- အိစ်ရာအီလ်၏ သားမြေးတို့၊ သင်တို့သည် ငါချီးမြှင့်ခဲ့သည့် ဘဝ၏ စည်းစိမ် ချမ်းသာများကို သတိရ ထုတ်ဖော်ကြလော့။ ငါသည် သင်တို့အား ခေတ်ပြိုင် လူမျိုးစုများထက် 100 ထူးကဲ စေခဲ့၏။",""
48,"တစ်ဦးသည် တစ်ဦးကို ဖြည့်စွမ်းပေးနိုင်မည် မဟုတ်သော၊ ကြားဝင်ပေးသည်ကို သဘောတူမည် မဟုတ်သော၊ အစားပေး လဲလှယ်မှုကို လက်ခံမည် မဟုတ်သော၊ အကူအညီ ရရှိမည် မဟုတ်သော ကာလ အား သင်တို့ မျက်မှောက်ပြု စောင့်စည်းကြလော့။ 101",""
49,"ထို့ပြင် သင်တို့အား ဖှိရ်အောင်န်၏ နောက်လိုက်များက 102 သက်ရောက် စေခဲ့သော ရက်စက် ကြမ်းကြုတ် မှုများမှ ငါအရှင် လွတ်မြောက် စေခဲ့သည်ကို သတိရကြလော့။ သူတို့သည် သင်တို့မှ ကိုယ်စွမ်းကိုယ်စ ရှိသူတို့ကို 103 ချိုးနှိမ်၍၊ အစွမ်းအစ မရှိသူတို့အား အကြောင်းပြုကာ ရှင်သန်မှုကို ဆည်းပူး ကြ၏။ ဤသည်၌ သင်တို့အား ပျိုးထောင်မှု စနစ်နှင့် အညီ ဖွံ့ဖြိုး စေသော အရှင့်ထံမှ ကြီးစွာသော အရည်အချင်း ဖော်ထုတ်မှုသည် ရှိ၏။ 104",""
50,"တစ်ချိန်တွင် ငါသည် သင်တို့အဖို့ ပင်လယ်ဝ (မြစ်ရေပြင်) ကို 105 ပိုင်းခြားခဲ့၏။ ထိုသို့ဖြင့် သင်တို့အား လွတ်မြောက်စေ၍ သင်တို့ ရှေ့မှောက်၌ပင် ဖှိရ်အောင်န်နှင့် နောက်လိုက်များကို နစ်မြုပ် စေခဲ့၏။",""
51,"ထို့ပြင် ငါသည် မူဆာအား (သင်တို့နှင့်ခွဲခွာ၍) ညဥ့်ပေါင်းလေးဆယ် နေထိုင်ရန် ချိန်းချက်ခဲ့စဥ်၊ သင်တို့သည် သူ၏ နောက်ကွယ်တွင် နွားငယ်ကို ပြုလုပ် ကိုးကွယ်ကြ၏။ စင်စစ် သင်တို့သည် မတရား ကျူးကျော်သော သူများသာ ဖြစ်ကြ၏။@[ဆက်စပ်အာယဟ် [7:142]]",""
52,"ထို့နောက်တွင် ငါသည် သင်တို့၏ မှားယွင်းမှုကြောင့် ဖြစ်ပေါ်လာသော ဆိုးကျိုးကို ပပျောက်စေခဲ့၏။ သို့မှသာ သင်တို့သည် အရည်အသွေးများ တိုးတက်လာစေရန် ဆောင်ရွက်နိုင်မည် ဖြစ်သည်။ 106",""
53,"ငါသည် မူဆာအား ဥပဒေကျမ်း 107 (ဝါ) အမှားအမှန်ကို ပိုင်းခြားပေးသော ဥပဒေကို 108 ချီးမြှင့်ခဲ့၏။ သို့မှသာ သင်တို့သည် လူ့ဘဝ လမ်းစဉ်မှန်သို့ ရောက်ရှိ ကြပေမည်။",""
54,"ထို့နောက် မူဆာသည် မိမိမျိုးတူစုအား ဤသို့ဆို၏။ “အို- ကျွန်ုပ်၏ မျိုးတူစုတို့၊ အသင်တို့နွားငယ်ကို ကိုးကွယ်ခြင်းဖြင့် မိမိတို့ကိုယ်ကို အကျိုးယုတ် စေရာကို ဖန်တီးခဲ့ကြ၏။ သို့ဖြစ်ရာ သင်တို့သည် မိမိတို့အား ဖြစ်ထွန်းစေသော 109 အရှင့်ထံ ဝန်ချကြလော့။ မိမိတို့၏ မှားယွင်းသော စရိုက်ကို နှိပ်ကွပ်ကြလော့။ 110 ဤသည် သင်တို့အား ဖြစ်ထွန်းစေသော အရှင့်ထံ၌ အကောင်းဆုံး ဖြစ်၏။ သို့ဖြင့် အရှင်သည် သင်တို့၏ ဝန်ချမှုသို့ ပြန်လှည့်အံ့။ ဧကန်ပင် အရှင်သည် အကြိမ်ကြိမ် ပြန်လှည့်၍ လုံခြုံမှုပါဝင်သော ထောက်ပံ့မှုဖြင့် မြှင့်တင်အံ့။",""
55,"သင်တို့သည် “အို- မူဆာ၊ ကျွန်ုပ်တို့ အလ္လာဟ်ကို ထင်ထင် ရှားရှား မဖူးမြင်ရသမျှ 111 သင့်ကို အလျှင်း ယုံကြည်ကြမည် မဟုတ်ဟု” ဆိုကြစဥ်၊ ပြင်းထန်သော အသံက 112 သင်တို့ကို ဖမ်းဆီး နှိပ်ကွပ်ခဲ့၏။ ဤ အခြင်းအရာကို သင်တို့ ကိုယ်တိုင် မြင်တွေ့ကြ၏။",""
56,"တစ်ဖန် ငါသည် သင်တို့အား ရှင်သန်မှုမဲ့နေရာမှ 113 ပြန်လည် ရပ်တည်နိုင်စွမ်း ပြုပေးခဲ့၏။ သင်တို့သည် မိမိတို့၏ အရည်အချင်းများကို (လူ့ဘောင်အတွက်) ဖွင့်ထား နိုင်ရန်ဖြစ်သည်။ (တစ်နည်း) သင်တို့အဖို့ ရလဒ် ကောင်းများ ဖြစ်ထွန်းလာရန် ဖြစ်သည်။ *@*[2:52] အောက်ခြေ (၁၀၆)",""
57,"ငါသည် သင်တို့အား တိမ်များဖြင့် အရိပ်ပေး၍ ‘မန္န’ နှင့် ‘စလ်ဝါ’ ကိုချီးမြှင့်ခဲ့၏။ 114 ငါစီမံပေးသည့် ရိက္ခာများမှ စင်ကြယ်ရာကို စားသုံးကြလော့။ 115 သူတို့သည် ငါ၏ ပြဋ္ဌာန်းချက်အား ထိခိုက်ရန် ကျူးလွန် နိုင်ခြင်း မရှိ။ စင်စစ် မိမိတို့ ကိုယ်နှိုက်သာ အမိုက်မှောင်ထဲ ကျရောက်လျက် ရှိကြ၏။",""
58,"တစ်ချိန်တွင် ငါသည် ဤသို့မိန့်၏။ သင်တို့ ဤအရပ်သို့ ဝင်ရောက်ကြလော့၊ 116 ဆန္ဒရှိရာမှ ဖောဖောသီသီ သုံးစွဲကြလော့။ 117 (ငါ၏ လမ်းညွှန်ချက် များအား) ရိုကျိုးစွာ နာခံလျက် မြို့တံခါးသို့ ဝင်ကြလော့။ အပြစ်များမှ ချမ်းသာခွင့် ရရန် ပန်ကြားကြလော့။ 118 ငါသည် သင်တို့၏ အမှားများမှ ဖြစ်ပေါ်လာသော ဆိုးကျိုး များကို အကာအကွယ် ပြုပေးမည်။ ထို့ပြင်ဘဝကို ဟန်ချက်မျှစွာ တည်ဆောက်သော သူတို့အား ကောင်းကျိုး များကို တိုးပွားစေမည်။",""
59,"မတရား ကျူးကျော်သော သူတို့သည် ညွှန်ကြားချက် ကို ပြောင်းလဲ ခဲ့ကြ၏။ 119 ငါသည် ထိုကျူးကျော် သော သူတို့ အပေါ် ဆိုးကျိုးကို အထက်မှချမှတ် ပြဋ္ဌာန်း ခဲ့၏။ 120 စင်စစ် သူတို့၏ စည်းကမ်း ချိုးဖောက် မှုကြောင့် ဖြစ်ပေသည်။",""
60,"မူဆာသည် သူ့မျိုးတူစု အတွက် သောက်သုံးရေ ရရှိရန် ပြင်းပြသော ဆန္ဒဖြင့် ရှာဖွေခဲ့စဥ် ငါက သူ့အား သင်သည် ကျောက်ဆောင်ရှိရာသို့ မိမိအစုအဖွဲ့အား 121 ဦးဆောင်၍ ခရီးနှင်လော့ဟု 122 ညွှန်ကြားခဲ့၏။ ထို၌ စိမ့်စမ်း ဆယ့်နှစ်သွယ် စီးထွက်၍ အုပ်စုတိုင်းသည် မိမိတို့၏ သောက်သုံးရာကို မှတ်သားခဲ့ကြသည်။ သင်တို့ သည် အလ္လာဟ် စီမံပေးသော ရိက္ခာကို စားကြ သောက်ကြလော့။ ကမ္ဘာမြေ၌ မညီမျှမှုကို ဖန်တီးခြင်းဖြင့် မသောင်းကျန်း ကြနှင့်။",""
61,"သူတို့က “အို-မူဆာ၊ ကျွန်ုပ်တို့သည် အစာ တစ်မျိုးတည်းနှင့် အလျှင်း ရပ်တည်နိုင်ကြမည် မဟုတ်ပေ။ သို့ဖြစ်ရာ ကျွန်ုပ်တို့အဖို့ မြေမှ ပေါက်သော ဟင်းသီး ဟင်းရွက်၊ သခွားသီး၊ ဂျုံ၊ ပဲရာဇာ၊ ကြက်သွန် စသည်တို့ကို သင့်အား ပျိုးထောင်မှုစနစ် နှင့်အညီ ဖွံ့ဖြိုး စေသော အရှင့်ထံမှ တောင်းခံ၍ ပေးပါလေ” ဟု ဆိုရာ မူဆာက “သင်တို့သည် အလွန်ကောင်းသော အရာကို အလွန် ညံ့ဖျင်းသော အရာနှင့် လဲလှယ်လို ကြသလော၊ သင်တို့ တောင့်တသော အရာကို ရရှိဖို့ရန် မြို့တစ်မြို့သို့ ဝင်ရောက် နေထိုင်ကြလော့” ဟု ဆို၏။ သို့ဖြင့် သူတို့၏ သွေဖည် ဆန့်ကျင်မှုကြောင့် သူတို့၌ ဂုဏ်ရည် နိမ့်ကျခြင်း နှင့် နွမ်းပါးမှုတို့ သက်ရောက်ခဲ့သည်။ ထို့ပြင် အလ္လာဟ်၏ တုံ့ပြန်မှု ဥပဒေသအရ သိမ်ဖျင်းသော အခြေအနေများနှင့် ရင်ဆိုင်ခဲ့ကြရသည်။ ထို့ပြင် နဗီများ (၏လမ်းညွှန် ချက်များ) အား ရှင်သန်မှု မဲ့စေရန် သစ္စာမဲ့စွာ ပိတ်ဆို့ထား ကြသည်။ 123 ဤသည်ကား သူတို့၏ စည်းကမ်း ချိုးဖောက် မှုများနှင့် ဖီဆန် ပုန်ကန်ခြင်း တို့ ဖြစ်ပေသည်။",""
62,"ဧကန် စင်စစ် ယုံကြည်သူများ၊ ယဟူဒ်များ၊ နဆွော်ရာများ၊ ဆွော်ဗိအီများ၊ 124 မည်သူမဆို အလ္လာဟ်နှင့် (ရလဒ်အပြည့်အဝ ပုံပေါ်မည့်) နောက်ဆုံးနေ့ကို ယုံကြည်၍ အပြု သဘောဆောင်သော လုပ်ရပ်များကို ပြုကျင့် သည်ရှိသော် သူတို့အဖို့ မိမိတို့အား ပျိုးထောင်မှုစနစ် နှင့်အညီ ဖွံ့ဖြိုးစေသော အရှင့်ထံ၌ အစားပေးခြင်းသည် ရှိအံ့။ (ယင်းအစားပေးမှု၏ အခြေအနေမှာ) စိုးရိမ်မှု ကင်းခြင်းနှင့် ပူဆွေးမှု ကင်းခြင်းပင် ဖြစ်၏။",""
63,"တစ်ချိန်တွင် ငါသည် သင်တို့ထံမှ ပဋိညာဉ်ကို ယူ၍၊ သင်တို့အား မြင့်မားသော အဆင့်အတန်းသို့ တက်လှမ်းစေ ခဲ့၏။ 125 (ပဋိညာဉ်မှာ) သင်တို့အား ငါ ချီးမြှင့်သော အရာကို 126 စွဲမြဲစွာ ဆုပ်ကိုင်ထား ကြလော့။ ယင်း၌ ပါရှိရာများကို ထုတ်ဖော်ကြလော့။ သို့မှသာ သင်တို့သည် (မိမိတို့၏ အရည်အသွေးများ) ကို ထိန်းသိမ်းနိုင် ကြပေမည်။",""
64,"ထို့နောက် သင်တို့သည် ယင်း (ပဋိညာဉ်) ကို ကျောခိုင်းခဲ့၏။ အကယ်၍ အလ္လာဟ်၏ ကျေးဇူးပြုမှုနှင့် လုံခြုံမှု ပါဝင်သော ထောက်ပံ့ မြှင့်တင်မှုသာ 127 မရှိခဲ့လျှင် သင်တို့ အမှန်ပင် ပျက်စီး ဆုံးရှုံးသူများ၌ ပါဝင်သွား ကြပေမည်။",""
65,"၎င်းပြင် သင်တို့အနက် အားလပ်ရက်နှင့် စပ်လျဉ်း၍ 128 စည်းဖောက်ခဲ့ကြသော သူတို့အား ငါက “သင်တို့ သိမ်ဖျင်းသော မျောက်များ 129 ဖြစ်ကြ” ဟု မိန့်သည်ကို သင်တို့ မုချ သိကြ၏။",""
66,"သို့ဖြစ်ရာ ငါသည် သူတို့ ရှေ့မှောက် ရှိနေသူများနှင့် နောင်လာ နောက်သားတို့ အဖို့ ဤဖြစ်ရပ်ကို သံဝေဂ ရယူစရာ အဖြစ် စီမံခဲ့ပြီး၊ (ဘဝတွင် ကြုံတွေ့ရမည့် အကျပ်အတည်းများမှ မိမိတို့ကိုယ်ကို) ထိန်းသိမ်း ကာကွယ် မည့်သူတို့ အဖို့ အဆုံးအမအဖြစ်လည်း စီမံခဲ့၏။",""
67,"တစ်ချိန်တွင် မူဆာက သူ့မျိုးတူစုအား “အလ္လာဟ်သည် သင်တို့ကို နွားမ, တကောင် လှီးကြရန် ညွှန်ကြားသည်” 130 ဟု ဆိုရာ သူတို့က “သင်သည် ကျွန်ုပ်တို့အား ပြက်ရယ်ကျီစယ်နေသလော” ဟု တုံ့ပြန်ကြ၏။ မူဆာက “ကျွန်ုပ်သည် ပညာမဲ့တို့မှ မဖြစ်ရန် အလ္လာ့ဟ် (ဝဟ်ယ်) အားဖြင့် အကာအကွယ် ရယူပါ၏” ဟု ဆို၏။",""
68,"သူတို့က “ယင်းနွားမသည် မည်ကဲ့သို့သော နွားမမျိုး ဖြစ်သည်ကို ကျွန်ုပ်တို့ ရှင်းလင်းစွာ သိနိုင်ရန် သင့်အား ပျိုးထောင်မှုစနစ်နှင့် အညီ ဖွံ့ဖြိုးစေသော အရှင့်ထံ လျှောက်ထား မေးမြန်းပါလေ” ဟု ဆိုကြ၏။ မူဆာက “ယင်းနွားမသည် အိုလွန်းခြင်းလည်း မဟုတ်၊ ပျိုလွန်းခြင်းလည်း မဟုတ်၊ ယင်းနှစ်ခု အကြား အလတ်စား ဖြစ်ရမည်ဟု အရှင်က ညွှန်ကြား၏။ သင်တို့သည် ညွှန်ကြားခံကြရသည့် အတိုင်း လိုက်နာကြလော့” ဟု တုံ့ပြန်၏။",""
69,"သူတို့က “ယင်းနွားမ၏ အရောင်သည် အဘယ်သို့ ဖြစ်သည်ကို ကျွန်ုပ်တို့ ရှင်းလင်းစွာ သိနိုင်ရန် သင့်အား ပျိုးထောင်မှုစနစ်နှင့် အညီ ဖွံ့ဖြိုးစေသော အရှင့်ထံ လျှောက်ထား မေးမြန်းပါလေ” ဟု ဆိုကြပြန်သည်။ မူဆာက “ယင်းနွားမသည် ရှုစားသူတို့ ကြည်နူးကြမည့် ရွှေအိုရောင်အဆင်းရှိသည့် နွားပျိုမ ဖြစ်ရမည်ဟု အရှင်က ညွှန်ကြားသည်” ဟု ဆို၏။",""
70,"သူတို့က “နွားမများသည် ဆင်တူနေကြရာ အဘယ်နွားမ ဖြစ်ကြောင်း ကျွန်ုပ်တို့ ရှင်းလင်းစွာ သိနိုင်ရန် သင့်အား ပျိုးထောင်မှုစနစ် အားဖြင့် ဖွံ့ဖြိုးစေသော အရှင့်ထံ မေးမြန်းပါဦးလေ။ အကယ်၍သာ အလ္လာ့ဟ် စံချိန်နှင့် ကိုက်ညီလျှင် 131 ကျွန်ုပ်တို့သည် နည်းလမ်း မှန်ကန်စွာ ဆောင်ရွက်နိုင် ကြပေမည်” ဟု ခွန်းတုံ့ပြန် ကြ၏။",""
71,"မူဆာက “ယင်းနွားမသည် ထမ်းပိုးတင်၍ ပင်ပန်းစွာ စေခိုင်းခံရခြင်း၊ လယ်ထွန်ခြင်း၊ လယ်မြေကို ရေသွင်းခြင်း မရှိစေရ။ အပြစ်အနာအဆာ ကင်း၍ အကွက်အပြောက်များ မရှိစေရ” ဟု ဆို၏။ သူတို့က “သင်သည် ယခုမှ အမှန်ကို ဆောင်ခဲ့ပြီ” ဟုတုံ့ပြန် ကြ၏။ ထို့နောက် ယင်း (နွားမ) ကို လှီးလိုက် ကြသည်။ စင်စစ် သူတို့သည် ယင်းသို့ ဆောင်ရွက်လိုကြသည် မဟုတ်ချေ။@[ဆက်စပ်အာယဟ် [2:93] [5:101]]",""
72,"တစ်ချိန်တွင် သင်တို့သည် ဉာဉ်စရိုက်တစ်ခုကို 132 ဖိနှိပ်ခဲ့ကြပြီး၊ ၎င်းနှင့် ပတ်သက်၍ သဘောထား ကွဲလွဲခဲ့ ကြသည်။ အလ္လာဟ်သည် သင်တို့ ထိမ်ချန် ကြသည်ကို ဖော်ထုတ် ခဲ့လေပြီ။ 133",""
73,"ထို့နောက် ငါက “၎င်းနှင့် စပ်လျဉ်း၍ အချင်းချင်း နည်းလမ်းရှာ ကြံကြ” 134 ဟု ညွှန်ကြား၏။ ဤသို့ပင် အလ္လာဟ်သည် ရှင်သန်မှုမဲ့ရာကို ရှင်သန်စေ၏။ အရှင်သည် အသင်တို့ ဉာဏ်ကို စေစား အသုံးချနိုင်ရန် မိမိ၏ အာယားသ် (သက်သေပြ လမ်းညွှန်များ) ကို ပြသလေပြီ။",""
74,"တစ်ဖန် သင်တို့၏ စိတ်နှလုံးများသည် (သက်သေပြ လမ်းညွှန်မှုများ ရောက်ရှိခဲ့ပြီး) သည့်နောက်တွင်လည်း ခက်ထန်မာကျောခဲ့၏။ ယင်းသည် ကျောက်တုံးများကဲ့သို့ သို့မဟုတ် ထိုထက်ပင် မာကျောခဲ့၏။ အမှန်စင်စစ် ကျောက်တုံးများ အနက်မှ စမ်းချောင်းများ စီးထွက် သည်လည်း ရှိ၍၊ အက်ကွဲ၍ ရေများ စိမ့်ထွက် သည်လည်း ရှိ၏။ အလ္လာဟ်၏ (ပြဋ္ဌာန်းချက်အား) ကျို့ငဲ့သော အားဖြင့် ပြိုဆင်း သည်လည်း ရှိ၏။ အလ္လာဟ်သည် သင်တို့ ကျင့်ဆောင်သမျှကို လျစ်လျူရှု၊ မေ့လျော့သည် မဟုတ်ပေ။@[ဆက်စပ်အာယဟ်များ [59:21] [57:16]]",""
75,"သူတို့အနက်မှ အုပ်စုတစ်စုသည် 135 သင်တို့ကို ယုံကြည်ကြမည်ဟု လိုလား တောင့်တ နေကြသလော။ သူတို့သည် အလ္လာ့ဟ် စကားများကို ကြားနာပြီးနောက် နားလည် သိရှိပါလျက်နှင့် ပြောင်းလဲကြ၏။ 136",""
76,"သူတို့သည် ယုံကြည်သူတို့နှင့် တွေ့ဆုံကြသောအခါ “ကျွန်ုပ်တို့ သည်လည်း (ဤစနစ်မှန်ကန်ကြောင်း) ယုံကြည် ကြပါသည်” ဟု ဆိုကြ၏။ သို့ရာတွင် ကွယ်ရာ၌ အချင်းချင်းဆုံ ကြသောအခါ “သင်တို့သည် အလ္လာဟ်က ဖွင့်ဆို ပြသထားသည်များကို 137 သူတို့အား ပြောပြလိုက် ကြသလော။ ထိုသို့ဖြင့် သင်တို့ အား ပျိုးထောင်မှုစနစ် အားဖြင့် ဖွံ့ဖြိုးစေသော အရှင့်ပြဋ္ဌာန်းချက်နှင့် စပ်လျဉ်း၍ 138 အချေအတင် ဆွေးနွေးလာနိုင်သည်။ သင်တို့ ဤမျှပင် အသိဉာဏ် ကင်းမဲ့ကြသလော” ဟု ဆိုကြ၏။",""
77,"အလ္လာဟ်သည် သူတို့ လျှို့ဝှက်ထားရာနှင့် ထုတ်ဖော်ရာ တို့ကို သိမှုဥပဒေသဖြင့် အမှန်ပင် လွှမ်းခြုံ ထားကြောင်း သူတို့ မသိကြသလော။",""
78,"သူတို့တွင် အွန်မ္မီ (ဝါ) ဥပဒေကျမ်းကို မတတ်ကျွမ်းသော သူများလည်း 139 ရှိကြ၏။ တစ်ဆင့်ပြော စကားနှင့် ထင်မြင်ချက် ကိုသာလျှင် သိကြ၏။ (တစ်နည်း) ဥပဒေကျမ်းကို နားမလည်ဘဲ၊ ဖတ်ရုံသာ ဖတ်တတ်သော သူများလည်း ရှိကြ၏။ စင်စစ် သူတို့သည် ထင်မြင်ချက် ကိုသာလျှင် လိုက်နာကြ၏။ 140",""
79,"တန်ဖိုး အနည်းငယ်ဖြင့် ရောင်းစားရန် အလို့ငှာ 141 မိမိတို့၏ လက်များဖြင့် 142 ရေးသားသော ကျမ်းကို “ဤသည် အလ္လာ့ဟ် ပြဋ္ဌာန်းချက်မှ ဖြစ်သည်” 143 ဟု ပြောဆိုသူများသည် ပျက်စီး ရမည်သာတည်း။ ထိုသို့ဖြင့် မိမိတို့ လက်များက ရေးသားခြင်းနှင့် ဆည်းပူးခြင်း တို့ကြောင့် သူတို့ ပျက်စီး ကြရအံ့။",""
80,"သူတို့က “အပူမီးသည် ကျွန်ုပ်တို့အား ရက်အနည်းငယ်သာ သက်ရောက်မည်” ဟု ဆိုကြ၏။ 144 “သင်တို့ အလ္လာ့ဟ်ထံမှ ကတိစကား ရရှိထား ကြသလော။ သို့ဆိုလျှင် အလ္လာဟ်သည် မိမိ၏ ကတိစကား ကို ဖျက်လိမ့်မည် မဟုတ်။ သို့မဟုတ် အလ္လာ့ဟ်အပေါ် သင်တို့ မသိနားမလည်သော အကြောင်းအရာကို လီဆယ်၍ ပြောဆိုနေကြ သလော” ဟု သင် မေးမြန်းပါလေ။",""
81,"ထိုသို့ အလျှင်းမဟုတ်၊ အမှန်စင်စစ် အပျက် လုပ်ရပ်ကို ဆည်းပူးသူအား သူ၏ ဆိုးရွားသော အကျိုးဆက်က ဝန်းရံလေပြီ။ သူတို့သည် အပူမီး၏ အပေါင်းအဖော်များ ဖြစ်ကြ၏။ ယင်း၌ ကာလမဲ့ ရှိနေကြမည်။@ (ဆက်စပ်အာယဟ် [2:39])",""
82,"စင်စစ် မုအ်မင်န် (လုံခြုံမှုကို ယုံကြည်ချက်ဖြင့် တည်ဆောက်ကြ) ၍၊ ပြုပြင်ပြောင်းလဲမှုကို ဆောင်ရွက် ကြသောသူတို့သည် ဂျန္နဟ် (ဥယျာဉ်) ၏ ဘက်တော်သားများ ဖြစ်ကြ၏။ ယင်း၌ ကာလမဲ့ ရှိနေကြအံ့။@[[2:25]၊ အောက်ခြေ (၆၄) တွင် ကြည့်]",""
83,"တစ်ချိန်တွင် ငါသည် အိစ်ရာအီလ်၏ သားမြေးများထံမှ ‘သင်တို့ အလ္လာဟ်၏ ဩဇာခံ အဖြစ်သာလျှင် ဘဝတွင် နေထိုင်ကြလော့။ မိဘနှစ်ပါး၊ နီးစပ်သူများ၊ ခိုကိုးရာ မဲ့သူများ၊ ဖွံ့ဖြိုးမှု ရပ်တန့်နေသူများ အစ ရှိသူတို့နှင့် ကောင်းမွန်စွာ ဆက်ဆံ၍ ကျေးဇူးပြု ကြရန်၊ လူသား တစ်ရပ်လုံးအား လျော်ကန် သင့်မြတ်သော (တစ်နည်း) ညီညွတ် မျှတသော (တစ်နည်း) လိုက်ဖက် ညီသော စကားများ ပြောဆိုကြရန်၊ ဆွလာဟ် (အရည်အသွေး ပြည့်မီသော လူ့ဘောင်) တည်ဆောက်ကြ၍ (ထိုလူ့ဘောင်) ဖွံ့ဖြိုးရေးအား ဆောင်ရွက်ကြရန်’ ပဋိညာဉ်ယူခဲ့၏။ ထို့နောက် သင်တို့အနက် အနည်းငယ်မှ အပ (ယင်းပဋိညာဉ်မှ) ရှောင်လွှဲခဲ့ကြသည်။ သင်တို့သည် (မှန်ကန်သော ဘဝလမ်းစဉ်မှ) သွေဖည်သူများသာ ဖြစ်ကြ၏။@[ဆက်စပ်အာယဟ် [17:23-24]]",""
84,"ထို့ပြင် ‘သင်တို့သည် သွေးထွက်သံယိုမှု မပြုကြရန်၊ တည်ငြိမ်လုံခြုံသော အခြေအနေမှ မိမိတို့ကိုယ်ကို နှင်ထုတ်ခြင်း မပြုကြရန်’ 145 ကိုလည်း ပဋိညာဉ် ယူခဲ့၏။ ထို့နောက် သင်တို့သည် ဝန်ခံချက်ကို အတည်ပြုကြရုံမက သင်တို့ကိုယ်တိုင် သက်သေများ ဖြစ်ကြ၏။",""
85,"တစ်ဖန် သင်တို့သည် (သွေးထွက်သံယိုမှု ဖြစ်စေရန်) အချင်းချင်း ဖိနှိပ်ချုပ်ချယ်- သတ်ဖြတ် နှိမ်နင်းကြ၍ တည်ငြိမ်လုံခြုံသော အခြေအနေမှ အုပ်စုတစ်စုကို နှင်ထုတ်ကြ၏။ သင်တို့သည် ချည့်နဲ့မှုနှင့် စိတ်ဝမ်းကွဲ၍ ကျိုးယုတ် နစ်နာမှုတို့ကို အားပေး အားမြှောက် ပြုကြ၏။ သို့ရာတွင် သင်တို့ထံ သုံ့ပန်းများ ရောက်လာလျှင်မူ ရွေးယူကြ၏။ စင်စစ် သူတို့အား နှင်ထုတ်ခြင်းသည် တားမြစ်ချက်တစ်ရပ် ဖြစ်ပေသည်။ သင်တို့သည် ကျမ်းဂန်မှ အစိတ်အပိုင်းအချို့ကို ယုံကြည်ကြ၍ အချို့ကို ငြင်းပယ်ကြသလော။ သင်တို့အနက် ထိုသို့ ကျင့်မူသော သူတို့အဖို့ လောကီ သက်တမ်း၌ အရှက်ရစေ၍ ယောက်ဝ်မွတ်လ် ကိယာမဟ် (အကျိုးဆက်များ အပြည့်အဝ ပုံပေါ်မည့်ကာလ) ၌ ပို၍ ပြင်းထန်သော ဒဏ်ခတ်မှုသို့ သက်ရောက်စေအံ့။ စင်စစ် အလ္လာဟ် (၏ တုံ့ပြန်ရလဒ်) သည် သင်တို့ ပြုကျင့် သမျှကို လျစ်လျူရှုမည် မဟုတ်ပေ။",""
86,"သူတို့သည် အနာဂတ်ဘဝ ရှင်သန်မှုအစား ဤပစ္စုပ္ပန်ဘဝ (၏ လတ်တလောအကျိုး) ကို ဦးစားပေး လဲလှယ် ခဲ့ကြ၏။ သို့ဖြစ်ရာ ဒဏ်ခတ်ခံရမှု၌ လျော့ပါး စေခြင်း ခံကြရမည် မဟုတ်။ ကူညီမှုကို လည်း ရရှိကြမည် မဟုတ်ပေ။",""
87,"မုချဧကန် ငါသည် မူဆာအား ဥပဒေကျမ်းကို ချီးမြှင့်ခဲ့၏။ သူ၏ နောက်တွင် ရစူလ်များကို (အချိန်အခါနှင့် လျော်ညီစွာ) အစဉ်မပြတ် စေလွှတ်ခဲ့၏။ မရ်ယန်မ်၏သား အီစာအား ရှင်းလင်းချက်များ (ပါဝင်သော ကျမ်းဂန်) ကို ချီးမြှင့်ခဲ့၏။ (ဆိုလိုသည်မှာ) ငါသည် သူ့အား ထူးကဲသော ဉာဏ်စဉ် (ဝါ) ဝဟ်ယ်အားဖြင့် 146 အားဖြည့်ပေးခြင်းဖြစ်၏။ ရစူလ်တစ်ပါး ရောက်လာသည့် အခါတိုင်း သင်တို့စိတ်၌ မနှစ်သက်သော လမ်းညွှန်မှုကြောင့် မောက်မာခဲ့ကြသည် မဟုတ်လော။ တစ်ဖန် ရစူလ်များအနက်မှ တစ်စု (၏ တရားဓမ္မ) ကို မမှန်မကန်ဟု စွပ်စွဲကြပြီး၊ တစ်စု (၏ တရားဓမ္မ) ကို ရှင်သန်မှုမဲ့ စေရန် ပြုလုပ် ခဲ့ကြ၏။ 147",""
88,"သူတို့က “ကျွန်ုပ်တို့၏ စိတ်နှလုံးများသည် ဖုံးအုပ်လျက် ရှိနေပြီ” 148 ဟု ဆိုကြ၏။ စင်စစ်တွင် သူတို့၏ သွေဖည် ဆန့်ကျင်မှုကြောင့် အလ္လာဟ်သည် (မိမိ၏) လုံခြုံမှု ပါဝင်သော ထောက်ပံ့ မြှင့်တင်မှုမှ ဝေးကွာ စေခဲ့ခြင်း ဖြစ်သည်။ သို့ဖြစ်ရာ သူတို့သည် (မိမိတို့ အကျိုးဖြစ်မည်ဟု ယူဆသော အချက်အလက်) အနည်းငယ် မျှကိုသာ ယုံကြည်ကြ၏။",""
89,"သူတို့ ထံ၌ရှိသော (ကျမ်းဂန်) ကို ဖြောင့်မတ်စေရန် 149 ပြုပေးမည့်ကျမ်း တစ်စောင်သည် အလ္လာ့ဟ် ပြဋ္ဌာန်းချက် နှင့်အညီ ရောက်ရှိလာသောအခါ၊ သူတို့သည် ယခင် (ကုရ်အာန် မချမှတ်မီ) က ငြင်းဆန်ခဲ့သော သူတို့အပေါ် (ကုရ်အာန်အားဖြင့်) လွှမ်းမိုး လိုကြ၏။ 150 သို့ရာတွင် သူတို့ အသိအမှတ်ပြုသော (ကျမ်းဂန်) ရောက်ရှိ လာသောအခါ၌မူ (ကိုယ်တိုင်ပင်) ငြင်းပယ် ခဲ့ကြ၏။ သို့ဖြစ်ရာ လုံခြုံမှုကို သွေဖည် ဆန့်ကျင်သော သူတို့၌ အလ္လာဟ် ပြဋ္ဌာန်းထားသည့် လုံခြုံမှု ပါဝင်သော ထောက်ပံ့ မြှင့်တင်မှုမှ ကင်းဝေးခြင်းသည် အတည်ဖြစ် ခဲ့၏။",""
90,"သူတို့သည် မိမိတို့၏ ကိုယ်ရည် ကိုယ်သွေးများနှင့် လဲလှယ်သော အရာသည် ဆိုးရွားလှ၏။ ယင်းသည် အလ္လာဟ် ချမှတ်သော (ကုရ်အာန်) ကို ငြင်းပယ်ခြင်းပင် ဖြစ်၏။ (ထိုသို့ ငြင်းပယ်ရခြင်းမှာ) အလ္လာဟ်က မိမိ ဥပဒေသအရ ဩဇာခံများအနက်မှ စံချိန်ပြည့်မီသူကို မိမိ၏ ကျေးဇူးတော်ဖြင့် (ကုရ်အာန်) ချမှတ် ပေးမှု အပေါ် မနာလိုကြ၍ ဖြစ်သည်။ သို့ဖြစ်ရာ သူတို့၌ အရည်အချင်း ဖြစ်ထွန်းမှု ပိတ်ဆို့ခံရခြင်း အပေါ် ထပ်ဆင့် ပိတ်ဆို့ခံကြရန် အတည် ဖြစ်ခဲ့ပြီ။ ဆုတ်ယုတ် ညံ့ဖျင်းသော ဒဏ်ခတ်မှု သည် ကာဖှိရ် (လုံခြုံမှုကို သွေဖည် ဆန့်ကျင်သောသူ) တို့အဖို့သာ ဖြစ်၏။",""
91,"“သင်တို့ အလ္လာ့ဟ်ထံမှ ချမှတ်လာသော (ကုရ်အာန်) ကို ယုံကြည် (၍ တည်ငြိမ် လုံခြုံသော ဘဝကို တည်ဆောက်) ကြ” ဟု ပြောဆိုသောအခါ သူတို့က “ကျွန်ုပ်တို့သည် မိမိတို့ထံ ပို့ချခံရသော (သောက်ဝ်ရာသ်) ကိုသာ ယုံကြည်ကြသည်” ဟု တုံ့ပြန်ကြ၏။ ထိုသို့ဖြင့် သူတို့သည် (သောက်ဝ်ရာသ်) မှအပဖြစ်သော ကျမ်းကို ငြင်းပယ် ကြ၏။ စင်စစ် (ကုရ်အာန်) သည် သစ္စာတရား ဖြစ်သည့်ပြင် သူတို့ထံ၌ ရှိသော ကျမ်းဂန် ကို ဖြောင့်မတ် စေသည့် ကျမ်းပင်ဖြစ်၏။ သူတို့အား “သင်တို့ ယုံကြည်သူများ ဖြစ်ကြလျှင် အလ္လာဟ်က စေလွှတ်ခဲ့သော ယခင်က နဗီများ (၏လမ်းစဉ်) ကို အဘယ့်ကြောင့် အဓွန့်ရှည်ခွင့် မပြုကြသနည်း” ဟု မေးမြန်းပါလေ။",""
92,"ထို့ပြင် သင်တို့ထံ မူဆာသည် ရှင်းလင်းသော သက်သေ အထောက်အထား (ဥပဒေကျမ်း) ဖြင့် အမှန်ပင် ရောက်လာခဲ့၏။ ထို့နောက် မူဆာ၏ နောက်ကွယ်တွင် သင်တို့ နွားငယ်ကို ကိုးကွယ်ရာ ပြုလုပ်ခဲ့ ကြသည်။ စင်စစ်သင်တို့သည် ကျူးကျော်၊ မိုက်မဲသော သူများသာ ဖြစ်ကြ၏။",""
93,"တချိန်တွင် ငါသည် သင်တို့ထံမှ ပဋိညာဉ်ကို ယူ၍၊ သင်တို့အား မြင့်မားသော အဆင့်အတန်းသို့ တက် လှမ်းစေခဲ့၏။ 151 (ပဋိညာဉ်မှာ) သင်တို့အား ငါချီးမြှင့်သော အရာကို စွဲမြဲစွာ ဆုပ်ကိုင် ထားကြလော့။ နာယူကြလော့။ သူတို့က “ကျွန်ုပ်တို့ကြားနာကြပါ၏။ သို့သော်မနာခံကြပါ” ဟု တုံ့ပြန်ကြ၏။ စင်စစ် သူတို့၏ သွေဖည်မှုကြောင့် စိတ်ခံစားချက်တွင် နွားငယ်ကို ကြည်ညိုမှုသည် စိမ့်ဝင်ခဲ့လေပြီ။ “သင်တို့သည် (နွားငယ်ကို) ယုံကြည်ကြလျှင် သင်တို့၏ ယုံကြည်မှုက ညွှန်ကြားသော အရာသည် လွန်စွာဆိုးယုတ်လှ၏” ဟု ပြောဆိုပါလေ။",""
94,"သင် ပြောလော့။ “အလ္လာ့ဟ် ပြဋ္ဌာန်းချက်အရ ဖြစ်သော အနာဂတ်ရှင်သန်မှု အတွက် နားခိုရမည့် ဌာနေသည် အခြားသူတို့နှင့် မသက်ဆိုင်ပဲ သင်တို့ အတွက်သာ ဖြစ်သည်ဟူသော ပြောဆိုမှု မှန်လျှင် သေခြင်း ကို တောင့်တကြလော့”။@[ဆက်စပ်အာယဟ်များ [5:18] [2:80] [2:111] [11:7] [67:2]]",""
95,"သူတို့သည် မိမိတို့၏ အစွမ်းအစများဖြင့် ကြိုတင်ပို့ထားသော (မကောင်းမှုများ) ကြောင့် သေခြင်းကို အလျှင်း တောင့်တကြမည် မဟုတ်ချေ။ အလ္လာဟ်သည် ကျူးကျော်၊ မိုက်မဲသူတို့ကို သိမှု ဥပဒေသဖြင့် လွှမ်းခြုံသိရှိ၏။",""
96,"သူတို့သည် အခြား လူသားတို့ ထက်သာမက မုရှ်ရစ်က်တို့ထက်ပင် 152 အသက်ရှင်ခြင်းကို ပို၍ မက်မောသူများ ဖြစ်ကြောင်း သင်တွေ့လိမ့်မည်။ သူတို့ တစ်ဦးစီသည် နှစ်တစ်ထောင် အသက်ရှင် လိုကြသည်။ ထိုသို့ သက်တမ်းရှည် ခဲ့လျှင်လည်း ပြစ်ဒဏ်မှ ကင်းလွတ်ရန် အခွင့်အရေး ရှိမည်မဟုတ်။ အလ္လာဟ်သည် သူတို့ ပြုကျင့်သမျှကို သိမြင်မှု ဥပဒေသဖြင့် လွှမ်းခြုံထား၏။",""
97,"သင် ပြောလော့၊ “မည်သူသည် ဂျိဗ်ရီးလ်ကို 153 ရန်မူအံ့။ စင်စစ် ဂျိဗ်ရီးလ်သည် အလ္လာဟ်၏ ဥပဒေသ နှင့်အညီ သင့်စိတ်နှလုံး၌ ကုရ်အာန်ကို ချမှတ်ခဲ့၏။ ကုရ်အာန်သည် သူ့ရှေ့မှောက်ရှိသော (ကျမ်း) ကိုဖြောင့်မတ်စေခဲ့၏။ ထို့ပြင် လုံခြုံမှုကို ယုံကြည်ချက်ဖြင့် တည်ဆောက်သော သူတို့အဖို့ ဘဝလမ်းညွှန်နှင့် သတင်းကောင်းလည်း ဖြစ်၏။ ”",""
98,"မည်သူမဆို အလ္လာဟ်၊ မလာအိကဟ်၊ အလ္လာ့ဟ် ရစူလ်များ၊ ဂျိဗ်ရီးလ်နှင့် မီကားလ်တို့ကို 154 ရန်သူဟု သတ်မှတ်အံ့။ သို့ဆိုလျှင် အလ္လာဟ်သည် (မိမိပြဋ္ဌာန်းထားသည့် ကောင်းကျိုးများမှ) ကာဖှိရ် (လုံခြုံမှုကို သွေဖည် ဆန့်ကျင်သောသူ) တို့အား ကင်းဝေးစေအံ့။ 155",""
99,"ဧကန် စင်စစ် ငါသည် သင့်ထံသို့ ရှင်းလင်းသော အာယားသ် (သက်သေပြ လမ်းညွှန်များ) ကို ချမှတ်ခဲ့၏။ စည်းမျဉ်း ချိုးဖောက်သော သူများမှအပ ၎င်းကို သွေဖည် ဆန့်ကျင်မည် မဟုတ်ပေ။",""
100,"သူတို့အနက်မှ အုပ်စု တစ်စုသည် ကတိပြုသည့် အခါတိုင်း ၎င်းကို ဖောက်ဖျက်ကြသည် မဟုတ်လော။ အမှန်စင်စစ် သူတို့မှ အများစုသည် ယုံကြည်ကြသည် မဟုတ်ပေ။",""
101,"သူတို့၌ ရှိသော ဥပဒေကျမ်းကို ဖြောင့်မတ် စေရန်အတွက် အလ္လာ့ဟ်ထံမှ ရစူလ်တစ်ပါး ရောက်လာ၏။ ထိုအခါ ဥပဒေကျမ်းကို ချီးမြှင့်ခံကြရသော သူတို့မှ လူတစ်စုသည် အလ္လာဟ်၏ ဥပဒေကျမ်းကို မသိဟန်ဆောင်၍ ကျောခိုင်းလိုက်ကြသည်။",""
102,"သူတို့သည် စုလိုင်မာန် အုပ်ချုပ်စဉ်က ရှယာသီးန် (အဖျက်သမားများ) လေ့လာလိုက်စား ကြရာကို လိုက်နာကြ၏။ စင်စစ် စုလိုင်မာန်သည် သွေဖည်ဆန့်ကျင် သည်မဟုတ်။ သို့ရာတွင် အဖျက်သမားများကမူ သွေဖည် ဆန့်ကျင်ကြ၏။ သူတို့သည် လူတို့အား ပယောဂ အတတ်ကို သင်ကြားပေးကြ၏။ (စင်စစ်သူတို့ ဖန်တီးကြ သကဲ့သို့) ဘေဘီလုံမြို့ရှိ ဟာရူးသ်နှင့် မာရူးသ် မည်သော နတ်သား နှစ်ပါးအပေါ် 156 (မည်သည့်စုန်း ပယောဂ အတတ်ကိုမျှ) ချမှတ်ခဲ့သည် မဟုတ်။ 157 (သူတို့က ဆက်၍ ဆိုကြသည်မှာ) ထိုနှစ်ပါးက မည်သူ့ကိုမျှ “ကျွန်ုပ်တို့သည် စမ်းသပ်မှုတစ်ရပ်သာ ဖြစ်ရာ သင်သည် သွေဖည်မှုမပြုနှင့်” ဟု မပြောဆိုဘဲ ယင်းကို သင်ကြားပေးသည် မဟုတ် (ဟူ၍လည်း ဆိုကြ၏)။ သို့ဖြစ်လင့်ကစား သူတို့ထံမှ လင်မယားခွဲခြင်း အတတ်ကို သင်ယူကြသည် (ဟူ၏)။ စင်စစ် သူတို့သည် အလ္လာ့ဟ် ဥပဒနှင့် ညီညွတ်မှု မရှိဘဲ မည်သူ့ကိုမျှ ထိုအတတ်ဖြင့် 158 နစ်နာစေနိုင်သည် မဟုတ်။ သူတို့သည် မိမိတို့ကိုသာ နစ်နာစေပြီး၊ ကောင်းကျိုး မဖြစ်စေသော စုန်းအတတ်ကို သင်ယူကြ၏။ စင်စစ် ယင်းအတတ်ကို ရွေးချယ် သူတို့အဖို့ အနာဂတ် ဘဝတွင် မည်သည့် ဝေစုမျှ မရှိကြောင်းကို သူတို့ မုချ သိကြ၏။ သူတို့ မိမိတို့၏ ကိုယ်ရည်ကိုယ်သွေး များဖြင့် ဖလှယ်သောကိစ္စသည် ယုတ်ညံ့လှ၏။ သူတို့ သိကြပါလျှင် ကောင်းစွ။",""
103,"သူတို့ ပကတိအရှိကို ယုံကြည်ကြ၍ (ကိုယ်ရည်ကိုယ်သွေးကို) ထိန်းသိမ်းကြလျှင် အလ္လာဟ်ထံမှ (တုံ့ပြန်မည့်) အကျိုးဆက်သည် အကောင်းဆုံးပင် ဖြစ်အံ့။ ဤသည်ကို သူတို့ သိကြလျှင် ကောင်းစွ။",""
104,"အို- မုအ်မင်န် (လုံခြုံမှုကို ယုံကြည်ချက်ဖြင့် တည်ဆောက်သောသူ) တို့၊ သင်တို့သည် ‘ရာအိနာ’ 159 “ကျွန်ုပ်တို့ကို ထောက်ထားပါ” ဟူသောပုဒ်ကို မသုံးနှုန်းကြနှင့်။ ‘အွန် (န်) ဇွတ်ရ်နာ’ “ကျွန်ုပ်တို့ကို ရှုပါ” ဟူ၍ ဆိုကြလော့။ ထို့ပြင် သင်တို့ နားထောင်ကြလော့။ စင်စစ်ကာဖှိရ် (သွေဖည် ဆန့်ကျင် သောသူ) တို့ အဖို့ နာကျင်ဖွယ် အရေးယူ ဒဏ်ခတ်မှုသည် ရှိ၏။",""
105,"ရှေးကျမ်းရ ပုဂ္ဂိုလ်များနှင့် မုရှ်ရစ်က်တို့ အနက်မှ သွေဖည် ဆန့်ကျင်သော သူတို့သည် သင်တို့ထံ သင်တို့အား ပျိုးထောင်မှုစနစ် အားဖြင့် ဖွံ့ဖြိုးစေသော အရှင့်ထံမှ ကောင်းကျိုး သက်ရောက် လာခြင်းကို 160 မနှစ်သက်ကြချေ။ အလ္လာဟ်သည် မိမိ၏ လုံခြုံမှုပါဝင်သော ထောက်ပံ့မြှင့်တင်မှု စည်းမျဉ်းအရ စံချိန်ပြည့်မီသူအား ရွေးချယ်၏။ စင်စစ်အလ္လာဟ်သည် ကြီးကျယ်သော ကျေးဇူးပြုမှုကို ပိုင်ဆိုင်၏။",""
106,"ငါသည် မည်သည့် အာယဟ် (သက်သေပြလမ်းညွှန်) တစ်ရပ်ကိုမဆို ရပ်စဲလျှင်၊ 161 သို့မဟုတ် မေ့ပျောက်စေလျှင် 162 ပို၍ ကောင်းမွန်သော၊ သို့မဟုတ် ထပ်တူဖြစ်သော အာယဟ်ကို ပို့ချ၏။ ဧကန် အမှန်အလ္လာဟ်သည် အရာခပ်သိမ်းအပေါ် အတိုင်းအတာ သတ်မှတ်ချက်များ နှင့်အညီ စနစ်တကျ ချုပ်ကိုင်ထားသည်ကို သင် မသိပါသလော။",""
107,"စင်စစ် ဧကန် အလ္လာဟ်သည် စကြဝဠာများနှင့် ကမ္ဘာဂြိုဟ်တို့၏ စိုးပိုင်ရှင် ဖြစ်သည်ကို သင်မသိပါ သလော။ စင်စစ် သင်တို့၌ အလ္လာဟ်မှလွဲ၍ တာဝန်ယူ စောင့်ရှောက်သူနှင့် ကူညီမည့်သူ ဟူ၍ မရှိချေ။",""
108,"သင်တို့သည် မိမိတို့၏ ရစူလ်အား ရှေးယခင်က မူဆာမေးမြန်း ခံရသည့်ပမာ မေးမြန်းကြရန် ဆန္ဒရှိကြသလော။ မည်သူမဆို ယုံကြည်ချက်ကို ငြင်းပယ်ခြင်းဖြင့် လဲလှယ်ပါမူ ဧကန်ပင် ဖြောင့်မတ်သော လမ်း စဉ်မှ လွဲချော်လေပြီ။",""
109,"ကျမ်းရသူတို့ အနက်မှ များစွာသော သူတို့သည် သင်တို့ကို ယုံကြည်ပြီးနောက် ငြင်းပယ်သူအဖြစ်သို့ ပြန် လည်ရောက်ရှိ စေလိုကြ၏။ (ဤသည်) သူတို့အဖို့ အမှန်တရား ထင်ရှားပြီး ဖြစ်ပါလျက် သူတို့စိတ်ထဲရှိ မနာလိုမှုကြောင့် ဖြစ်ပေသည်။ သို့ဖြစ်ရာ အလ္လာဟ်၏ ညွှန်ကြားချက် ရောက်ရှိလာသည့်တိုင် သင်တို့ ခွင့်လွှတ်ကြပြီး၊ လျစ်လျူရှုကြလော့။ မလွဲဧကန် အလ္လာဟ်သည် အရာခပ်သိမ်းအပေါ် အတိုင်းအတာ သတ်မှတ်ချက်များနှင့် အညီ စနစ်တကျ ချုပ်ကိုင်ထား၏။@[ဆက်စပ်အာယဟ်များ [5:13] [15:85] [73:10] [74:11]]",""
110,"ထို့ပြင် သင်တို့ ဆွလာ့ဟ် (အရည်အချင်း ပြည့်မီသော လူ့ဘောင်) ကို တည်ဆောက်ကြလော့။ (ယင်းလူ့ဘောင်ဘက်စုံ) ဖွံ့ဖြိုးရေးကို ဆောင်ရွက် ကြလော့။ သင်တို့ အရည်အသွေး တိုးတက်ရေး အတွက် ကြိုတင် ဆောင်ရွက်ကြသော ကောင်းကျိုး များကို အလ္လာ့ဟ်တုံ့ပြန်မှု ဥပဒေသအရ သင်တို့ တွေ့ရှိကြရအံ့။ ဧကန်အမှန် အလ္လာဟ်သည် သင်တို့ ပြုကျင့်သမျှကို သိမြင်မှု ဥပဒေသဖြင့် လွှမ်းခြုံ ထား၏။",""
111,"သူတို့က ဂျူးနှင့် ခရစ်ယာန်တို့မှ အပ ဂျန္နဟ် (ဥယျာဉ်) သို့ မည်သူမျှ အလျှင်း ဝင်ရောက်နိုင်မည် မဟုတ်ဟု ဆိုကြ၏။ 163 ဤသည် သူတို့၏ အာသာဆန္ဒပင် ဖြစ်၏။ သင်သည် သူတို့အား “သင်တို့ မှန်ကန်စွာ ပြောဆိုကြသည် ဖြစ်မူ အထောက်အထား ယူလာကြလော့” ဟု တောင်းဆို ပါလေ။",""
112,"ထိုသို့ အလျှင်း မဟုတ်။ စင်စစ်တွင် မည်သူမဆို ငြိမ်းချမ်းမှုကို ပုံဖော်ရန် မိမိကိုယ်ကို (တစ်နည်း) မိမိ၏ ရှေးရှုမှုူကို အလ္လာ့ဟ် (ပြဋ္ဌာန်းချက်) နှင့်အညီ ညီညွတ်မျှတ၊ အချိုးအဆကျစွာ နေထိုင် ကျင့်ကြံသည်ရှိသော် သူ့အဖို့ အစားပေးမှုသည် အရှင့်ထံ၌ရှိမည်။ (ယင်းအစားပေးမှု၏ သဏ္ဌာန်မှာ) သူတို့ အဖို့ စိုးရိမ်မှု ကင်းခြင်းနှင့် ပူဆွေးမှု ကင်းခြင်းပင် ဖြစ်၏။@[ဆက်စပ်အာယဟ်များ [4:125] [7:180] [31:22] [41:40]]",""
113,"ယဟူဒီတို့က ခရစ်ယာန်တို့အား မည်သည့် အခြေခံပေါ်၌မျှ တည်ရှိသည် မဟုတ်ဟု ဆိုကြ၍၊ ခရစ်ယာန်တို့ကလည်း ယဟူဒီတို့ကို မည်သည့် အခြေခံပေါ်၌မျှ တည်ရှိသည် မဟုတ်ဟု ဆိုကြ၏။ စင်စစ် သူတို့သည် ကျမ်းစာကို လေ့လာလိုက်စားနေကြ၏။ ထိုနည်းတူစွာ အသိပညာ မရှိသော သူတို့ကလည်း သူတို့ ပြောဆိုကြသကဲ့ သို့ပင် ပုတ်ခတ် ပြောဆိုကြ၏။ သို့ဖြစ်ရာ အလ္လာဟ်သည် ယောက်ဝ်မွတ်လ် ကိယာမဟ် (ရလဒ်များ အပြည့်အဝ ပုံပေါ်လာမည့် ကာလ) တွင် သူတို့ ကွဲလွဲနေကြသော အချက်များနှင့် စပ်လျဉ်း၍ စီရင်ဆုံးဖြတ်မည်။",""
114,"အလ္လာဟ်၏ မစာဂျိဒ် 164 ၌ အလ္လာ့ဟ် လမ်းညွှန် အဆုံးအမကို အသိအမှတ်ပြု ထုတ်ဖော်ခြင်းမှ 165 တားမြစ်၍၊ ၎င်း၏ တည်ရှိမှုကို ဖြိုဖျက်ရန် ကြိုးပမ်းသူထက် ကျူးကျော် မိုက်မဲသူ မည်သူရှိအံ့နည်း။ သူတို့ကိုယ်တိုင် ကျိုးနွံကြောက်ရွံ့စွာ မစာဂျိဒ် အတွင်းသို့ ဝင်ရောက်သင့်၏။ သူတို့အတွက် ဤလောကတွင် အရှက်ရခြင်းနှင့် အနာဂတ်ဘဝ ရှင်သန်မှုတွင် ကြီးမားသော အရေးယူ ဒဏ်ခတ်မှုသည် ရှိနေ၏။",""
115,"နေထွက်ရာ နေဝင်ရာတိုင်းသည် အလ္လာဟ်၏ အချုပ်အခြာအောက်၌ ရှိသည်။ 166 သင်တို့ မည်သည့် အရပ်သို့ လှည့်သည် ဖြစ်စေ အလ္လာဟ်၏ မျက်မှောက်ပင် ဖြစ်၏။ 167 ဧကန် စင်စစ် အလ္လာဟ်၏ သိမှု နယ်ပယ်သည် ကျယ်ပြော၏။",""
116,"စင်စစ် သူတို့က “အလ္လာဟ်သည် သားတစ်ယောက် ပြုလုပ်ထားသည်” ဟု ဆိုကြသည်။ 168 ဤဝါဒဖြန့်မှုမှ အလ္လာဟ်သည် ကင်းစင်၏။ စင်စစ် မိုးများနှင့် မြေကမ္ဘာ၌ ရှိသမျှတို့သည် အလ္လာဟ်၏ အချုပ်အခြာ၌ ရှိ၏။ ခပ်သိမ်းကုန် သည် အလ္လာဟ်၏ ပြဋ္ဌာန်းချက်များနှင့် အညီ ပုံဖော်လျက် ရှိကြ၏။",""
117,"မိုးများနှင့် ပထဝီမြေကို ပုံစံတူမရှိ တီထွင်သူမှာ 169 အလ္လာဟ်ပင် ဖြစ်၏။ မည်သည့် အခါ၌မဆို အရှင်က တစ်စုံ တစ်ခုကို ဖြစ်ပေါ်လာရန် ပြဋ္ဌာန်းလျှင် “ဖြစ်” ဟု ဆိုရုံမျှနှင့် အဆင့်ဆင့် ဖြစ်ပေါ်လာ၏။ 170",""
118,"အသိပညာ ကင်းမဲ့သူတို့က “အလ္လာဟ်သည် အဘယ်ကြောင့် ကျွန်ုပ်တို့အား စည်းမျဉ်း ဥပဒေများကို မပြောပြပါသနည်း၊ 171 သို့မဟုတ် ကျွန်ုပ်တို့ထံ အာယဟ် (သက်သေပြလမ်းညွှန်) တစ်ရပ်ကို အဘယ်ကြောင့် မပို့ချပါ သနည်း” ဟုမေးမြန်းကြ၏။ ရှေးက (အသိပညာမဲ့သူတို့ ကလည်း) ထိုသို့ပင် ထပ်တူ ပြောဆိုခဲ့ကြ၏။ သူတို့၏ စိတ်နှလုံးများသည် ဆင်တူကြ၏။ ငါသည် သံသယမဲ့ ယုံကြည် သူတို့အား အာယားသ် (သက်သေပြလမ်းညွှန်များ) ကို အမှန်ပင် ရှင်းလင်းစွာ ဖော်ပြခဲ့ပြီးဖြစ်သည်။",""
119,"ဧကန်အမှန် ငါသည် သင့်အား သစ္စာတရားနှင့်တကွ သတင်းကောင်းပါးသူ၊ သတိပေး နှိုးဆော်သူအဖြစ် စေလွှတ်ခဲ့၏။ ဂျဟီးမ် (ဖွံ့ဖြိုးတိုးတက်မှုများ ဆိတ်သုဉ်းသွားမှုနှင့်) ရင်ဆိုင်ကြရသော သူတို့နှင့် ပတ်သက်၍ သင့်အား မေးမြန်းမည် မဟုတ်။@[ဆက်စပ်အာယဟ် [13:40]]",""
120,"ဂျူးနှင့် ခရစ်ယာန်တို့သည် သူတို့၏ လမ်းစဉ်ကို သင် မလိုက်နာသမျှ သင့်အား လုံးဝ ကျေနပ်ကြမည် မဟုတ်ပေ။ သင်ပြောလော့ “အလ္လာဟ်၏ လမ်းညွှန်မှုသည်သာ လမ်းညွှန်မှန်ဖြစ်၏” သင့်ထံ အသိပညာ ရောက်ရှိပြီးမှ သူတို့၏ ဖြစ်လိုဇောနောက် လိုက်ပါလျှင် အလ္လာဟ်၏ (အရေးယူမှု) မှ ကာကွယ်မည့်သူနှင့် ကူညီ စောင်မမည့်သူ ဟူ၍ သင့်၌ တစ်ဦး တစ်ယောက်မျှ ရှိမည် မဟုတ်ပေ။@[ဆက်စပ်အာယဟ်များ [7:3] [10:109] [13:37]]",""
121,"ငါက သူတို့ကို ဥပဒေကျမ်းဂန် ချီးမြှင့်ခဲ့၏။ ယင်း ဥပဒေကျမ်းကို ပကတိအတိုင်း 172 လေ့လာ လိုက်စားကြ သောသူတို့သည် ယုံကြည်သူ (အစစ်အမှန်) များဖြစ်ကြ၍၊ သွေဖည်သော သူတို့သာလျှင် ဆုံးရှုံးမည့်သူများ ဖြစ်ကြ၏။",""
122,"အို- အိစ်ရာအီလ်၏ သားမြေးတို့၊ သင်တို့သည် ငါချီးမြှင့်ခဲ့သည့် ဘဝ၏ စည်းစိမ်ချမ်းသာများကို သတိရ ထုတ်ဖော်ကြလော့။ ငါသည် သင်တို့အား ခေတ်ပြိုင် လူမျိုးစုများ ထက်ထူးကဲ စေခဲ့၏။@ကြည့်။ [2:47]",""
123,"တစ်ဦးသည် တစ်ဦးကို ဖြည်စွမ်းပေးနိုင်မည် မဟုတ်သော၊ အစားပေးလဲလှယ်မှုကို လက်ခံမည် မဟုတ်သော၊ ကြားဝင်ပေးသည်ကို သဘောတူမည် မဟုတ်သော၊ အကူအညီ ရရှိမည် မဟုတ်သော ကာလအား သင်တို့ မျက်မှောက်ပြု စောင့်စည်းကြလော့။@[[2:47] အောက်ခြေ (၁၀၀)၊ [2:48] အောက်ခြေ (၁၀၁) နှင့် ဆက်စပ်အာယဟ် [2:164] [6:165] စသည်တို့နှင့် တွဲဖက်လေ့လာပါရန်]",""
124,"တစ်ချိန်တွင် အိဗ်ရာဟီမ်ကို 173 သူ့အား ပျိုးထောင်မှုစနစ်နှင့် အညီ ဖွံ့ဖြိုးစေသော အရှင်က စည်းမျဉ်း ဥပဒေအချို့ဖြင့် အရည်အသွေးကို ဖော်ထုတ် ပေးခဲ့ရာ 174 သူသည် ပြည့်ဝစွာ အောင်မြင်ခဲ့၏။ အရှင်က “ငါသည် အမှန်ပင် သင့်အား လူသားထု၏ ရှေ့ဆောင် အဖြစ် ခန့်အပ်မည်” ဟု မိန့်ဆိုသော် သူက “ကျွန်ုပ်၏ သားမြေးများနှင့်ရော သက်ဆိုင်ပါသလော” ဟု တုံ့ပြန် လျှောက်ထား၏။ ငါက “ငါ၏ ကတိသည် ကျူးကျော် မိုက်မဲ သူများနှင့် ပတ်သက်ခြင်းမရှိ” ဟု မိန့်၏။",""
125,"ငါအရှင်သည် အိမ်တော် တည်ဆောက်စဉ်ကပင် 175 လူသား တစ်ရပ်လုံးအဖို့ စုရပ်နှင့် လုံခြုံဘေးကင်းရာ အဖြစ် 176 စီမံခဲ့သည်။ သင်တို့ အိဗ်ရာဟီမ်၏ အခြေချ ရပ်တည်ရာကို ဆွလာ့ဟ် တည်ဆောက်ရာအဖြစ် သတ်မှတ်ကြလော့။ ငါသည် အိဗ်ရာဟီမ်နှင့် အိစ်မာအီလ်တို့ထံမှ ငါ၏ အိမ်တော်ကို 177 လှည့်လည်သူများ၊ 178 ဖယ်ခွာမှု မပြုသူများ၊ 179 ရွေးချယ်၍ နာခံသူများ၊ 180 အပြည့်အဝ နာခံသူများ 181 အစရှိသူတို့အဖို့ သန့်ပြန့်စွာ 182 ထားရှိကြရန် ကတိယူခဲ့၏။",""
126,"အိဗ်ရာဟီမ်က “အို- ကျွန်ုပ်အား ပျိုးထောင်မှုစနစ် နှင့်အညီ ဖွံ့ဖြိုးစေသော အရှင်၊ ဤဒေသကို 183 ဘေးကင်း လုံခြုံစေရန် ပြုလုပ်ပေးတော်မူပါ။ ဤဒေသတွင် နေထိုင်ကြ သူတို့အနက် အလ္လာဟ်နှင့် အနာဂတ်ဘဝ ရှင်သန်မှုကို ယုံကြည် (သောအားဖြင့် တည်ငြိမ် လုံခြုံမှုကို တည်ဆောက်) သော သူတို့အား သီးနှံရိက္ခာများကို စီမံပေးတော်မူပါ” ဟု လျှောက်ထား၏။ ထိုအခါ အရှင်က “(တည်ငြိမ်လုံခြုံမှုကို ပျက်ပြားစေရန်) သွေဖည်သော သူတို့အားလည်း ယာယီအကျိုးကို 184 ခံစားစေမည်။ ထို့နောက် ပူပြင်းသော ပြစ်ဒဏ်သို့ မောင်းနှင်မည်” ဟု ညွှန်ကြား၏။ စင်စစ် ယင်းသည် လွန်စွာ ဆိုးရွားသော အကျိုးဆက် တည်ရှိရာ ဖြစ်၏။",""
127,"အိဗ်ရာဟီမ်နှင့် အိစ်မာအီလ်တို့သည် အိမ်တော်၏ နံရံများ - စည်းမျဉ်းများကို 185 မြှင့်တင်နေကြစဉ် (ဤသို့ လျှောက်ထားကြ၏) “အို- ကျွန်ုပ်တို့၏ အရှင်၊ (ဤဆောင်ရွက်ချက်ကို) သဘောတူလက်ခံ တော်မူပါ။ အရှင်သည် ကြားသိမှုအလုံးစုံ၏ အခြေအမြစ်ပင် ဖြစ်တော်မူ၏။ ”",""
128,"“အို- အရှင်၊ ကျွန်ုပ်တို့အား အရှင့်လမ်းညွှန်အားဖြင့် ငြိမ်းချမ်းရေး ဖော်ဆောင်သူများ ဖြစ်စေတော်မူပါ။ 186 ကျွန်ုပ်တို့၏ သာမြေးမှလည်း အုပ်စုတစ်စုကို အရှင့် လမ်းညွှန် အားဖြင့် ငြိမ်းချမ်းရေး ဖော်ဆောင်သူများ ဖြစ်စေတော်မူပါ။ ထို့အတွက် ကျွန်ုပ်တို့အား (ရည်မှန်းချက်များ ပြည့်ဝစေမည့်) နည်းနာများကို ညွှန်ပြတော်မူပါ။ ကျွန်ုပ်တို့အား (ဖွံ့ဖြိုးစေသော နည်းနာများဖြင့်) တုံ့ပြန်တော်မူပါ။ အရှင်သည် လွန်စွာ တုံ့ပြန်၍ လုံခြုံမှုပါဝင်သော ထောက်ပံ့ မြှင့်တင်မှုအားဖြင့် ဖြည့်ဆည်း ပေးသော အရှင်အမှန်ပင် ဖြစ်တော်မူသည်” (ဟူ၍ လျှောက်ထားကြ၏)။",""
129,"“အို-အရှင်၊ သူတို့အား အရှင်၏ အာယားသ် (သက်သေပြလမ်းညွှန်များ) ကို ဖတ်ကြားပြရန်၊ ကျမ်းဂန်နှင့် ဆင်ခြင်ဉာဏ် အသုံးချမှုတို့ကို 187 ပို့ချရန်၊ သူတို့၏ စာရိတ္တများ စင်ကြယ် ဖွံ့ဖြိုးစေရန် ရစူလ်တစ်ပါးကို သူတို့အနက်မှပင် ပွင့်ပေါ်စေတော်မူပါ။ 188 ဧကန်စင်စစ် အရှင် သည်သာလျှင် ဆင်ခြင်ဉာဏ်၏ အခြေအမြစ် ဖြစ်ပြီး၊ နိုင်နင်း လွှမ်းမိုးသော အရှင် ဖြစ်သည်” (ဟူ၍ လျှောက်ထားကြ၏)။",""
130,"မိမိကိုယ်မိမိ အသိဉာဏ်ကင်းမဲ့သူအဖြစ် ပြုလုပ်သူမှ တစ်ပါး မည်သူမျှ အိဗ်ရာဟီမ်၏ လမ်းစဉ်မှ ရှောင်လွှဲသွားမည် မဟုတ်ချေ။ စင်စစ်ငါသည် သူ့အား ဤလောကီ၌ ရွေးချယ်၍၊ အနာဂတ် ဘဝတွင်လည်း ပြုပြင်ပြောင်းလဲ - ဖွံ့ဖြိုးသူများမှ ဖြစ်စေမည်။",""
131,"အိဗ်ရာဟီမ်ကို သူ့အား ပျိုးထောင်မှုစနစ်နှင့် အညီ ဖွံ့ဖြိုးစေသော အရှင်က “သင် ငြိမ်းချမ်းမှု အခြေခံသော စနစ်ကို နာခံလော့” ဟုဆိုသော်၊ သူက “ကျွန်ုပ် စကြာဝဠာ ခပ်သိမ်းကို ပျိုးထောင်မှုစနစ် အားဖြင့် ဖွံ့ဖြိုးစေသောအရှင် (၏ စည်းမျဉ်းများ) ကို နာခံပါပြီ” ဟု လျှောက်ထား၏။",""
132,"ထို့ပြင် အိဗ်ရာဟီမ်နှင့် ယအ်ကူဗ် တို့သည် 189 နာခံမှုနှင့် စပ်လျဉ်း၍ မိမိတို့၏ သားမြေးတို့ကို “အို-သား မြေးတို့၊ ဧကန်စင်စစ် အလ္လာဟ်သည် သင်တို့အတွက် ဒီးန် (လူ့ဘဝတည်ဆောက်မှုစနစ်) ကိုရွေးချယ်ခဲ့ပြီ။ သို့ဖြစ်ရာ သင်တို့သည် ငြိမ်းချမ်းမှု အခြေခံသော စနစ်အား နာခံသူများ အဖြစ်နှင့်သာ သေဆုံးကြလော့” ဟု မှာကြားကြ၏။",""
133,"သို့တည်းမဟုတ် ယအ်ကူဗ်ထံ သေခြင်း ဆိုက်ရောက်ချိန် ၌ သင်တို့ ရှိနေကြသလော။ ထိုအချိန်၌ သူက မိမိသားမြေး တို့အား “သင်တို့ ကျွန်ုပ်ကွယ်လွန် ပြီးနောက်တွင် မည်သူ၏ ဩဇာခံများ ဖြစ်ကြမည်နည်း” ဟု မေးမြန်းရာ၊ သူတို့က “ဖခင်၏ အားထားရာဖြစ်သော၊ အိဗ်ရာဟီမ်၊ အိစ်မာအီလ်၊ အိစ်ဟာက်တို့၏ တစ်ပါးတည်းသော အားထားရာ ဖြစ်သော (အလ္လာဟ်) ၏ ဩဇာခံများသာ ဖြစ်ကြပါမည်။ ထို့ပြင် ကျွန်ုပ်တို့သည် အရှင့် (စည်းမျဉ်းများနှင့်အညီ) ငြိမ်းချမ်းရေး ဖော်ဆောင်သူများလည်း ဖြစ်ကြပါမည်” ဟု ဆိုကြ၏။",""
134,"သူတို့သည် လွန်လေပြီးသော (ငြိမ်းချမ်းမှုဖော်ဆောင်သူ) လူတစ်စုပင် ဖြစ်၏။ သူတို့ ဆည်းပူးကြသော ကိစ္စများသည် သူတို့အဖို့ ဖြစ်၍၊ သင်တို့ ဆည်းပူးကြသော ကိစ္စများသည် သင်တို့ အဖို့ ဖြစ်၏။ သူတို့ ကျင့်မူကြသော ကိစ္စများနှင့် စပ်လျဉ်း၍ သင်တို့ မေးမြန်းခံကြရမည် မဟုတ်ပေ။ 190",""
135,"သူတို့က “လမ်းမှန်ရရှိဖို့ရန် ဂျူး၊ သို့မဟုတ် ခရစ်ယာန်များ ဖြစ်ကြ” ဟု ဆိုကြသည်။ အသင်ပြောလော့၊ ထိုသို့ အလျှင်းမဟုတ်၊ စင်စစ် တည်ကြည် ဖြောင့်မတ်သော အိဗ်ရာဟီမ်၏ လမ်းစဉ်ကိုသာ (ကျွန်ုပ်တို့ လိုက်နာကြသည်)။ သူသည် (အလ္လာ့ဟ် ပြဋ္ဌာန်းချက်တွင် အခြား အယူဝါဒများကို) ထွေးရော ယှက်တင်ပြု၍ လိုက်နာသူ မဟုတ်ပေ။@[ဆက်စပ်အာယဟ် [3:66]]",""
136,"သင်တို့သည် “အလ္လာဟ်၊ ကျွန်ုပ်တို့ထံ ချမှတ်ခံရသော (ဥပဒေကျမ်း)၊ အိဗ်ရာဟီမ်၊ အိစ်မာအီလ်၊ အိစ်ဟာက်၊ ယအ်ကူဗ်နှင့် သူ၏ မျိုးနွယ်တို့ထံ ချမှတ်ခံရသော (ဥပဒေကျမ်းများ)၊ ထို့ပြင် မူဆာနှင့် အီစာတို့ ချီးမြှင့်ခံရသော (ဥပဒေကျမ်းများ) နှင့် နဗီအပေါင်းတို့ ချီးမြှင့်ခံရသော (ဥပဒေကျမ်းများ) စသည့် အားလုံးကိုပင် ကျွန်ုပ်တို့ ယုံကြည် ကြပါသည်။ ထို့ပြင် ယင်းနဗီတို့အကြား တစ်ပါးနှင့်တစ်ပါး ခွဲခြားမှု မပြုကြပါ၊ ကျွန်ုပ်တို့သည် အရှင့် (စည်းမျဉ်းများနှင့် အညီ) ငြိမ်းချမ်းရေး ဖော်ဆောင်သူများ ဖြစ်ကြပါမည်” ဟု ပြောဆိုကြလော့။ 191",""
137,"သူတို့သည် သင်တို့ ယုံကြည်သကဲ့သို့ ထပ်တူ ယုံကြည်ကြလျှင် လမ်းမှန်ကို မုချ ရရှိကြပြီး ဖြစ်မည်။ မျက်နှာ လွဲခဲ့ကြလျှင်မူ ဆန့်ကျင်မှု၌သာ ရှိကြပေမည်။ သို့ဖြစ်ရာ အလ္လာဟ်သည် သူတို့၏ (အန္တရာယ်မှ ကာကွယ်ရန်) သင့်အဖို့ လုံလောက်ပါ၏။ အလ္လာဟ်သည် အလုံးစုံသော ကြားသိမှု၏ အခြေအမြစ် ဖြစ်၏။",""
138,"(ဤသည်) အလ္လာဟ်၏ ဆေးရောင်ဖြစ်သည်။ 192 ဆေးရောင်ခြယ်ရာတွင် အလ္လာဟ်ထက်ပို၍ မည်သူက ဟန်ချက်မျှ သနည်း။ ကျွန်ုပ်တို့သည်ကား အလ္လာဟ်၏ ဩဇာကိုသာ ခံယူကြ၏။",""
139,"သင် ပြောလော့၊ “သင်တို့သည် အလ္လာဟ်နှင့်ပတ်သက်၍ ကျွန်ုပ်တို့နှင့် အချေအတင် ငြင်းခုံ နေကြသလော။ အရှင်သည် ကျွန်ုပ်တို့နှင့် သင်တို့အား ပျိုးထောင်မှုစနစ်နှင့် အညီ ဖွံ့ဖြိုးစေသော အရှင်ဖြစ်၏။ ကျွန်ုပ်တို့၏ ကျင့်သုံးမှုသည် ကျွန်ုပ်တို့ အဖို့ဖြစ်၍၊ သင်တို့၏ ကျင့်သုံးမှုသည် သင်တို့အဖို့ ဖြစ်၏။ စင်စစ် ကျွန်ုပ်တို့သည် အရှင့်ပြဋ္ဌာန်းချက် သီးသန့်ကိုသာ ကြည်ဖြူစွာ လိုက်နာကြ၏။ ”",""
140,"သို့မဟုတ် သင်တို့က “အိဗ်ရာဟီမ်၊ အိစ်မာအီလ်၊ အိစ်ဟာက်၊ ယအ်ကူဗ်နှင့် သူ၏ မျိုးနွယ်တို့သည် ဂျူးများ၊ သို့မဟုတ် ခရစ်ယာန်များ ဖြစ်ကြသည်” ဟု ဆိုကြသလော။ “သင်တို့ အလ္လာ့ဟ်ထက် ပို၍ သိကြသလော” ဟုသင် မေးမြန်းပါလေ။ မိမိထံ၌ ရှိနေသော အလ္လာ့ဟ် ပြဋ္ဌာန်းမှု ဖြစ်သည့် သက်သေခံချက်ကို ထိန်ချန်သောသူထက် မိုက်မဲသူ မည်သူရှိသနည်း။ အလ္လာဟ်သည် သင်တို့ ပြုကျင့်သော ကိစ္စတို့ကို လျစ်လျူရှုထားမည် မဟုတ်ပေ။",""
141,"သူတို့သည် လွန်လေပြီးသော (ငြိမ်းချမ်းမှုဖော်ဆောင်သူ) လူတစ်စုပင် ဖြစ်၏။ သူတို့ ဆည်းပူးကြသော ကိစ္စများသည် သူတို့ အဖို့ဖြစ်၍၊ သင်တို့ ဆည်းပူးကြသော ကိစ္စများသည် သင်တို့အဖို့ ဖြစ်သည်။ သူတို့ ကျင့်မူကြသော ကိစ္စများနှင့် စပ်လျဉ်း၍ သင်တို့ မေးမြန်းခံကြရမည် မဟုတ်ပေ။ *@*[2:134]",""
142,"လူတို့အနက် အသိဉာဏ်နည်း သူတို့က “သူတို့ကို မည်သည့် အရာက မူလဦးတည်ရာမှ လှည့်သွားစေသနည်း” 193 ဟုပြောဆိုကြလိမ့်မည်။ အသင်ပြောလော့၊ “နေထွက်ရာနှင့် နေဝင်ရာတိုင်းသည် 194 အလ္လာဟ်၏ အချုပ်အခြာ အောက်၌ ရှိသည်။ အရှင်သည် (မိမိ၏) စံချိန်နှင့် ကိုက်ညီသောသူအား ဖြောင့်မတ်၍ ဟန်ချက်မျှသော လမ်းစဉ်သို့ညွှန်ပြ၏။ ”",""
143,"ငါသည် (လူသားဝါဒရှေးရှုမှု) နည်းလမ်း အတိုင်း သင်တို့ကို အလယ်ဗဟိုပြု အုပ်စုအဖြစ် စီမံခဲ့၏။ 195 သင်တို့သည် လူသား တစ်ရပ်လုံးအပေါ် စောင့်ကြပ် ကြည့်ရှုသူများ ဖြစ်ကြ၍၊ ရစူလ်သည်လည်း သင်တို့အပေါ် စောင့်ကြပ် ကြည့်ရှုသူ ဖြစ်ဖို့ရန် 196 (ဤသို့စီမံခြင်းဖြစ်၏)။ စင်စစ် ငါသည် (လူမျိုးစု) ဗဟိုပြုရှေးရှုရာ ကို (မူလက) သင့်အဖို့ သတ်မှတ်ပေးခြင်းသည် 197 (နောင်တစ်ချိန် လူသားဝါဒ ဗဟိုပြုရာသို့ ပြောင်းလဲသည့်အခါ) မည်သူသည် သင်၏ ရစူလ်ဖြစ်မှုကို အသိအမှတ်ပြု လိုက်နာ၍၊ မည်သူက (လူမျိုးစု ဗဟိုပြုရာသို့) လှည့်ထွက်သွားကြသနည်း ဆိုသည်ကို သိသာထင်ရှားလာဖို့ရန် ဖြစ်သည်။ စင်စစ် ဤသည် အလ္လာ့ဟ် လမ်းညွှန်အပေါ် ရပ်တည် သူတို့မှတစ်ပါး အခြားသူတို့အဖို့ လွန်စွာ ခဲယဉ်းသော ကိစ္စဖြစ်၏။ အလ္လာဟ်သည် သင်တို့ (၏လုံခြုံမှုပါဝင်သော) ယုံကြည်ချက်ကို အချည်းနှီး ဖြစ်စေမည် မဟုတ်ပေ။ အလ္လာဟ်သည် လူသားတို့အပေါ် လွန်စွာ နူးညံ့ သိမ်မွေ့သော (စီမံမှုဖြင့်) ဘဝအထောက်အပံ့များ (သက်ရောက်စေဖို့ရန် ရည်ရွယ်သော) အရှင်ဧကန်ပင် ဖြစ်၏။",""
144,"သင်သည် မြင့်မားရာသို့ 198 အကြိမ်ကြိမ် မျှော်မှန်းနေသည်ကို ငါမုချတွေ့မြင်၏။ သို့ဖြစ်ရာ ငါသည် သင်နှစ်သက်သော ဦးတည်ရာသို့ လှည့်ပြောင်းစေမည်။ သင် ယခုပင် အလ်မတ်စ်ဂျိဒွတ်လ် ဟရာမ်ဘက်သို့ 199 ဦးတည်ပါလေ။ 200 သင်တို့ မည်သည့် အခြေချရာမှ ဖြစ်စေ၊ ထိုဘက်သို့သာ ဦးတည်ပါလေ။ ကျမ်းရသူတို့က ဤသည် ပျိုးထောင်မှုစနစ် နှင့်အညီ ဖွံ့ဖြိုးစေသော အရှင့်ထံမှ သစ္စာတရား ဖြစ်ကြောင်း ဧကန်ပင် သိကြ၏။ အလ္လာဟ်သည် သူတို့ ပြုကျင့်သမျှကို လျစ်လျူရှုမည် မဟုတ်ပေ။",""
145,"ထို့ပြင် သင်သည် ကျမ်းရ သူတို့ထံ သက်သေ အထောက်အထား အလုံးစုံကို ယူဆောင်လာသော်လည်း သင်၏ ဦးတည်ရာသို့ သူတို့ လိုက်နာကြမည် မဟုတ်ပေ။ သင်သည်လည်း သူတို့၏ ဦးတည်ရာသို့ လိုက်နာမည့်သူ မဟုတ်ပေ။ သူတို့သည်ပင် အချင်းချင်း၏ ဦးတည်ရာသို့ လိုက်ကြသည် မဟုတ်။ သင့်ထံသို့ (ဝဟ်ယ်-လူသားဝါဒ အခြေခံသော) အသိပညာ ရောက်ရှိပြီးမှ သူတို့၏ အလိုဆန္ဒ များကို လိုက်လျောခဲ့လျှင် သင်သည် ကျူးကျော် မိုက်မဲသူများမှ အမှန်ပင် ဖြစ်သွားပေမည်။",""
146,"ငါ ကျမ်းချီးမြှင့်ခဲ့သော သူတို့သည် သူတို့၏ သားသမီး များကို သိကြသည့် ပမာသူ့အားလည်း 201 သိကြ၏။ အမှန်စင်စစ် သူတို့အနက်မှ အုပ်စုတစ်စုသည် အမှန်ကို သိပါလျက်နှင့် ထိန်ချန်ထားကြ၏။",""
147,"အမှန်တရားသည် သင့်အား ပျိုးထောင်မှုစနစ် နှင့်အညီ ဖွံ့ဖြိုးစေသော အရှင့်ထံမှ ဖြစ်သည်။ သို့ဖြစ်ရာ သင်သည် သံသယ မကင်းသူများ၌ အပါအဝင် မဖြစ်ပါလေနှင့်။",""
148,"(လူမျိုး၊ သို့မဟုတ် ယဉ်ကျေးမှု) အသီးသီးတွင် ရှေးရှုဦးတည်ရာ တစ်ရပ် ရှိနေ၏။ သူတို့သည် ထို ဦးတည်ရာသို့သာ ရှေးရှုကြကုန်၏။ သို့ဖြစ်ရာ သင်တို့သည် ကောင်းကျိုးများကို အပြိုင်အဆိုင် ဆောင်ရွက်ကြလော့။ 202 သင်တို့ မည်သည့်နေရာ၌ ရှိကြသည်ဖြစ်စေ၊ အလ္လာဟ်၏ ဥပဒေသက စုပေါင်းစေမည်။ 203 (တစ်နည်း) အုပ်စု အသီးသီး တို့အဖို့ (မိမိတို့ဘဝ၏) ဦးတည် လျှောက်လှမ်းရာ တစ်ရပ်စီ ရှိနေသည်။ သူတို့သည် ထို (ဦးတည်ရာသို့) မျက်မှောက်ပြု ဦးတည်လျက် ရှိကြ၏။ သို့ဖြစ်ရာ သင်တို့သည် (လူသားအားလုံးအဖို့) ကောင်းကျိုး ဖြစ်စေရာများကို သူ့ထက်ငါ သာလွန်စေရန် ဆောင်ရွက်ကြလော့။ သင်တို့ မည်သည့်ဘက်သို့ ဦးတည်နေကြပါစေ၊ [လူ့အကျိုး သယ်ပိုးခြင်းဟူသော အလ္လာ့ဟ် ပြဋ္ဌာန်း ချက်ဆီသို့] သင်တို့ အားလုံးကို အလ္လာဟ်၏ ဥပဒေသက ပေါင်းစည်း စေမည် ဖြစ်၏။ ဧကန်အမှန် အလ္လာဟ်သည် အရာခပ်သိမ်း အပေါ် အတိုင်းအတာ သတ်မှတ်ချက်များနှင့် အညီစနစ်တကျ ချုပ်ကိုင်ထား၏။",""
149,"သင် မည်သည့်နေရာသို့ ထွက်ခွာသည် ဖြစ်စေ၊ အလ်မတ်စ်ဂျိဒွတ်လ်ဟရားမ် (အလ္လာ့ဟ် လမ်းညွှန်မှ ပြဋ္ဌာန်းအပ်သော လူသားဝါဒအား လေးစားလိုက်နာရာအဖြစ် မှတ်ယူထားသည့် ဗဟိုဌာန) သို့ ရှေးရှုလော့။ ဧကန်အမှန် ဤသည် သင့်အား ပျိုးထောင်မှုစနစ် အားဖြင့် ဖွံ့ဖြိုးစေသော အရှင်မှ (ဆုံးဖြတ်အပ်သော) သစ္စာတရားပင် ဖြစ်၏။ အရှင်သည် သင်တို့ ပြုကျင့်သမျှကို လျစ်လျူရှုမည် မဟုတ်ပေ။",""
150,"သင် 204 မည်သည့် နေရာသို့ ထွက်ခွာသည် ဖြစ်စေ၊ အလ်မတ်စ်ဂျိဒွတ်လ်ဟရားမ် (အလ္လာ့ဟ်လမ်းညွှန်မှ ပြဋ္ဌာန်းအပ်သော လူသားဝါဒအား လေးစားလိုက်နာရာ အဖြစ် မှတ်ယူထားသည့် ဗဟိုဌာန) သို့ရှေးရှုလော့။ သင်တို့ သည်လည်း ရှိနေရာတိုင်းမှ ထိုဘက်သို့သာ ရှေးရှုကြလော့။ ထိုသို့ဖြင့် လူတို့သည် သင်တို့နှင့်ဆန့်ကျင်၍ အငြင်းအခုံ ပြုနိုင်ကြမည် မဟုတ်ပေ။ မည်သို့ဆိုစေ မိုက်မဲသူတို့ကမူ ငြင်းခုံကြမည်သာ ဖြစ်၏။ 205 သို့ဖြစ်ရာ သင်တို့ သူတို့ကို မကြောက်ကြနှင့်၊ ငါ့ (ဥပဒေကို ချိုးဖောက်ခြင်းမှ ဖြစ်ပေါ်သော ဆိုးကျိုး) ကို ကြောက်ရွံ့ကြလော့။ ထိုသို့ဖြင့် ငါ၏ ကျေးဇူးပြုမှုကို သင်တို့အပေါ် ပြည့်ဝစေရန်နှင့် သင်တို့ လူ့ဘဝလမ်းမှန်ပေါ် လျှောက်လှမ်းနိုင်ကြရန် ဖြစ်ပေသည်။",""
151,"ဤရည်ရွယ်ချက်ကြောင့် ငါသည် သင်တို့အနက်မှပင် သင်တို့ထံ ရစူလ်တစ်ပါး စေလွှတ်ခြင်းဖြစ်၏။ သူသည် ငါ၏ အာယားသ် (သက်သေပြလမ်းညွှန်များ) ကို သင်တို့ရှေ့ ဖတ်ကြား လိုက်နာပြ၏။ သင်တို့၏ စာရိတ္တများ စင်ကြယ် ဖွံ့ဖြိုးစေရန် ဆောင်ရွက်၏။ ကျမ်းဂန်နှင့် ဆင်ခြင်ဉာဏ် အသုံးချမှုတို့ကို* ပို့ချသင်ကြား၏။ ထိုသို့ဖြင့် သင်တို့ မသိခဲ့သည်များကို သွန်သင်ပြ၏။@*[‘ဆင်ခြင်ဉာဏ် အသုံးချမှု’နှင့်စပ်လျဉ်း၍ [2:129]၊ အောက်ခြေ (၁၈၇) ၌ လေ့လာနိုင်ပါသည်]",""
152,"သို့ဖြစ်ရာ သင်တို့ ငါ (၏ သက်သေပြ လမ်းညွှန်များ) အား ရှေးရှုကြလော့။ ငါသည် သင်တို့ (၌ တိမ်မြုပ် နေသော အရည်အသွေးများ) ကိုဖော်ထုတ်မည်။ (တစ်နည်း) သင်တို့ (၏ အခွင့်အရေးနှင့် ဂုဏ်သိက္ခာ) ကို စောင့်ရှောက်မည်။ ထို့ပြင် သင်တို့သည်ငါ၏ ကျေးဇူးပြုမှုကို တန်ဖိုးထားကြလော့။ ထို့ပြင် ငါ့အား ငြင်းပယ်ခြင်းဖြင့် ကျေးဇူးကန်းသူများ မဖြစ်ကြလေနှင့်။@[ဆက်စပ်အာယဟ်များ [21:10] [21:24] [23:70] [43:44]]",""
153,"အို- လုံခြုံမှုကို ယုံကြည်ချက်ဖြင့် တည်ဆောက်သူတို့၊ သင်တို့ ကြံ့ခိုင်စွာ ရပ်တည်ခြင်းနှင့် ဆွလာ့ဟ် အားဖြင့် (အရှင်၏) ကူညီမှုကို ဆည်းပူးကြလော့။ ဧကန်အမှန် အလ္လာဟ်သည် ကြံ့ခိုင်စွာ ရပ်တည်သူ တို့နှင့်အတူ ရှိ၏။ 206",""
154,"သင်တို့ အလ္လာဟ်၏ လမ်းစဉ်၌ 207 အသတ်ခံကြရသော သူတို့ကို သူသေများဟု မဆိုကြလေနှင့်။ 208 စင်စစ် သူတို့ ရှင်သန်လျက်ပင် ရှိကြ၏။ သို့ရာတွင် သင်တို့ မသိနိုင်ကြပေ။ 209",""
155,"အန္တရာယ် တစ်စုံတစ်ရာကြောင့် စိုးရိမ်ကြောင့်ကြခြင်း၊ ငတ်မွတ်ခြင်း၊ ဥစ္စာပစ္စည်း၊ အသက်နှင့် လယ်မြေ (တစ်နည်း) သားသမီးများ ဆုံးရှုံးခြင်း စသည့် အခြေအနေများနှင့် ကြုံဆုံရ ခြင်းဖြင့် သင်တို့၏ တိမ်မြုပ်နေသော အရည်အသွေးများကို ပေါ်လွင်ထင်ရှားလာဖို့ရန် 210 ငါသည် အမှန်ပင် စီမံထား၏။ သင်သည် ကြံ့ခိုင်စွာ ရပ်တည်ကြသော သူတို့အား သတင်းကောင်း ပြောကြားလော့။",""
156,"သူတို့၌ အကျပ်အတည်း ဆိုက်ရောက်သောအခါ “သူတို့က ကျွန်ုပ်တို့ (၏ ဦးတည်ရာဖြစ်သော လူသားဝါဒ အခြေခံ လူ့ဘောင် တည်ဆောက်ရေးအတွက်) အလ္လာဟ် (၏ ပြဋ္ဌာန်းချက်) ၌ (ဘဝတစ်ခုလုံး အပ်နှင်းထား၍၊ မည်သည့် အခြေအနေ၌မဆို) ထို (ပြဋ္ဌာန်းချက်ဆီ) သို့သာ ပြန်လှည့် ကြပါမည်” ဟု မြွက်ဟ ကြေညာကြ၏။ 211",""
157,"သူတို့အပေါ်တွင် အလ္လာဟ်၏ ဆွလဝါသ်နှင့် 212 လုံခြုံမှုပါဝင်သော ထောက်ပံ့မြှင့်မှုတို့ ရှိ၏။ သူတို့သာ လျှင် လူ့ဘဝ လမ်းမှန်ပေါ်၌ ရှိကြ၏။",""
158,"ဧကန်အမှန် ဆွဖါနှင့် မရ်ဝါတို့သည် 213 အလ္လာ့ဟ် အထိမ်းအမှတ် သင်္ကေတများမှ ဖြစ်၏။ မည်သူမဆို အိမ်တော်၌ ဟဂျ် 214 သို့မဟုတ် အွန်မ်ရဟ် 215 ပြုသော် ၎င်းတို့နှင့် တကွ လှည့်ပတ်ခြင်းကို တားမြစ်ထားခြင်း အလျှင်းမရှိချေ။ မည်သူမဆို စိတ်စေတနာ အလျောက် ကောင်းကျိုး ပြုသည် ရှိသော်၊ ဧကန်စင်စစ် အလ္လာဟ်သည် ရလဒ်ကောင်းဖြင့် တုံ့ပြန် မည့်အရှင်၊ အလုံးစုံကို သိနေသောအရှင် ဖြစ်၏။",""
159,"ငါသည် ရှင်းလင်းသော သက်သေပြချက်များနှင့် လူ့ဘဝ လမ်းညွှန်ကို လူသားထုအတွက် ဥပဒေကျမ်း၌ ရှင်းလင်းစွာ ဖော်ပြခဲ့ပြီးနောက် ထိန်ချန် သောသူတို့က အမှန်ပင် ဖုံးဖိထိန်ချန် ကြ၏။ အလ္လာဟ်သည် (မိမိပြဋ္ဌာန်းသော ဖွံ့ဖြိုးမှု ဖြစ်စဉ်မှ) (တစ်နည်း) (လုံခြုံမှုပါဝင်သော ထောက်ပံ့မြှင့်တင်မှုမှ) သူတို့အား ဝေးကွာစေ၍၊ (မေတ္တာတရား အခြေခံသော လူမှု အသိုင်းအဝိုင်းကလည်း သူတို့ကို) မေတ္တာ ကရုဏာမှ ကင်းဝေးစေကြ၏။ 216",""
160,"သို့ရာတွင် မှားယွင်းသော ဘဝနေထိုင်မှုမှ မှန်ကန်သော ဘဝနေထိုင်မှုသို့ လှည့်ပြောင်း ပြုပြင်ကြ၍၊ ထိန်ချန်ထားသည် တို့ကို ဖော်ထုတ်ကြသော သူတို့ဘက်သို့ ငါသည် (မိမိ၏ ဖွံ့ဖြိုးမှု ဖြစ်စဉ်) ဖြင့် ပြန်လှည့်မည်ဖြစ်၏။ ငါသည် ရဟ်မဟ် (လုံခြုံမှုပါဝင်သော ထောက်ပံ့မြှင့်တင်မှု) အားဖြင့်အကြိမ်ကြိမ် ပြန်လှည့်မည့် အရှင်ဖြစ်၏။",""
161,"ဧကန်စင်စစ် သွေဖည်ဆန့်ကျင်သူ အဖြစ်နှင့်ပင် ကွယ်လွန်ကြလျှင် အလ္လာဟ် (ပြဋ္ဌာန်းအပ်သော ဖွံ့ဖြိုး မှုဖြစ်စဉ်မှ) (တစ်နည်း) (လုံခြုံမှုပါဝင်သော ထောက်ပံ့ မြှင့်တင်မှုမှ) သူတို့အား ဝေးကွာစေ၍၊ သဘာဝစွမ်းအား (အသုံးချမှုမှ ရရှိမည့် စွမ်းရည်များကိုလည်း) လက်လွှတ် ဆုံးရှုံးခံကြရမည့် အပြင် လူသားအားလုံး (၏ မေတ္တာ သက်ရောက်မှုမှလည်း) ကင်းဝေးသွားကြပေမည်။*@[2:159] အောက်ခြေ (၂၁၆) တွင် ကြည့်",""
162,"ဤအခြေအနေ၌ ကာလရှည်ကြာစွာ ရှိနေကြမည်။ သူတို့မှ အရေးယူ ဒဏ်ခတ်မှုသည် လျော့ပါးသွား မည်လည်း မဟုတ်။ ဆိုင်းငံ့ ခံကြရမည်လည်း မဟုတ်ပေ။",""
163,"စင်စစ် သင်တို့၏ အားထားခိုလှုံရာ (တစ်နည်း) လွှမ်းမိုး အုပ်ချုပ်သောအရှင်သည် တစ်ပါးတည်းသာ ဖြစ်၏။ ထိုရဟ်မာန်နှင့် ရဟီးမ်ဖြစ်သော 217a အားထားခိုလှုံရာ (တစ်နည်း) လွှမ်းမိုးအုပ်ချုပ်သော အရှင်မှအပ အခြားအားထား ခိုလှုံရာဟူ၍ အလျှင်းမရှိပြီ။@[1:2]",""
164,"စကြဝဠာများနှင့် ကမ္ဘာဂြိုဟ်တို့ကို ဖြစ်ထွန်းစေခြင်း၊ နေ့နှင့် ညတို့ကို ပြောင်းလဲစေခြင်း၊ လူတို့ အကျိုး ဖြစ်စေသော ကုန်ပစ္စည်းများနှင့်တကွ ပင်လယ်၌ ရေယာဉ်များကို သွားလာစေခြင်း၊ မိုးတိမ်မှ အလ္လာဟ် ရွာသွန်းစေသော မိုးရေအားဖြင့် သေနေသော မြေကြီးအား ရှင်သန်စေ၍ သက်ရှိ အလုံးစုံကို ပျံ့နှံ့စေခြင်း၊ လေလမ်းကြောင်းများ ပြောင်းစေခြင်း၊ မိုးနှင့် မြေအကြား မိုးတိမ်များ၏ လွန်ဆန်နိုင်မှု မရှိခြင်း စသည်တို့မှာ အသိဉာဏ် စေစားသူတို့အဖို့ သက်သေ လက္ခဏာများပင် ဖြစ်၏။",""
165,"လူတို့အနက် အချို့သည် အလ္လာ့ဟ်အား စွန့်၍ အခြား (အင်အားစုများ) ကိုရွေးချယ် (နာခံ) ကြ၏။ အလ္လာ့ဟ်အား မြတ်နိုးကြသကဲ့သို့ 217b ထိုအရာများကို မြတ်နိုးကြ၏။ လုံခြုံမှုကို ယုံကြည်ချက်ဖြင့် ပုံဖော်ကြ သောသူတို့မှာကား အလ္လာ့ဟ်အား အထက်သန်ဆုံး မြတ်နိုးကြ၏။ မိုက်မဲသူတို့သည် ပြစ်ဒဏ်ကို မြင်တွေ့ကြလျှင် အစွမ်းသတ္တိ အလုံးစုံသည် အလ္လာဟ်၏ ပိုင်ဆိုင်မှု၌ရှိ၍၊ အရှင်၏ အရေးယူမှုသည် ပြင်းပြ လှသည်ကို သိမြင်သွားကြပေမည်။",""
166,"ဦးစီးခေါင်းဆောင်တို့သည် ပြစ်ဒဏ်ကို မြင်တွေ့ကြသော အခါ နောက်လိုက်များအား စွန့်ခွာသွားကြပြီး၊ တစ်ဦးနှင့်တစ်ဦး အဆက်အသွယ်များ ပြတ်တောက်သွားကြ၏။",""
167,"နောက်လိုက်များက “အကယ်၍သာ ကျွန်ုပ်တို့အဖို့ တစ်ခေါက် ပြန်ခွင့်ရလျှင် ကျွန်ုပ်တို့အား စွန့်ခွာခဲ့သည့်ပမာ သူတို့ကို စွန့်ခွာကြမည်” ဟုပြောဆိုကြ၏။ ဤနည်းအတိုင်းပင် အလ္လာဟ်က သူတို့အား သူတို့၏ ကျင့်ကြံမှုကို ဝမ်းနည်းကြေကွဲ စေဖို့ရန် ပြသတော်မူမည်။ သူတို့သည် အပူမီးမှ ထွက်ကြရမည် မဟုတ်ပေ။",""
168,"အို- လူသားအပေါင်းတို့၊ သင်တို့သည် မြေကမ္ဘာမှ အာဟာရဖြစ်၍ တရားဝင်ခွင့်ပြု ထားရာများကိုသာ မှီဝဲကြလော့။ ရှိုက်သာန် (အဖျက်သမား) ၏ ခြေရာများကို မနင်းကြနှင့်။ ဧကန်စင်စစ် သူသည် သင်တို့၏ ထင်ရှားသော ရန်သူပင်ဖြစ်၏။",""
169,"သူသည်သင်တို့အား ဒုစရိုက်မှု၊ စက်ဆုပ်ဖွယ်အမှု တို့နှင့် အလ္လာ့ဟ်အပေါ် သင်တို့ မသိကြသည်များကို ရည်ညွှန်းပြောဆို ကြရန် အမှန်ပင် တိုက်တွန်းမည်ဖြစ်၏။",""
170,"သူတို့သည် “အလ္လာဟ်ချမှတ်အပ်သော (ကုရ်အာန်) ကို လိုက်နာကြလော့” ဟု ညွှန်ကြားခံရသော အခါ၊ “ကျွန်ုပ်တို့သည် မိမိတို့ ဘိုးဘေးများ လိုက်နာကြရာကိုသာ လိုက်နာကြမည်” ဟုတုံ့ပြန်ကြ၏။ သူတို့၏ ဘိုးဘေးများမှာ တစ်စုံတစ်ခုကိုမျှ နားမလည်ကြသည့်ပြင် ဘဝလမ်းညွှန်မှန်မှ လွဲချော်နေကြလျှင်လည်း (သူတို့ လိုက်နာကြမည်လော)။@[ဆက်စပ်အာယဟ်များ [5:104] [10:78] [11:62] [11:87] [21:53] [23:24] [31:21] [34:43] [38:7] [43:23]",""
171,"(အလ္လာဟ်ပြဋ္ဌာန်းအပ်သော လူသားဝါဒ အခြေပြု စနစ်ကို) သွေဖည် ဆန့်ကျင်ကြသော သူတို့၏ ဥပမာ မှာ ခေါ်သံ၊ ဟစ်သံမှအပ ကြားနာနိုင်စွမ်း မရှိသူနှင့် ဆင်တူသည်။ သူတို့သည် နားပင်သူများ၊ ဆွံ့အသူများ၊ မျက်ကန်းများ ဖြစ်ကြပေရာ* အသိဉာဏ်ကို စေစားနိုင်သူများ မဟုတ်ကြချေ။@*[2:18] အောက်ခြေ (၄၆) နှင့် တွဲဖက်လေ့လာပါရန်) #[ဆက်စပ်အာယဟ် [7:179]]",""
172,"အို-မုအ်မင်န် (လုံခြုံမှုကို ယုံကြည်ချက်ဖြင့် တည်ဆောက်သူ) တို့၊ ငါ ချီးမြှင့်ထားသော အာဟာရဖြစ်စေသည့် ရိက္ခာများကို စားသုံးကြလော့။ သင်တို့သည် အရှင်၏ ဩဇာကိုသာ ခံယူမည့်သူများ ဖြစ်ကြလျှင် အရှင်၏ ကျေးဇူးပြုမှုကို အသိအမှတ်ပြုကြောင်း ထုတ်ဖော်ကြလော့။",""
173,"သင်တို့အပေါ်၌ အသေကောင်၊ သွေး၊ 218 ဝက်သားနှင့် 219 အလ္လာဟ်မှအပ အခြားသူ (၏စည်းမျဉ်း) ဘက် သို့ ရည်ညွှန်းခံရသောအရာ စသည်တို့ကိုသာ 220 တားမြစ်ထားသည်။ သို့ရာတွင် အကျပ်အတည်းနှင့် ရင်ဆိုင်ရလျှင် (အလ္လာဟ်၏ စည်းမျဉ်းအား) ချိုးဖောက် လိုခြင်းနှင့် လောဘတက်၍ လွန်ကျူးခြင်းကင်းစွာ သုံးစွဲလျှင် သူ၏ အရည်အသွေး၌ တစ်စုံတစ်ရာ ကျဆင်းမှု မဖြစ်နိုင်ပါ။ 221 ဧကန်အမှန် အလ္လာဟ်သည် (ဆိုးကျိုးသက်ရောက်ခြင်းမှ) ကာကွယ်၍၊ လုံခြုံမှု ပါဝင်သော ဘဝအထောက်အပံ့များကို စီမံသည့်အရှင် ဖြစ်၏။",""
174,"အလ္လာဟ်ချမှတ်သော ဥပဒေကျမ်းမှ အချို့ကိုထိန်ချန် သောသူတို့သည် ထိုသို့ပြုခြင်းဖြင့် (မိမိတို့ဘဝများအား) တန်ဖိုးမဲ့ စေရန် ပြုကြ၏။ 222 သူတို့သည် မိမိတို့၏ ဝမ်းဗိုက် အတွင်းသို့ မီးကိုသာ ဝါးမျိုကြခြင်း ဖြစ်၏။ 223 ယောက်ဝ်မွတ်လ် ကိယာမဟ် (ရလဒ်များ အပြည့်အဝ ပုံပေါ်လာသော ကာလ) တွင် 224 အလ္လာဟ်သည် သူတို့ကို တုံ့ပြန် ပြောဆိုမည်လည်း မဟုတ်၊ အရည်အသွေး ဖွံ့ဖြိုး စေမည်လည်း မဟုတ်ပေ။ သူတို့အဖို့ နာကျင်ဖွယ် ပြစ်ဒဏ်သည် ရှိ၏။",""
175,"သူတို့သည် မှားယွင်းသော လမ်းစဉ်ကို ဘဝလမ်းမှန်ဖြင့် လည်းကောင်း၊ ပြစ်ဒဏ်ကို ဘဝ၏ လုံခြုံမှုဖြင့် လည်းကောင်း လဲလှယ်ကြ၏။ သို့ဖြစ်ရာ သူတို့သည် အပူမီး (တည်းဟူသော အကျိုးဆက်) ၌ အဘယ်မျှ ကြံ့ကြံ့ခံနိုင်အံ့နည်း။ (တစ်နည်း) သူတို့သည် အပူမီး (တည်းဟူသော အကျိုးဆက်) ကို မည်သို့ တားဆီးနိုင်အံ့နည်း။",""
176,"ဤသို့ ပြစ်ဒဏ်ခံရခြင်းမှာ အလ္လာဟ်က ဥပဒေကျမ်းကို ပကတိသစ္စာဖြင့် ချမှတ်ခဲ့သော်လည်း၊ ထိုကျမ်းနှင့်စပ်လျဉ်း၍ ကွဲလွဲကြသောသူတို့က (သစ္စာတရားအား) ဆန့်ကျင်ရာတွင် လွန်စွာအဝေးသို့ ရောက်ရှိ သွားကြသောကြောင့် ဖြစ်သည်။",""
177,"အရှေ့အနောက်တည်းဟူသော အရပ်များသို့ ရှေးရှုခြင်းသည် (လူ့ဘဝ၏) ကျယ်ပြော၊ တိုးတက်မှု မဟုတ်ချေ။ 225 ကျယ်ပြော တိုးတက်မှု ဟူသည်ကား အလ္လာဟ်၊ အနာဂတ်ကာလ၊ မလာအိကဟ်၊ ဥပဒေကျမ်း၊ နဗီများ စသည်တို့ကို ယုံကြည်သည့်ပြင် နီးစပ်သူများ၊ အားကိုးရာမဲ့ သူများ၊ ဖွံ့ဖြိုးမှု ရပ်တန့်သူများ၊ အိမ်ရာမဲ့ သူများ၊ အကူအညီတောင်း သူများ၊ ဝန်ပိနေ သူများ အစရှိသော လူတန်းစား အသီးသီးတို့ကို မိမိ၏ ပိုင်ဆိုင်မှုမှ နှစ်သက် ကြည်ဖြူစွာဖြင့် ပေးကမ်းချီးမြှင့်သူ၊ ဆွလာဟ် (အရည်အသွေး ပြည့်မီသော လူ့ဘောင် တည်ဆောက်၍၊ ထိုလူ့ဘောင် ဘက်စုံဖွံ့ဖြိုးရန် ဆောင်ရွက်သူ၊ မိမိတို့ ပြုထားသော ကတိသစ္စာကို ပြည့်ဝစေသူများ၊ ပစ္စည်းဥစ္စာ ဆုံးရှုံးမှု၊ ရောဂါခံစားရမှုနှင့် ဆန့်ကျင် ဘက်အင်အား ရိုက်ခတ်မှုကြောင့် ဖြစ်ပေါ်လာသော ဘေးဒုက္ခများ သက်ရောက်ချိန်တွင် ကြံ့ကြံ့ခံ ရပ်တည်သူ အစရှိသူများ၌သာ ကျယ်ပြော တိုးတက်မှု ဖြစ်ပေါ်၏။ ထိုသူတို့သာလျှင် သစ္စာဝါဒီများ ဖြစ်ကြ၍၊ (မိမိတို့၏ အရည်အသွေးများကို) ထိန်းသိမ်း သူများ ဖြစ်ကြ၏။",""
178,"အို-မုအ်မင်န် (လုံခြုံမှုကို ယုံကြည်ချက်ဖြင့် တည်ဆောက်သူ) တို့၊ 226 သင်တို့အပေါ်တွင် လူသတ်မှုကို အရေးယူရန် 227 ပြဋ္ဌာန်းပြီး ဖြစ်သည်။ လွတ်လပ်သူဖြစ်လျှင် လွတ်လပ်သူ၊ လက်အောက်ခံဖြစ်လျှင် လက်အောက်ခံ၊ အမျိုးသမီးဖြစ်လျှင် အမျိုးသမီး (စသဖြင့် အရေးယူခံရမည်)။ 228 သို့ရာတွင် သေဆုံးသူ၏ သားချင်းအနက်မှ လျော်ကြေးဖြင့် ကျေအေးလိုလျှင် အစဉ်အလာ ကောင်းများ အတိုင်း သိမ်မွေ့စွာ တောင်းဆိုရမည်။ ဤသည် သင်တို့အား ပျိုးထောင်မှု စနစ်နှင့် အညီ ဖွံ့ဖြိုးစေသောအရှင်၏ သက်ညှာမှုနှင့် မြှင့်တင်မှုတို့၏ ပြယုဂ် ဖြစ်သည်။ ထိုသို့ ပြဋ္ဌာန်းပြီးနောက် (ယင်းဥပဒေကို) ကျူးကျော်သူအဖို့ နာကျင်ဖွယ် ဒဏ်ခတ်မှုသည် ရှိ၏။",""
179,"အရေးယူခြင်း၌ သင်တို့အဖို့ ရှင်သန်ခြင်းသည် ရှိ၏။ အို- အသိဉာဏ် ရင့်သန်သူတို့၊ သို့မှသာ သင်တို့ (မိမိတို့၏ အရည်အသွေးများကို) ထိန်းသိမ်းသူများ ဖြစ်ကြအံ့။",""
180,"သင်တို့အနက် တစ်ဦးတစ်ယောက်ထံ သေခြင်း ဆိုက်ရောက်လျှင် ကျန်ရစ်သော ပစ္စည်းများနှင့်စပ်လျဉ်း၍ မိဘနှစ်ပါးနှင့် နီးစပ်သူတို့အဖို့ 229 တရားစည်းကမ်းနှင့်အညီ သေတမ်းစာ ရေးသား ရပေမည်။ ဤသည် (အရှင့်ဥပဒေအား) စောင့်ထိန်းသူများ အပေါ် တာဝန်တစ်ရပ် ဖြစ်ကြောင်း ပြဋ္ဌာန်းပြီး ဖြစ်၏။ 230",""
181,"မည်သူမဆို ၎င်း (သေတမ်းစာ) ကို ကြားနာပြီးနောက် ပြောင်းလဲခဲ့သော် ထိုသို့ ပြောင်းလဲခြင်း၏ အပြစ်သည် ပြောင်းလဲ သူတို့၌သာ သက်ရောက်ပေမည်။ ဧကန်အမှန် အလ္လာဟ်သည် ကြားသိမှု အလုံးစုံတို့၏ အခြေအမြစ် ပင်ဖြစ်၏။@[ဆက်စပ်အာယဟ် [5:106]",""
182,"သို့ရာတွင် မည်သူမဆို သေတမ်းစာ မှာကြားသူ၏ ချွတ်ချော်မှုနှင့် ယိမ်းယိုင်မှု တို့ကိုစိုးရိမ်၍ (အမွေဆိုင် တို့) အကြား သင့်မြတ်မှုကို ဆောင်ရွက်ခဲ့ပါမူ သူ့၌ အပြစ် တစ်စုံတစ်ရာမျှ ရှိမည်မဟုတ်။ မလွဲဧကန် အလ္လာဟ်သည် ကာကွယ်ရေးနှင့် လုံခြုံမှုပါဝင်သော ထောက်ပံ့မြှင့်တင်မှုကို စီမံသော အရှင်တည်း။",""
183,"အို- လုံခြုံမှုကို ယုံကြည်ချက်ဖြင့် တည်ဆောက်သူတို့၊ သင်တို့အလျင် ရှိခဲ့ကြသော သူတို့အပေါ် ပြဋ္ဌာန်း ပြီးဖြစ်သကဲ့သို့ သင်တို့အပေါ်၌လည်း ဆွိယာမ်သည် 231 ပြဋ္ဌာန်းခံရ၏။ သို့မှသာ သင်တို့သည် (မိမိတို့ ၏ အရည်အသွေးများ ကျဆင်း မသွားစေရန်) ထိန်းသိမ်းနိုင်မည်ဖြစ်၏။",""
184,"ရေတွက်ထားသော နေ့ရက်များ (အတွင်း ဆွိယာမ်ကို ပြဋ္ဌာန်းထားသည်)။ အကြင်သူသည် မကျန်းမာ၍၊ သို့မဟုတ် ခရီး၌ရှိလျှင် နောင်တွင် (ပျက်ကွက်ရက်ကို) ရေတွက်၍ ဖြည့်ရမည်။ မစွမ်းဆောင်နိုင်သူ အဖို့မူ သူဆင်းရဲကို ကျွေးမွေး၍ အစားဖြည့်ရမည်။ စိတ်စေတနာအလျောက် ကောင်းကျိုး ပြုသူအဖို့ ထိုကောင်းကျိုးပင် သူ့အတွက်ဖြစ်၏။ သင်တို့ သိကြလျှင် ဆွိယာမ်ပြုခြင်းသည်ပင် အကောင်းဆုံးဖြစ် ၏။",""
185,"ကုရ်အာန်ချမှတ်ခံရသော လသည် ရမဿွာန်လ 232 ဖြစ်သည်။ (ကုရ်အာန်) သည် လူသားတစ်ရပ်လုံးအဖို့ ဘဝလမ်းညွှန် ဖြစ်၍၊ ရှင်းလင်းသော လမ်းညွှန်မှုမှ ဖြစ်၏။ ထို့ပြင် မှတ်ကျောက်လည်း ဖြစ်၏။ မည်သူမဆို ယင်းလကို မျက်မှောက်ပြုသော် ဆွိယာမ်ပြုရပေမည်။ သို့ရာတွင် မကျန်းမာသူ၊ သို့မဟုတ် ခရီး၌ရှိလျှင် နောင်တွင် (ပျက်ကွက်ရက်ကို) ရေတွက်၍ ဖြည့်ရမည်။ အလ္လာဟ်သည် သင်တို့၏ လွယ်ကူမှုကို ရှေးရှု၍၊ ခက်ခဲမှုကို ရှေးရှုသည် မဟုတ်ပေ။ သင်တို့ညွှန်ကြားချက် နှင့်အညီ (ပျက်ကွက်ရက်ကို) တွက်ချက် ဖြည့်ဆည်းနိုင်ရန်နှင့် အလ္လာ့ဟ် (ဒီးန်) ၏ ကြီးကျယ်မှု ကိုဖော်ထုတ်ကြရန် (ဤသို့ ပြဋ္ဌာန်းခြင်း ဖြစ်၏)။ သို့မှသာ သင်တို့၏ ကြိုးစားအားထုတ်မှုမှ ရလဒ်ကောင်းများ ပုံပေါ် ဖြစ်ထွန်း လာပေမည်။",""
186,"ထို့ပြင် ငါ၏ ဩဇာခံတို့သည် ငါနှင့်ပတ်သက်၍ မေးမြန်းကြသောအခါ၊ ငါသည် နီးကပ်စွာ ရှိကြောင်း၊ ငါ့အား တမ်းတသူက တမ်းတသောအခါ 233 တုံ့ပြန်ကြောင်း (ဖြေကြားပါလေ)။ သို့ဖြစ်ရာ သူတို့သည် ငါ၏ ပြဋ္ဌာန်းချက်ကို လက်ခံနာယူ၍၊ ယုံကြည်ချက်နှင့်အညီ လုံခြုံမှုကို တည်ဆောက် ကြရပေမည်။ သို့မှသာ ဘဝလမ်းမှန်ကို ရရှိကြပေမည်။",""
187,"ဆွိယာမ်၏ ညတွင် သင်တို့၏ ဇနီးများနှင့် ကိုယ်လက် နှီးနှောခြင်းသည် ခွင့်ပြုပြီးဖြစ်၏။ သူမတို့သည် သင်တို့အတွက် အဝတ်အစား ဖြစ်၍၊ သင်တို့သည် သူမတို့အဖို့ အဝတ်အစား ဖြစ်သည်။ အလ္လာဟ်သည် သင်တို့စိတ်၌ မတင်မကျ ဖြစ်နေ သည်ကိုသိ၍၊ သင်တို့ဘက်သို့ ပြန်လှည့်လျက် သင်တို့အား အားနည်း ချက်များမှ ကင်းဝေး စေခဲ့၏။ သို့ဖြစ်ရာ သူမတို့နှင့် ပေါင်းသင်းကြ၍၊ သင်တို့အဖို့ အလ္လာဟ်ပြဋ္ဌာန်းထား သည်ကို ဆည်းပူးကြလော့။ ထို့ပြင် အဖြူမျှင်သည် အမည်းမျှင်မှ သဲသဲကွဲကွဲ ထင်ရှားလာပြီး၊ အလင်းဖြာချိန်ထိ စားသောက်ကြလော့။ တစ်ဖန် ညတိုင်အောင် ဆွိယာမ်ကို အပြည့်အဝ ဆောင်ရွက်ကြလော့။ သင်တို့ မစာဂျိဒ် (အလ္လာ့ဟ် လမ်းညွှန်မှ ပြဋ္ဌာန်းသော လူသားဝါဒအား လေးစားလိုက်နာရာ အဖြစ် သတ်မှတ်ထားသည့် ဗဟိုဌာနများ) ၌ တာဝန်ကျနေစဉ် 234 သူမတို့နှင့် မပေါင်းသင်းကြရ။ ဤသည် အလ္လာဟ် သတ်မှတ်ထားသော အနားသတ် စည်းမျဉ်းပင် ဖြစ်ရာ၊ (ချိုးဖောက်ရန်) အနား မကပ်ကြနှင့်။ အလ္လာဟ်သည် မိမိ၏ သက်သေပြ လမ်းညွှန်များကို လူတို့အဖို့ ရှင်းလင်း ထားခြင်းမှာ သူတို့ (အလ္လာဟ် လမ်းညွှန်မှု အားဖြင့် မိမိတို့၏ အရည်အသွေး များကို) ထိန်းသိမ်းနိုင်ကြရန် ဖြစ်၏။",""
188,"သင်တို့အချင်းချင်း၏ ဥစ္စာပစ္စည်းများကို မတရားသော နည်းဖြင့် မစားသုံးကြနှင့်။ ထို့ပြင် သင်တို့ သိကြပါလျက်နှင့် လူတို့၏ ဥစ္စာပစ္စည်း တစ်စိတ်တစ်ဒေသကို မတရားသော နည်းဖြင့် စားသုံးရန်အလို့ငှာ အာဏာပိုင်များအား လာဘ်မထိုး ကြနှင့်။",""
189,"လဆန်း၊ လဆုတ်နှင့်စပ်လျဉ်း၍ သင့်ကို မေးမြန်းကြ၏။ 235 ၎င်းသည် အချိန်ကာလများ သတ်မှတ်နိုင် ရန်နှင့် ဟဂျ်ကာလကို တွက်ချက်နိုင်ရန် ဖြစ်ကြောင်း သင် ဖြေကြားလော့။ စင်စစ် နေအိမ်များသို့ နောက်ပေါက်မှ ဝင်ရောက်ခြင်းသည် ကျယ်ပြောသော လမ်းစဉ်မဟုတ်။ 236 သို့ရာတွင် (အရည်အသွေး ကျဆင်း မသွားစေရန်) ထိန်းသိမ်းခြင်းသည် ကျယ်ပြောမှုဖြစ်၏။ သင်တို့ အိမ်များသို့ တံခါးပေါက်များမှ ဝင်ကြလော့။ အလ္လာ့ဟ် (လမ်းညွှန်မှုအားဖြင့် အရည်အသွေးများကို) ထိန်းသိမ်းကြလော့။ သို့မှသာ သင်တို့ အောင်မြင်ကြအံ့။",""
190,"သင်တို့ အလ္လာဟ် (ပြဋ္ဌာန်းထားသော လူ့ဘဝ) လမ်းစဉ်၌ သင်တို့အား တိုက်ခိုက်သူတို့ကို တုံ့ပြန်တိုက် ခိုက်ကြလော့။ 237 စည်းမဖောက်ကြနှင့်။ ဧကန်အမှန် အလ္လာဟ်သည် စည်းကမ်းချိုးဖောက်သော သူတို့၏ ဆောင်ရွက်ချက်များမှ ရလဒ်ကောင်းများကို သီးပွင့်စေသည် မဟုတ်ပေ။",""
191,"သူတို့အား ‌တွေ့ဆုံရာတိုင်း၌ တိုက်ခိုက်ကြလော့။ 238 သင်တို့ကို နှင်ထုတ်ရာ နေရာမှ သူတို့ကိုလည်း နှင်ထုတ် ကြလော့။ စင်စစ် ညှဉ်းပန်း နှိပ်စက် နှောင့်ယှက်ခြင်းသည် သတ်ဖြတ် ခြင်းထက် ပို၍ပြင်းထန်၏။ သို့ရာတွင် မတ်စ်ဂျိဒွန် (န်) ဟရားမ် (အလ္လာ့ဟ် လမ်းညွှန်မှ ပြဋ္ဌာန်းသော လူသား ဝါဒအား လေးစားလိုက်နာရာအဖြစ် သတ်မှတ်ထားသည့် ဗဟိုဌာန) အနီး၌ သူတို့ မတိုက်ခိုက်သမျှ သင်တို့လည်း မတိုက်ခိုက်ကြနှင့်။ တိုက်ခိုက်လာလျှင်မူ တုံ့ပြန် တိုက်ခိုက် ကြလော့။ ဆန့်ကျင် သူတို့အား တုံ့ပြန်ခြင်းသည် ဤသို့ပင် ဖြစ်၏။",""
192,"အကယ်၍ သူတို့ (ကျူးကျော် တိုက်ခိုက်မှုကို) ရပ်စဲကြလျှင် (သင်တို့လည်း ရပ်စဲကြလော့။ ) 239 ဧကန် အမှန် အလ္လာဟ်သည် လုံခြုံမှုပါဝင်သော ထောက်ပံ့မြှင့်တင်မှုဖြင့် အကာအကွယ် ပြုပေးထား၏။",""
193,"သင်တို့ ညှဉ်းပန်းနှိပ်စက်မှု ပပျောက်သွားသည့်တိုင် တိုက်ခိုက်ကြလော့။ စင်စစ် ဒီး (န်) (လူ့ဘဝတည် ဆောက်မှု စနစ်) သည် အလ္လာဟ် (၏ပြဋ္ဌာန်းချက်သာ) ဖြစ်၏။ သို့ဖြစ်ရာ သူတို့ဘက်မှ ရပ်စဲကြလျှင် ကျူးကျော် သူတို့မှတပါး မည်သူ့ကိုမျှ တုံ့ပြန်ရန် အကြောင်းမရှိချေ။ 240",""
194,"အပစ်အခတ် ရပ်စဲရန် သတ်မှတ်ထားသော ကာလသည် ၎င်းအပေါ် လေးစားခြင်း၌ အခြေတည်ပေသည်။ 241 အပစ်အခတ် ရပ်စဲမှုသည် အပြန်အလှန် လေးစားမှုပင် ဖြစ်၏။ သို့ရာတွင် သင်တို့အား ကျူးကျော် တိုက်ခိုက်လာလျှင်မူ တူညီစွာ တုံ့ပြန်ပါလေ။ သင်တို့ အလ္လာ့ဟ် (ပြဋ္ဌာန်းချက်) ကို စောင့်ထိန်းကြလော့။ ဧကန်အမှန် အလ္လာဟ်သည် စောင့်ထိန်း သောသူတို့အား တူညီသော ရလဒ်ကို ရရှိစေမည် ဖြစ်ကြောင်း သိထားကြလော့။*@*[‘အလ္လာဟ်၏ အတူတကွရှိမှု’ နှင့်စပ်လျဉ်း၍ [2:153] အောက်ခြေ (၂၀၆) တွင်ကြည့်ပါရန်]",""
195,"သင်တို့ အလ္လာဟ်ပြဋ္ဌာန်းအပ်သော လူ့ဘဝ လမ်းစဉ်နှင့် အညီမျှဝေ သုံးစွဲကြလော့။ မိမိတို့ လက်များဖြင့် မိမိတို့ကိုယ်ကို ပျက်စီးခြင်း၌ မနစ်မွန်း စေကြနှင့်။ ဟန်ချက်မျှမှု (တစ်နည်း) ညီညွတ်မျှတမှုကို ဆောင်ရွက်ကြလော့။ ဧကန်အမှန် အလ္လာဟ်သည် ဟန်ချက်မျှသော (တစ်နည်း) ညီညွတ် မျှတသော သူတို့၏ ဆောင်ရွက်ချက် တို့ကို ရလဒ် ပြဋ္ဌာန်းချက်နှင့် အညီ သီးပွင့်စေမည် ဖြစ်၏။",""
196,"သင်တို့ ဟဂျ်နှင့် အွန်မ်ရဟ်တို့ကို အလ္လာ့ဟ် ပြဋ္ဌာန်းချက်နှင့် အညီ အပြည့်အဝ ဆောင်ရွက်ကြလော့။ 242 သို့ရာတွင် သင်တို့ သွားရောက်ရာ၌ အဟန့်အတားများ ရှိနေပါက လွယ်ကူစွာ ရရှိသော လက်ဆောင်ကို ပို့ကြလော့။ 243 လက်ဆောင်သည် လိုရာသို့ မရောက်မီ မိမိတို့၏ ဦးခေါင်းများကို မရိတ်ကြနှင့်။ သင်တို့ အနက် တစ်ဦး တစ်ယောက်သည် မကျန်းမာလျှင်၊ သို့မဟုတ် ဦးခေါင်း၌ နာကျင်မှုကို ခံစားရလျှင်၊ ဆွိယာမ် (စောင့်ထိန်းခြင်း) သို့မဟုတ် ပေးကမ်းခြင်း၊ သို့မဟုတ် အပြုသဘောဆောင်သော လုပ်ဆောင်မှု တစ်ခုခုကို ပြုခြင်း 244 တို့ဖြင့် အစားထိုးရမည်။ လုံခြုံစိတ်ချ ရသောအခါ ဟဂျ်နှင့် အွန်မ်ရဟ် နှစ်ခုစလုံးမှ အကျိုးခံစားသော သူသည် လွယ်ကူသော လက်ဆောင်ကို ပေးလော့။ မရနိုင်လျှင် ဟဂျ်အတွင်း သုံးရက်နှင့်ပြန်သွား ကြသောအခါ ခုနစ်ရက် စုစုပေါင်း ဆယ်ရက် ဆွိယာမ် စောင့်ထိန်း ကြရမည်။ ဤသည် မတ်စ်ဂျိဒွန် (န်) ဟရာမ် အနီးတွင် မိသားစု မရှိသော သူများအတွက် ဖြစ်သည်။ သင်တို့သည် အလ္လာဟ် (၏ ပြဋ္ဌာန်းချက်များ) အား စောင့်ထိန်းကြလော့။ (ပြဋ္ဌားချက်များအား ချိုးဖောက်ခြင်းဖြင့်) အလ္လာဟ် (၏ တုံ့ပြန်မှု ဥပဒေသအရ) ပြင်းပြသော အစားပေးမှု သက်ရောက် လာမည်ကို သင်တို့ သိထား ကြလော့။@[ဤအာယဟ်အပါအဝင် [2:184] နှင့် [2:185] တို့တွင် သုံးနှုန်းထားသော (مَرِيْضًا) နှင့် [2:184] [2:185] တို့တွင် သုံးနှုန်းထားသော (مَرِيْضًا، عَلَى سَفَرٍ) တို့ကို အစဉ်အလာ ပြန်ဆိုမှု အတိုင်း ‘မကျန်းမာခြင်း’ နှင့် ‘ခရီးသည်’ ဟူ၍ပင် တိုက်ရိုက် ပြန်ဆိုထားကြောင်း ဝန်ခံ ပါသည်။ ထိုအာယဟ်များပါ အကြောင်းအရာ များကို ရှင်းလင်းရန် ကျွန်ုပ် ကြိုးစားလျက်ရှိ၏။ အဖြေ မရသေးသောကြောင့် မူလအတိုင်း ပြန်ဆိုခဲ့ရသည် ကို နားလည် စေချင်ပါသည်။ အင်န်ယှာအလ္လာဟ် အဖြေရရှိသော အခါ ပြင်ဆင်မှုအဖြစ် ထည့်သွင်း ဖော်ပြမည် ဖြစ်ကြောင်း ကြိုတင် အသိပေး အပ်ပါသည်။ ]",""
197,"ဟဂျ် ကာလများမှာ သိရှိပြီး ဖြစ်သည်။ ဟဂျ်ပြုရန် စိတ်ပြဋ္ဌာန်းသော သူသည် အချေအတင် ဆွေးနွေးရာတွင် ညံ့ဖျင်းသော၊ ဘောင်ကျော်လွန်သော၊ အထောက်အထားမဲ့သော တင်ပြမှုတို့မှ ရှောင်ကြဉ်ရပေမည်။ အလ္လာဟ်သည် သင်တို့ ပြုလုပ်ကြသော လူ့အကျိုးပြု ကိစ္စများကို သိရှိ၏။ သင်တို့ ရိက္ခာများကို ဖြည့်ဆည်းကြလော့။ အကောင်းဆုံးသော ဖြည့်ဆည်းမှုမှာ (အလ္လာ့ဟ် စည်းမျဉ်းများ အပေါ်) ထိန်းသိမ်း ခြင်းပင် ဖြစ်၏။ အို- ပညာဉာဏ် ရင့်သန်သူတို့၊ သင်တို့ ငါ (၏ စည်းမျဉ်းများ) ကို ထိန်းသိမ်းခြင်းဖြင့် (အရည်အသွေး တိုးတက်ရန် အားထုတ်ကြလော့)။@[ဆက်စပ်အာယဟ် [22:28]]",""
198,"သင်တို့ မိမိတို့အား ပျိုးထောင်မှု စနစ်နှင့်အညီ ဖွံ့ဖြိုးစေသော အရှင်မှ (စီမံထားသော) လောကီ အကျိုး စီးပွားကို ဆည်းပူး သောကြောင့် အပြစ်ဆိုဖွယ်ရာ မရှိချေ။ တစ်ဖန် သင်တို့သည် အရဖှားသ် 245 မှ ပြန်ကြလျှင် အလ်မရှ်အရွတ်လ် ဟရာမ်၌ 246 အလ္လာ့ဟ် (လမ်းညွှန်မှုနှင့် အညီ အခက်အခဲများ အတွက် နည်းလမ်းများ) ဖော်ထုတ် ကြလော့။ 247 အရှင်က သင်တို့အား လမ်းညွှန်ထားသည့် အတိုင်း ဖော်ထုတ် ကြရမည်။ လမ်းညွှန်မှု ရောက်မလာမီက သင်တို့ လမ်းမှား၌ ရှိခဲ့ကြ၏။",""
199,"ထို့နောက် လူအများ အစုလိုက် ပြန်လာကြသော နေရာမှ သင်တို့လည်း အစုလိုက် ပြန်လာကြ၍၊ အလ္လာဟ် (ပြဋ္ဌာန်းထားသော လုံခြုံမှုစနစ်အား လိုက်နာခြင်းဖြင့်) အကာအကွယ် ရရှိရန် ဆည်းပူးကြလော့။ ဧကန်အမှန် အလ္လာဟ်သည် လုံခြုံမှု ပါဝင်သော ထောက်ပံ့မြှင့်တင်မှု ဖြင့် အကာအကွယ် ပြုထား၏။",""
200,"သင်တို့ ဟဂျ်တာဝန်များ ပြီးဆုံးပြီးနောက် (အတိတ်ကာလတွင်) မိမိတို့၏ ဘိုးဘွားများ (၏လမ်းစဉ်) ကိုထုတ်ဖော် သကဲ့သို့၊ သို့မဟုတ် ထို့ထက်ပို၍ အလ္လာ့ဟ် (ပြဋ္ဌာန်းချက်များ) အား ထုတ်ဖော်ကြလော့။ လူတို့အနက် အချို့သည် “အို-ကျွန်ုပ်တို့အား ပျိုးထောင်မှု စနစ်နှင့်အညီ ဖွံ့ဖြိုးစေသော အရှင်၊ ကျွန်ုပ်တို့အား (ပေးရမည့်အရာများကို) လောက၌ပင် ပေးတော်မူပါ” ဟု လျှောက်ထားကြ၏။ သူတို့အဖို့ အာခိရဟ် (အနာဂတ်ဘဝ ပြန်လည်ရှင်သန်မှု) တွင် မည်သည့် ဝေစုမျှ ရှိမည် မဟုတ်ပေ။@[ဆက်စပ်အာယဟ် [17:18-21]]",""
201,"သို့ရာတွင် သူတို့အနက် အချို့မှာ “အို- ကျွန်ုပ်တို့အား ပျိုးထောင်မှု စနစ်နှင့်အညီ ဖွံ့ဖြိုးစေသော အရှင်၊ ကျွန်ုပ်တို့အား လောက၌လည်းကောင်း၊ အာခိရဟ် (အနာဂတ်ဘဝ ပြန်လည်ရှင်သန်မှု) ၌လည်းကောင်း ကောင်းကျိုး အဖြာဖြာကို ပေးတော်မူ၍၊ အပူမီး၏ ပြစ်ဒဏ်မှလည်း ကာကွယ်တော်မူပါ” ဟု လျှောက် ထားကြ၏။",""
202,"သူတို့အဖို့ သူတို့ ဆည်းပူးခဲ့ကြသော အရာများ၏ ဝေစုသည် ပြဋ္ဌာန်း ပြီးဖြစ်၏။ စင်စစ် အလ္လာဟ်သည် (တုံ့ပြန်မှု ဥပဒေသအရ) ရလဒ်ကို မဆိုင်းမတွ တိကျစွာ ဖြစ်ထွန်း စေတော်မူ၏။ 248",""
203,"(ကမ္ဘာ့ညီလာခံအတွက်) သတ်မှတ်ထားသော ကာလအတွင်း အလ္လာ့ဟ် (ပြဋ္ဌာန်းချက်များကို) ထုတ်ဖော် ကြေညာကြလော့။ (အလ္လာ့ဟ် လမ်းညွှန်မှုအား) စောင့်ထိန်း သူတို့အဖို့ နှစ်ရက်စော၍ ပြန်ခြင်းနှင့် နောက်ကျ၍ ပြန်ခြင်း တို့ကြောင့် အရည်အသွေး ကျဆင်းစရာ တစ်စုံတစ်ရာမျှ မရှိချေ။ သင်တို့သည် အလ္လာ့ဟ် (ပြဋ္ဌာန်းချက်များ နှင့်အညီ အရည်အသွေး ကျဆင်း မသွားစေရန်) ထိန်းသိမ်းကြလော့။ သင်တို့အား အလ္လာ့ဟ် (ပြဋ္ဌာန်းချက်အရ ရလဒ်များ) ဆီသို့ စုရုံးရောက်ရှိစေ မည်ဆိုသည်ကို သိထားကြလော့။",""
204,"လူတို့အနက် သင့်ကို လောကီ ရှင်သန်မှု အရေးနှင့် စပ်လျဉ်း၍ အံ့ဩစေလောက်သည့် စကားမျိုးကို ပြောဆို သူလည်း ရှိ၏။ စင်စစ် သူသည် မိမိစိတ်တွင်း ရှိသည်တို့ကို အလ္လာ့ဟ်အား သက်သေထား၍ ဆိုလေ့ ရှိသည်။ သူသည် အတိုက်အခံ ပြုသူ တို့အနက် လွန်ကဲသူ ဖြစ်၏။",""
205,"ထိုသူ အာဏာရှိလာသောအခါ 249 မြေကမ္ဘာတွင် ဟန်ချက်ပျက်မှုကို အားထုတ်၍၊ စိုက်ပျိုးမြေများနှင့် လူ့အနွယ် ရှင်သန်ရေးတို့ကို 250 ဖျက်ဆီး၏။ အလ္လာဟ်သည် ဟန်ချက်ပျက်မှု (မှ ကောင်းသော ရလဒ်) ကို ဖြစ်ထွန်း စေသည် မဟုတ်ပေ။",""
206,"သူ့အား အလ္လာ့ဟ် (ပြဋ္ဌာန်းချက် များနှင့်အညီ အရည်အသွေးများ) ကို ထိန်းသိမ်းရန် ပြောဆိုသောအခါ၊ ဂုဏ်သိက္ခာက 251 သူ့ကို ဂျဟန္နန်မ် (အရည်အသွေး ကျဆင်းမှု) သို့သာ တွန်းပို့လျက် ရှိ၏။ သို့ဖြစ်ရာ (အရည်အသွေး ကျဆင်းရာ ဌာနသည်ပင်) 252 သူ့အဖို့ လုံလောက်၏။ ယင်းဌာနသည်ကား ဆိုးရွားလှသော နေထိုင်ရာ ပင်ဖြစ်၏။",""
207,"လူတို့အနက် အလ္လာဟ် (ပြဋ္ဌာန်းထားသော စံနှုန်း သတ်မှတ်ချက် နှင့်အညီ ဖြစ်ပေါ်သော) ရလဒ်ကို 253 ဆည်းပူးရန် မိမိ အရည်အသွေးအား ပေးဆပ်သူလည်း ရှိ၏။ စင်စစ် အလ္လာဟ်သည် (မိမိ၏) ဩဇာခံ များအပေါ် သက်ရောက်လာမည့် ဆိုးကျိုးများကို တားဆီးသော အရှင်ပင် ဖြစ်၏။",""
208,"အို- လုံခြုံမှုကို ယုံကြည်ချက်ဖြင့် တည်ဆောက် သူတို့၊ သင်တို့ အစ္စလာ့မ် (လူ့ဘဝ တည်ဆောက်မှုစနစ်) သို့ ခြေစုံပစ်၍ ဝင်ရောက်ကြလော့။ ရှိုက်သာန် (အဖျက်သမား) ၏ ခြေရာများ နောက်သို့ မလိုက်ကြနှင့်။ သူသည် သင်တို့၏ ထင်ရှားသော ရန်သူပင် ဖြစ်၏။ 254",""
209,"သင်တို့ထံ ထင်ရှားသော လမ်းညွှန်မှုများ ရောက်လာ ပြီးနောက် ချွတ်ချော်ခဲ့ကြပါမူ (အမှန်တကယ် အစားပေးမှု ကိုခံစားကြရ ပေမည်)။ ဧကန်အမှန် အလ္လာဟ်သည် (မိမိ ပြဋ္ဌာန်းချက် အပေါ်) နိုင်နင်း လွှမ်းမိုး၍ ဆင်ခြင်တုံတရား၏ အခြေအမြစ် ဖြစ်သည်ကို သင်တို့ သိထားကြလော့။",""
210,"သူတို့သည် အလ္လာဟ်က မလာအိကဟ် (နတ်သားများ) * နှင့်အတူ တိမ်တိုက်များမိုးလျက် ကြွလာပြီး၊ စီရင်ချက်ကို အဆုံးသတ်ရန်ကိုသာ စောင့်စားနေကြသလော။ 255 စင်စစ် အရေးကိစ္စအဝဝ သည် အလ္လာဟ် (ပြဋ္ဌာန်းသော တုံ့ပြန် ရလဒ် ဖြစ်ပေါ်မှု ဆီသို့သာ) ပြန်လည်ရောက်ရှိ၏။@*[2:102] အောက်ခြေ (၁၅၆)",""
211,"အိစ်ရာအီလ်၏ သားမြေးတို့ကို ‘ငါသည် သူတို့အား ထင်ရှားသော သက်သေပြ လမ်းညွှန်များမှ မည်ရွေ့ မည်မျှ ပေးအပ်ခဲ့ သနည်း’ ဟု သင်မေးမြန်း ပါလေ။ မည်သူမဆို အလ္လာဟ်၏ ကျေးဇူးပြုမှု ရောက်ရှိပြီး နောက်၎င်းကို ပြောင်းလဲခဲ့သော် (မှတ်သားရမည်မှာ) ဧကန်စင်စစ် အလ္လာဟ်သည် ပြင်းပြသော တုံ့ပြန်မှုကို ပြဋ္ဌာန်းသော အရှင်ဖြစ်၏။",""
212,"လောကီဘဝ၏ ရှင်သန်မှုသည် ဆန့်ကျင်သူတို့၏ အမြင်ကို ဖမ်းစားထားရာ သူတို့က လုံခြုံမှုကို ယုံကြည်ချက် ဖြင့်တည်ဆောက်သော သူတို့အား ပြက်ရယ်ပြုကြ၏။ (အလ္လာ့ဟ် ပြဋ္ဌာန်းချက်နှင့် အညီ မိမိတို့၏ အရည်အသွေး များကို) ထိန်းသိမ်းသော သူတို့သည် ယောက်ဝ်မွတ်လ် ကိယာမဟ် (ရလဒ်များ အပြည့်အဝ ပုံပေါ်လာသော) ကာလတွင် အသာစီး၌ ရှိကြပေမည်။ စင်စစ် အလ္လာဟ်သည် (မိမိ) စံချိန်နှင့် ကိုက်ညီသောသူအား အတိုင်းအဆမရှိ ရိက္ခာချီးမြှင့်ပေမည်။@*[2:70]",""
213,"လူ့အစုအဝေးသည် တစ်စုတစ်စည်းတည်း ပေါင်းစည်း လျက်ရှိ၏။ အလ္လာဟ်သည် နဗီများအား သတင်းကောင်း ပြောကြားသူများ၊ သတိပေးသူများ အဖြစ် စေလွှတ်ခဲ့သည်။ လူတို့အကြား ကွဲလွဲနေကြသည်ကို စီရင်ဆုံးဖြတ်ရန် ဥပဒေကျမ်း ကိုပါ အတူတကွ ချမှတ်ပေးခဲ့၏။ (ယင်းကျမ်းသည်) သစ္စာတရား အပေါ် အခြေခံထား၏။ ၎င်း၌ ကွဲလွဲမှုများ မရှိသော်လည်း ရှင်းလင်းချက်များ ရောက်လာပြီးမှ မလိုမုန်းထားမှုကြောင့် (အချင်းချင်း ကွဲလွဲကြခြင်း ဖြစ်၏)။ သို့ဖြစ်ရာ အလ္လာဟ်သည် လုံခြုံမှုကို ယုံကြည်ချက်ဖြင့် တည်ဆောက်သော သူတို့အား မိမိဥပဒေသနှင့် အညီ သစ္စာတရားအားဖြင့် (ပေါင်းစည်း နေထိုင်မှုကို) ညွှန်ပြခဲ့သည်။ အလ္လာဟ်သည် (မိမိ၏) စံချိန် သတ်မှတ်ချက်နှင့် ကိုက်ညီသော သူကို ဖြောင့်မတ်၍ ဟန်ချက်မျှသော လူ့ဘဝ လမ်းစဉ်ကို ညွှန်ပြ၏။ 256",""
214,"သင်တို့ ဂျန္နဟ် (ဥယျာဉ်) သို့ 257 အလွယ်တကူ ဝင်ရောက်နိုင်မည်ဟု ထင်နေကြသလော။ သင်တို့ အလျင် ရှိခဲ့ကြသော သူတို့၌ သက်ရောက်ခဲ့သော ပစ္စည်းဥစ္စာ ဆုံးရှုံးမှုနှင့် ဘေးအန္တရာယ်မျိုး သင်တို့၌ မသက်ရောက် သေးပေ။ သူတို့သည် (ထိုအခြေအနေများကြောင့်) တုန်လှုပ် ခဲ့ကြ၏။ နောက်ဆုံးတွင် ရစူလ်နှင့် သူ့အပေါင်းအဖော် မုအ်မင်န် တို့သည်ပင် “အလ္လာဟ် ပြဋ္ဌာန်းအပ်သည့် အောင်နိုင်မှုသည် မည်သည့်အခါတွင် ပုံပေါ်မည်နည်း” ဟု ပြောဆိုကြ၏။ မှတ်သား နာယူကြလော့။ ဧကန်စင်စစ် အလ္လာဟ် ပြဋ္ဌာန်းအပ်သော အောင်နိုင်မှုသည် အမှန်ပင် နီးကပ်လျက် ရှိ၏။",""
215,"“မည်သည့် အရာကို မျှဝေရမည်နည်း” ဟု သင့်ကို မေးမြန်းကြ၏။ “ကောင်းကျိုး ဖြစ်စေရာမှ မည်သည်ကို မဆို မိဘနှစ်ပါး၊ နီးစပ်သူများ၊ အားကိုးရာ မဲ့နေသူများ၊ ဖွံ့ဖြိုးမှု ရပ်တန့်သူများ၊ အိမ်ရာ မဲ့နေသူများ - တစ်နည်း - ခရီးသွားများကို မျှဝေကြ။ သင်တို့ ပြုသမျှ ကောင်းကျိုး ဖြစ်စေရာကို အလ္လာဟ် (၏သိမှုဥပဒေ) က ကောင်းစွာ သိနေသည်” ဟု သင်ပြောလော့။",""
216,"သင်တို့ မနှစ်သက်ကြလင့်ကစား ရင်ဆိုင် တိုက်ခိုက်ခြင်းသည် သင်တို့ အပေါ်၌ ပြဋ္ဌာန်းပြီး ဖြစ်သည်။ သင်တို့ မနှစ်သက်သော အရာသည် သင်တို့အဖို့ ကောင်းကျိုး ဖြစ်နိုင်၍၊ နှစ်သက်သော အရာသည်လည်း ဆိုးကျိုး ဖြစ်နိုင်သည်။ အလ္လာဟ် (၏ သိမှုဥပဒေ) က အကုန်အစင် သိ၍ သင်တို့ကား မသိကြချေ။ 258",""
217,"အပစ်အခတ် ရပ်စဲထားသော ကာလ၌ တိုက်ခိုက်ခြင်း နှင့်စပ်လျဉ်း၍ သင့်အား မေးမြန်းကြ၏။ “ထိုကာလ၌ တိုက်ခိုက်ခြင်းသည် ကြီးလေးလှ (သောကျူးကျော်မှု) ဖြစ်၏။ သို့ရာတွင် အလ္လာဟ် ပြဋ္ဌာန်းသော လူ့ဘဝ လမ်းစဉ်မှ တားဆီးခြင်း၊ ထိုလမ်းစဉ်အား ဆန့်ကျင်ခြင်း၊ အလ်မတ်စ်ဂျိဒွတ်လ် ဟရာမ် (အလ္လာ့ဟ်လမ်းညွှန်မှ ပြဋ္ဌာန်းသော လူသားဝါဒအား လေးစားလိုက်နာရာ အဖြစ် သတ်မှတ်ထားသည့် ဗဟိုဌာန) တွင် နေထိုင်ကြသော သူတို့ကို နှင်ထုတ်ခြင်း စသည်တို့သည် အလ္လာ့ဟ် (ပြဋ္ဌာန်းချက်အရ) ပို၍ပင် ကြီးလေးလှ၏။ စင်စစ် နှောင့်ယှက် ဖျက်ဆီးခြင်းသည် သတ်ဖြတ်ခြင်း ထက်ပို၍ ကြီးလေးသော အပြစ်ဖြစ်၏။ သူတို့ တတ်နိုင်ကြလျှင် သင်တို့အား သင်တို့၏ ဒီး (န်) (လူ့ဘဝ တည်ဆောက်မှု စနစ်) မှ မဖောက်ပြန်သရွေ့ သူတို့ တိုက်ခိုက် နေကြမည်သာ ဖြစ်၏။ စင်စစ် မည်သူမဆို မိမိဒီး (န်) မှ ဖောက်ပြန်ပြီး၊ သွေဖည်သူအဖြစ် သေဆုံးခဲ့လျှင် မိမိတို့ ကျင့်မူခဲ့ကြသော ဆောင်ရွက်ချက်များမှာ ပစ္စုပ္ပန်နှင့် အနာဂတ်ကာလ တို့၌ အချည်းနှီးပင် ဖြစ်ချေမည်။ သူတို့သည် အပူမီး၏ အပေါင်းပါများ ဖြစ်ကြ၍၊ ယင်း၌ အမြဲရှိနေကြမည်” ဟု သင်ဖြေကြားလော့။@[ဆက်စပ်အာယဟ် [5:54]]",""
218,"ဧကန်စင်စစ် လုံခြုံမှုကို ယုံကြည်ချက်ဖြင့် တည်ဆောက် သူတို့နှင့် အလ္လာဟ် ပြဋ္ဌာန်းသော လူ့ဘဝလမ်း စဉ်၌ စွန့်လွှတ်စွန့်စား ထွက်ခွာကြ၍၊ 259 စွမ်းစွမ်းတမံ လှုပ်ရှားရုန်းကန်သူတို့ (တစ်နည်း) သက်စွန့်ကြိုးပမ်း ဆောင်ရွက် သူတို့သည် 260 အလ္လာဟ်၏ ရဟ်မဟ် (လုံခြုံမှုပါဝင်သော ထောက်ပံ့မြှင့်တင်မှု) ကို မျှော်လင့် သူများ ဖြစ်ကြ၏။ အလ္လာဟ်သည် လုံခြုံမှုပါဝင်သော ထောက်ပံ့ မြှင့်တင်မှုနှင့် ကာကွယ်ရေးနည်း လမ်းတို့ကို စီမံသော အရှင်ပင် ဖြစ်၏။",""
219,"မူးယစ်စေသော အရာနှင့် 261 အချောင်ရရှိသော ပစ္စည်းတို့နှင့် စပ်လျဉ်း၍ သင့်အား မေးမြန်းကြ၏။ 262 “ထိုနှစ်ခုတွင် ကြီးစွာသော အရည်အချင်း ကျဆင်းမှု ရှိ၏။ ၎င်း၌ လူ့အကျိုးဖြစ်မှု ရှိသော်လည်း အကျိုးထက် အဆိုးက ပို၍ ကြီးမားကြောင်း” သင် ပြောကြားလော့။ တစ်ဖန် မည်သည်ကို မျှဝေ ရမည်နည်းဟု မေးမြန်းကြ၏။ “ဝန် မပိစေသောအရာ” ဟု ဖြေကြားလော့။ အလ္လာဟ် သည်သင်တို့ သုံးသပ် ဆင်ခြင် နိုင်ရန် အလို့ငှာ အာယားသ် (သက်သေပြ လမ်းညွှန်များ) ကို ရှင်းလင်းစွာ ဖော်ပြ၏။",""
220,"လောကီအရေး၊ အနာဂတ်အရေး (တို့ကို ဆင်ခြင် သုံးသပ်နိုင်ရန် ဖြစ်၏)။ သင့်ကို အားကိုးရာမဲ့သူများ 263 နှင့်စပ်လျဉ်း၍ မေးမြန်းကြ၏။ “သူတို့၏ (အရည်အသွေး တိုးတက်လာရန်) ပြုပြင် ပေးခြင်းက အကောင်းဆုံး ဖြစ်သည်။ သင်တို့သည် သူတို့နှင့် ပေါင်းစည်း နေထိုင်ကြ သည်ရှိသော် သူတို့သည် သင်တို့၏ သားချင်းများ ဖြစ်လာ ကြမည်။ အလ္လာဟ်သည် မည်သူက မညီမျှမှုကို ဖန်တီး၍ မည်သူက မျှတညီညွတ်မှုကို ဖန်တီးသနည်း ဆိုသည်ကို (သိမှု ဥပဒေနှင့် အညီ လွှမ်းခြုံ) သိရှိ၏။ အလ္လာဟ်၏ စံချိန်နှင့် မညီညွတ်လျှင် သင်တို့အား ကျပ်တည်း စေမည် ဖြစ်၏။ စင်စစ် ဧကန် အလ္လာဟ်သည် နိုင်နင်းလွှမ်းမိုး၍ ဆင်ခြင်တုံတရား နှင့် ပြည့်စုံသော အရှင် ဖြစ်ကြောင်း” သင် ပြောကြားလော့။",""
221,"သင်တို့ မုရှ်ရစ်က် အမျိုးသမီးများကို 264 မုအ်မင်န် 265 မဖြစ်သမျှ မထိမ်းမြားကြနှင့်။ မုရှ်ရစ်က် အမျိုးသမီး သည် သင်တို့အဖို့ နှစ်သက်စရာ ဖြစ်ငြားလည်း မုအ်မင်န် အစေခံမ, သည်သာ 266 ပို၍ ကောင်းမွန်၏။ ထိုနည်းတူစွာ မုရှ်ရစ်က် အမျိုးသားများ မုအ်မင်န် ဖြစ်မလာမချင်း (မုအ်မင်န် အမျိုးသမီးများနှင့်) ထိမ်းမြားရန် ဆောင်ရွက် မပေးကြနှင့်။ မုရှ်ရစ်က် အမျိုးသားသည် သင်တို့အဖို့ နှစ်သက်စရာ ဖြစ်ငြားလည်း မုအ်မင်န် အစေအပါး သည်သာ ပို၍ ကောင်းမွန်၏။ သူတို့သည် အပူမီးသို့ ဖိတ်ခေါ်နေကြ၏။ အလ္လာဟ် သည်ကား မိမိဥပဒေသ အားဖြင့် ဂျန္နဟ် (ဥယျာဉ်) နှင့် လုံခြုံမှုသို့ ဖိတ်ခေါ်၏။ စင်စစ် အလ္လာဟ်သည် လူတို့ တရားရယူ နိုင်ကြစေရန် မိမိ၏ အာယားသ် (သက်သေပြ လမ်းညွှန်များ) ကို ရှင်းလင်းစွာ ဖော်ပြ၏။",""
222,"ရာသီပန်း ပွင့်ခြင်းနှင့် စပ်လျဉ်း၍ သင့်အားမေးမြန်း ကြ၏။ “၎င်းသည် အနည်းငယ် မအီမသာ ဖြစ်၏။ ရာသီပန်း ပွင့်ချိန်၌ အမျိုးသမီးများနှင့် ခွာ၍ နေကြလော့။ 267 သူမတို့ မသန့်ရှင်း သရွေ့ (ကိုယ်လက်နှီး နှောရန်) အနီးသို့ မချဉ်းကပ်ကြနှင့်။ သန့်ရှင်းသော အခါတွင် သင်တို့သည် အလ္လာဟ် ညွှန်ကြားသော (သဘာဝနှင့်အညီ) ကိုယ်လက် နှီးနှောကြ။ ဧကန်အမှန် အလ္လာဟ်သည် (မိမိဥပဒေသသို့) ပြန်လှည့်သော သူတို့နှင့် သန့်စင်သူတို့အား ရလဒ်ကောင်းများကို သီးပွင့်စေမည်။",""
223,"အမျိုးသမီးတို့သည် သင်တို့၏ လယ်ယာမြေဖြစ်၏။ သင်တို့ (ထွန်ယက်စိုက်ပျိုး) လိုသည့်အခါ မိမိတို့ လယ်ယာမြေသို့ သွားလာကြလော့။ 268 ထိုသို့ဖြင့် မိမိတို့၏ ကိုယ်ရည်ကိုယ်သွေးများ (ဖွံ့ဖြိုးလာရန်) ကြိုတင် ပြင်ဆင်ကြလော့။ သင်တို့ အလ္လာဟ် (၏ လမ်းညွှန်မှု အားဖြင့် ကိုယ်ရည်ကိုယ်သွေးများ ကျဆင်း မသွားစေရန်) ထိန်းသိမ်းကြလော့။ သင်တို့ အလ္လာဟ် (ပြဋ္ဌာန်းအပ်သော ရလဒ်တုံ့ပြန်မှု) နှင့် ဆုံတွေ့ရမည်ကို သိထားကြလော့။ လုံခြုံမှုကို တည်ဆောက် သူတို့အား သင် သတင်းကောင်း ပေးလော့။",""
224,"သင်တို့ အရည်အသွေး ကျယ်ပြောမှု၊ စောင့်စည်းမှုနှင့် လူတို့အကြား စေ့စပ် ပေါင်းစည်းမှု စသည်တို့ကို မပြုလုပ်ကြပါဟု အလ္လာ့ဟ်အား တိုင်တည်၍ မကျိန်ဆို ကြနှင့်။ စင်စစ် အလ္လာဟ်သည် ကြားသိမှု၏ အခြေအမြစ် ဖြစ်သည်။",""
225,"အလ္လာဟ်သည် သင်တို့၏ အဓိပ္ပာယ်မဲ့သော ကျိန်ဆိုမှုနှင့် စပ်လျဉ်း၍ အရေးယူမည် မဟုတ်ပေ။ သို့ရာတွင် စိတ်ထဲမှ လှိုက်လှိုက်လှဲလှဲ ကျိန်ဆိုချက်ကိုမူ (ဖောက်ဖျက်ပါက) အရေးယူမည်။ 269 အလ္လာဟ်သည် စည်းမျဉ်းနှင့် အညီစီမံ ဆောင်ရွက်သော၊ (ဆိုးကျိုးများမှ) အကာအကွယ် ပြုပေးသော အရှင်ဖြစ်၏။",""
226,"ဇနီးသည်များနှင့် (ပေါင်းသင်းမှု မပြုရန်) ကျိန်ဆို သူများသည် လေးလ စောင့်ဆိုင်း ရပေမည်။ 270 ထို့ နောက် ပြန်လည် ရုပ်သိမ်းကြပါလျှင်၊ အလ္လာဟ်သည် လုံခြုံမှု ပါဝင်သော ထောက်ပံ့ မြှင့်တင်မှုကို စီမံသော၊ (ထိုကျိန်ဆိုမှုမှ) အကာအကွယ် ပြုပေးသောအရှင် အမှန်ပင် ဖြစ်၏။",""
227,"သူတို့ ကွာရှင်းမှုကို 271 စိတ်ပိုင်းဖြတ်ကြလျှင်၊ မလွဲဧကန် အလ္လာဟ်သည် ကြားခြင်းနှင့် သိခြင်းတို့၏ အခြေတည်ရာ ဖြစ်၏။",""
228,"ကွာရှင်းခံ အမျိုးသမီးတို့သည် 272 ဓမ္မတာ သုံးကြိမ်တိုင် 273 မိမိတို့ကိုယ်ကို ဆိုင်းငံထားကြရမည်။ အလ္လာဟ် (ပြဋ္ဌာန်းအပ်သော လုံခြုံမှုစနစ်) နှင့် အနာဂတ် ရှင်သန်မှုတို့ အပေါ် ယုံကြည်သူများ ဖြစ်ကြလျှင် မိမိတို့ သားအိမ်များ၌ အလ္လာဟ် (၏ဥပဒေသအရ) ဖြစ်တည် လာသော (ပဋိသန္ဓေ) ကို ထိန်ချန် ထားခွင့် မရှိချေ။ 274 သူမတို့၏ လင်ခင်ပွန်းတို့သည် သင့်မြတ် လိုသောကြောင့် ထိုအတောအတွင်း ပြန်လည် ပေါင်းစည်းခြင်းမှာ အမှန်ကန်ဆုံး ရွေးချယ်မှု ဖြစ်သည်။ 275 စင်စစ် သူမတို့တွင် တာဝန်ရှိ သကဲ့သို့ စည်းကမ်းနှင့် အညီ အခွင့်အရေးလည်း ရှိ၏။ 276 အမျိုးသားများ၌ သူမတို့ထက် သာလွန်မှုတစ်ရပ် ရှိ၏။ 277 စင်စစ်ဧကန် အလ္လာဟ်သည် နိုင်နင်းလွှမ်းမိုး၍ ဆင်ခြင်တုံတရားနှင့် ပြည့်စုံသော အရှင်ဖြစ်၏။",""
229,"ကွာရှင်းမှုသည် နှစ်ကြိမ်ဖြစ်၏။ 278 ထို့နောက် တရားစည်းကမ်းနှင့် အညီ ပြန်လည်ပေါင်းဖက်ရမည်။ သို့မဟုတ် ကောင်းမွန်စွာ စွန့်ခွာရပေမည်။ ပြတ်စဲရာတွင် အမျိုးသမီးများကို ပေးခဲ့သောအရာများမှ တစ်စုံတစ်ခုကို ပြန်ယူခွင့် မရှိတော့ချေ။ သို့ရာတွင် ဇနီးမောင်နှံ နှစ်ဦးတို့သည် အလ္လာဟ် (ပြဋ္ဌာန်းသော) အနားသတ် စည်းဘောင်များကို စောင့်ထိန်းနိုင်ကြမည် မဟုတ်ဟု စိုးရိမ်ကြသည်ရှိသော်၊ ဇနီးသည်ကခင်ပွန်းသည်အား လျော်ကြေး အဖြစ်ပေးသော ပစ္စည်းနှင့်စပ်လျဉ်း၍ သူတို့နှစ်ဦး၌ အပြစ် တစ်စုံတစ်ရာမျှ မရှိချေ။ (တစ်နည်း) ဇနီးသည်က မိမိ၏ ပစ္စည်းများမှ ပြန်ပေးမှသာ အဆင်ပြေချောမွေ့မည် ဖြစ်ပြီး၊ (ပြန်လည် ပေါင်းသင်း နေထိုင်ရာ၌) ခင်ပွန်းသည်မှ အလ္လာဟ် (ပြဋ္ဌာန်းသော) အနားသတ် စည်းဘောင်နှင့် အညီတာဝန်ယူနိုင်ချေ မရှိဟု စိုးရိမ်မကင်း ဖြစ်ကြလျှင် ဇနီးသည်မှ လျော်ကြေး ပေးခြင်းကြောင့် အပြစ်မထိုက်ပေ။ 279 ဤသည်ကား အလ္လာဟ် (ပြဋ္ဌာန်းသော) အနားသတ် စည်းဘောင်ပင် ဖြစ်ရာ သင်တို့ မကျူးကျော်ကြနှင့်။ အလ္လာဟ်၏ အနားသတ် စည်းဘောင်ကို ကျူးကျော်သူတို့သာလျှင် မိုက်မဲသောသူများ ဖြစ်ကြ၏။",""
230,"(တတိယ, အကြိမ်) ကွာရှင်းပြီးနောက် အခြား ကြင်ဘက်တစ်ဦးနှင့် ထိမ်းမြားမှု မပြုမချင်း သူ့အတွက် တရား မဝင်တော့ချေ။ တစ်ဖန် အိမ်ထောင်ပျက်ခဲ့လျှင် သူတို့ နှစ်ဦးသည် အလ္လာဟ် ပြဋ္ဌာန်းသော အနားသတ် စည်းမျဉ်းများအား စောင့်ထိန်းနိုင်မည်ဟု ယုံကြည်၍ ပြန်ပေါင်းခြင်းသည် အပြစ်မဟုတ်။ 280 ဤသည်ကား အလ္လာဟ် ပြဋ္ဌာန်းသော အနားသတ် စည်းမျဉ်းများ ပင်ဖြစ်၏။ အရှင်သည် သိနားလည် သူတို့ အဖို့ ၎င်းကို ရှင်းလင်းဖော်ပြ၏",""
231,"အမျိုးသမီးများအား ကွာရှင်းပြီးနောက် ဆိုင်းငံ့ကာလ ပြည့်မြောက်သောအခါ စည်းကမ်းနှင့်အညီ ပြန်လည် ပေါင်းသင်းကြရမည်။ သို့မဟုတ် စည်းကမ်းနှင့် အညီ စွန့်ခွာ ကြရမည်။ နစ်နာ စေလိုသော စိတ်ဖြင့် ကျူးလွန်ဖို့ရန် ပြန်လည် ပေါင်းသင်းခြင်း မပြုကြရ။ မည်သူမဆို ထိုသို့ ပြုလုပ်ခဲ့သည် ရှိသော် စင်စစ် မိမိကိုယ်ကိုသာ နစ်နာစေမည် ဖြစ်၏။ အလ္လာဟ်၏ အာယားသ် (သက်သေ ပြလမ်းညွှန်များ) ကို ပြက်ရယ် မပြုကြလေနှင့်။ သင်တို့ အလ္လာဟ်၏ ကျေးဇူးပြုမှုကို လည်းကောင်း၊ ဥပဒေကျမ်းနှင့် ဆင်ခြင်ဉာဏ် အသုံးချမှု တို့ကို ချမှတ်ပေးမှုအား လည်းကောင်း ထုတ်ဖော်ကြလော့။ အရှင်သည် ထို (ကျမ်း) ဖြင့် သင်တို့အား ဆုံးမသွန်သင်၏။ သင်တို့ အလ္လာ့ဟ် (ပြဋ္ဌာန်းချက်များနှင့် အညီ မိမိတို့၏ အရည်အသွေးများ ကျဆင်း မသွားစေရန်) ထိန်းသိမ်းကြလော့။ အလ္လာဟ်သည် အရာခပ်သိမ်း၏ အသိပညာကို ပိုင်ဆိုင်ကြောင်း သင်တို့ သိထားကြလော့။@[ဆက်စပ်အာယဟ်များ [65:2] [65:6]]",""
232,"ထို့ပြင် သင်တို့ အမျိုးသမီးများအား ကွာရှင်း ပြီးနောက် 281 ဆိုင်းငံ့ ကာလ ပြည့်မြောက်သော အခါ သူမ တို့သည် မိမိတို့၏ ခင်ပွန်းတို့နှင့် 282 အချင်းချင်း သဘောချင်းမျှ၍ တရား စည်းကမ်းနှင့် အညီ ထိမ်းမြား ကြလျှင် ပိတ်ပင် တားဆီးမှု မပြုကြရ။ ဤသည် အလ္လာဟ်နှင့် အနာဂတ်ဘဝ ရှင်သန်မှုကို ယုံကြည်သူအဖို့ အဆုံးအမပင် ဖြစ်၏။ ဤသည် သင်တို့အဖို့ ပို၍ ရှင်သန် ဖွံ့ဖြိုးသော၊ ပို၍ အပြစ်ကင်းသော ဘဝကို ပိုင်ဆိုင်ရန် အတွက် ဖြစ်သည်။ စင်စစ် အလ္လာဟ်သည် သိ၏။ သင်တို့ မသိကြချေ။",""
233,"ကာလပြည့် နို့ချိုတိုက်ကျွေးလိုသော မိခင်တို့သည် ရင်သွေးတို့ကို နှစ်နှစ်တိုင် နို့ရည်တိုက်ကျွေးရမည်။ ထို့ပြင် မိခင်များ၏ စားဝတ်နေရေးသည် စည်းကမ်းနှင့်အညီ ကလေး၏ ဖခင်အပေါ်၌ တာဝန်ရှိ၏။ 283 မည်သူမျှ တတ်စွမ်းသည် ထက်ပို၍ တာဝန် ပေးအပ်ခံရခြင်း မရှိ။ (ပေးအပ်ထားသော တာဝန်သည် သူ့ အရည်အသွေး ကျယ်ပြောရန်သာ ဖြစ်၏)။ ရင်သွေးကြောင့် မည်သည့် မိခင်နှင့် ဖခင်မျှ မနစ်နာစေရ။ (ကလေး၏ ဖခင် ကွယ်လွန်သော်) အမွေဆိုင်တို့ အပေါ် ထပ်တူ တာဝန်ရှိ၏။ နှစ်ဦး နှစ်ဖက် ညှိနှိုင်း၍ သဘောတူညီမှုဖြင့် (နှစ်နှစ် မပြည့်မီ) နို့ဖြတ်လျှင် အပြစ် မထိုက်ချေ။ တစ်ဖန် နို့ထိန်း တစ်ဦး ငှားရမ်းပြီး စည်းကမ်း နှင့်အညီ ပေးရမည့် အခကို ပေး၍ နို့တိုက်ကျွေးစေခြင်း ဖြင့်လည်း အပြစ် မထိုက်ချေ။ သင်တို့ အလ္လာ့ဟ် (ပြဋ္ဌာန်းချက်နှင့်အညီ ကိုယ်ရည် ကိုယ်သွေးများ) ကိုထိန်းသိမ်း ကြလော့။ ထို့ပြင် အလ္လာဟ်သည် သင်တို့ ပြုကျင့်သမျှကို သိမြင်ကြောင်း သိထားကြလော့။",""
234,"သင်တို့အနက်မှ ကွယ်လွန် သွားကြသော သူတို့၏ ကျန်ရစ်သော ဇနီးသည် တို့သည် မိမိတို့၏ ဆန္ဒများကို လေးလနှင့် ဆယ်ရက် ဆိုင်းငံ့ ထားကြရမည်။ 284 ဆိုင်းငံ့ ကာလ ပြည့်သော အခါ သူမတို့၏ စိတ်ဆန္ဒ အလျောက် တရားစည်းကမ်း နှင့်အညီ ပြုလုပ်သော ကိစ္စတို့ကြောင့် သင်တို့၌ အပြစ်မရှိချေ။ 285 စင်စစ် အလ္လာဟ်သည် သင်တို့ ပြုမူသော ကိစ္စများအား သတင်း အချက်အလက် အားဖြင့် မှတ်တမ်းတင် ထား၏။",""
235,"ထိုမုဆိုးမ တို့အား စေ့စပ် ကြောင်းလမ်းမှုနှင့် စပ်လျဉ်း၍ အရိပ်အမြွက် ပြောဆို သည်ဖြစ်စေ၊ မိမိတို့ စိတ်ထဲ၌ မျိုသိပ်ထား သည်ဖြစ်စေ သင်တို့အပေါ်တွင် တစ်စုံတစ်ရာ အပြစ်မဖြစ်ပေ။ သင်တို့ သူမတို့အား ဖွင့်ဟ ပြောဆိုမည်ကို အလ္လာဟ်သည်သိ၏။ သို့ရာတွင် သူမတို့အား တရားစည်းကမ်းနှင့် အညီ (အရိပ် အမြွက်) ပြောဆိုခြင်း မှအပ လျှို့ဝှက်စွာ နှောင်ဖွဲ့ခြင်းမျိုး မပြုလုပ်ကြရ။ ဥပဒေမှ ပြဋ္ဌာန်းအပ်သော ဆိုင်းငံ့ ကာလ မပြည့်မီ ထိမ်းမြားရန် ထုံးဖွဲ့မှုကို စိတ်ပိုင်း မဖြတ်ကြနှင့်။ စင်စစ် အလ္လာဟ်သည် သင်တို့ စိတ်တွင်း ရှိသည်တို့ကို သိရှိကြောင်း မှတ်ယူ ကြလော့။ အရှင်၏ (လမ်းညွှန်များ) ကို သတိပြုကြလော့။ (တစ်နည်း) အရှင် (၏ ပြဋ္ဌာန်းချက်အရ ပြစ်မှု မြောက်သော အရာများ) မှ ရှောင်ကြဉ်ကြလော့။ ထို့ပြင် သိထား ကြရမည်မှာ အလ္လာဟ်သည် လုံခြုံမှုပါဝင်သော ထောက်ပံ့ မြှင့်တင်မှုကို စီမံသော၊ (ဆိုးကျိုးများမှ) အကာအကွယ် ပြုပေးသောအရှင် အမှန်ပင် ဖြစ်၏။",""
236,"သင်တို့ (ထိမ်းမြားပြီးနောက်) ဇနီးသည်များနှင့် မထိတွေ့မီ၊ သို့မဟုတ် (မင်္ဂလာလက်ဆောင်) မသတ် မှတ်မီ အလျင် ကွာရှင်းခဲ့လျှင် အပြစ် မရှိချေ။ ထို့ပြင် သူမတို့အား အကျိုး ခံစားခွင့် ပေးကြလော့။ တတ်စွမ်းသူသည် တတ်စွမ်းသည့်အလျောက်၊ မတတ်စွမ်း သူသည် မတတ်စွမ်းသည့် အလျောက် တရားစည်းကမ်း နှင့်အညီ အကျိုးခံစားခွင့် ပေးရန်ဖြစ်၏။ (ဤသည် ဘဝကို) ဟန်ချက်မျှစွာ တည်ဆောက်သူတို့ အဖို့ တာဝန် တစ်ရပ်ပင် ဖြစ်၏။",""
237,"သင်တို့ ဇနီးသည်တို့နှင့် (မင်္ဂလာလက်ဆောင်) သတ်မှတ်ပြီးမှ ကွာရှင်းခဲ့ကြလျှင် ထက်ဝက်ကို ပေးကြရမည်။ သို့ရာတွင် သူမတို့က ခွင့်လွှတ်သည်ရှိသော်၊ သို့မဟုတ် ထိမ်းမြား ထုံးဖွဲ့မှုကို လက်ဝယ် ပိုင်ဆိုင်သော (ကာမပိုင် ခင်ပွန်းက) ခွင့်လွှတ်၍ (အပြည့် ပေးသည် ရှိသော် အပြစ်ဆိုဖွယ် မရှိပေ)။ 286 စင်စစ် သင်တို့၏ ခွင့်လွှတ်ခြင်းသည် (အလ္လာ့ဟ် ပြဋ္ဌာန်းချက်အား) ထိန်းသိမ်းခြင်းနှင့် ပို၍နီးစပ်၏။ သင်တို့ အချင်းချင်း ဂုဏ်ပေး လေးစားခြင်း ကို မမေ့လျော့ကြနှင့်။ ဧကန်စင်စစ် အလ္လာဟ်သည် သင်တို့ ပြုကျင့်သမျှကို သိမြင်မှု ဥပဒေသဖြင့် မှတ်တမ်းတင် ထား၏။",""
238,"သင်တို့သည် ဆွလာဟ်များကို 287 ထိန်းသိမ်းကြလော့။ (အထူးသဖြင့်) အလယ် ဗဟိုပြု ဆွလာ့ဟ်ကို 288 ထိန်းသိမ်း ကြလော့။ သင်တို့သည် အလ္လာ့ဟ် (လမ်းညွှန်မှု) အပေါ် တစိုက်မတ်မတ် ရပ်တည် လိုက်နာ ကြလော့။",""
239,"သို့ဖြစ်ရာ သင်တို့ တစ်စုံတစ်ခုသော အန္တရာယ်ကို စိုးရိမ်လျှင် ခြေလျင်ဖြစ်စေ၊ အစီးအနင်း စီးနင်းလျက် ဖြစ်စေ၊ 289 တစ်ဖန် ဘေးရန်ကင်းငြိမ်းသော အခါ သင်တို့ မသိခဲ့ကြသည်ကို အလ္လာဟ်က သင်ကြားပေးခဲ့သည့် အတိုင်း အလ္လာ့ဟ် (ပြဋ္ဌာန်းချက်များအား) ထုတ်ဖော်ကြလော့။",""
240,"သင်တို့အနက်မှ ကွယ်လွန် သွားကြသော သူတို့၏ ကျန်ရစ်သော ဇနီးသည်တို့နှင့် စပ်လျဉ်း၍ အိမ်မှ ထွက်မသွားစေဘဲ၊ တစ်နှစ်တာ အကျိုးခံစားနိုင်ရန် သေတမ်းစာ ရှိရမည်။ 290 သူမတို့၏ ဆန္ဒအလျောက် ထွက်ခွာပြီး တရား စည်းကမ်းနှင့် အညီ ဆောင်ရွက်ကြသည့် ကိစ္စနှင့် စပ်လျဉ်း၍ သင်တို့ အပေါ် အပြစ် မထိုက်ချေ။ စင်စစ် အလ္လာဟ် (၏ ပြဋ္ဌာန်းချက်) သည် နိုင်နင်း လွှမ်းမိုး၍ ဆင်ခြင်ဉာဏ်နှင့် ပြည့်စုံ၏။",""
241,"ကွာရှင်းခံ အမျိုးသမီးတို့အားလည်း တရားစည်းကမ်း နှင့်အညီ ခံစားခွင့်ပေးခြင်းသည် (အလ္လာ့ဟ်လမ်း ညွှန်မှုကို) ထိန်းသိမ်းသော သူတို့အပေါ်၌ တာဝန် တစ်ရပ် ဖြစ်၏။ @[ဆက်စပ်အာယဟ်များ [65:6-7]]",""
242,"အလ္လာဟ်သည် မိမိ၏ အာယားသ် (သက်သေပြ လမ်းညွှန်များ) အား သင်တို့ အသိဉာဏ် စေစားနိုင်ကြရန် ဤသို့ပင် ရှင်းလင်း ဖော်ပြ၏။",""
243,"ထောင်ပေါင်း များစွာ ရှိကြပါလျက် သေဘေးကို စိုးရိမ်၍ မိမိတို့ အခြေချ နေထိုင်ရာများမှ ထွက်ခွာကြသော သူတို့နှင့် စပ်လျဉ်း၍ သင်သုံးသပ် ခဲ့ပါသလော။ သို့ဖြစ်ရာ အလ္လာဟ်က သင်တို့ သေဆုံးကြလော့ဟု မိန့်ခဲ့၏။ တစ်ဖန် သူတို့အား ရှင်သန်စေခဲ့သည်။ 291 ဧကန်စင်စစ် အလ္လာဟ် သည် လူတို့ အပေါ် ကျေးဇူးပြုသော အရှင် ဖြစ်သော်လည်း လူအများစုမှာမူ ကျေးဇူးကန်း ကြသည်။",""
244,"သင်တို့ အလ္လာဟ် (ပြဋ္ဌာန်းအပ်သော လူ့ဘဝ) လမ်းစဉ်၌ တိုက်ပွဲဝင်ကြလော့။ 292 ဧကန်စင်စစ် အလ္လာဟ်သည် ကြားသိမှု၏ အခြေအမြစ် ဖြစ်ကြောင်း သိထားကြလော့။",""
245,"အလ္လာဟ် (၏ ပြဋ္ဌာန်းချက်နှင့်အညီ လူ့ဘောင်) ကို ဟန်ချက် မျှစေသော ချေးငှားမှုကို 293 မည်သူပြုမည်နည်း။ သို့ချေငှား သူအဖို့ အရှင်သည် အဆပေါင်းများစွာ တိုးပွား စေမည်။ ကျပ်တည်းခြင်းနှင့် ချောင်လည်ခြင်းသည် အလ္လာ့ဟ် (တုံ့ပြန်မှု ဥပဒေနှင့်အညီ) ဖြစ်ပေါ်သည်။ စင်စစ် သင်တို့သည် ထို (တုံ့ပြန်ရလဒ်) ဆီသို့သာ ပြန်လှည့် ကြရပေမည်။",""
246,"မူဆာ မရှိသည့် နောက်တွင် အိစ်ရာအီလ်၏ သားမြေးများ အနက်မှ ခေါင်းဆောင် တို့၏ အဖြစ်ကို သင် သုံးသပ် ခဲ့ပါသလော။ သူတို့က နဗီအား “ကျွန်ုပ်တို့ အလ္လာဟ် (ပြဋ္ဌာန်းအပ်သော လူ့ဘဝ) လမ်းစဉ်၌ တိုက်ပွဲဝင်ကြရန် ဘုရင်တစ်ပါး ခန့်အပ်ပေးပါ” ဟု လျှောက်ထားကြ၏။ နဗီက “သင်တို့အပေါ် တော်လှန် တိုက်ခိုက်ရန် ပြဋ္ဌာန်းပြီး ဖြစ်ပါလျက်၊ သင်တို့ တိုက်ခိုက်ခြင်း မပြုဘဲ ရှောင်လွှဲ လိုကြဟန်တူသည်” ဟု ဖြေကြား၏။ သူတို့က “ကျွန်ုပ်တို့သည် မိမိတို့၏ နေအိမ်များမှ နှင်ထုတ်ခံကြရပြီး၊ သားသမီးများနှင့်လည်း ခွဲခွာခဲ့ ကြရပြီ၊ သို့ပါလျက် အလ္လာဟ် (ပြဋ္ဌာန်းအပ်သော လူ့ဘဝ) လမ်းစဉ်၌ တိုက်ပွဲ မဝင်ကြရန် မည်သည့် အကြောင်း ရှိပါသနည်း” ဟု တုံ့ပြန်ပြောဆိုကြ၏။ ထို့နောက် တုံ့ပြန်တိုက်ခိုက်ကြရန် ပြဋ္ဌာန်း လိုက်သည့်အခါ သူတို့အနက် အနည်းငယ်မှအပ ကျန်လူများအားလုံး ကျောခိုင်း၍ လှည့်ထွက်သွားကြ၏။ အလ္လာဟ်သည် မိုက်မဲသော သူတို့အား သိမှုဥပဒေသဖြင့် လွှမ်းခြုံ သိရှိ၏။",""
247,"သူတို့၏ နဗီက “အလ္လာဟ်သည် သင်တို့အဖို့ တွော်လူးသ်ကို 294 စီမံအုပ်ချုပ်သူအဖြစ် ခန့်အပ်လိုက်ပြီ” ဟု ပြောဆို၏။ သူတို့က “စင်စစ် သူသည် ကျွန်ုပ်တို့ အပေါ် မည်သို့ ဩဇာ အာဏာ ရှိအံ့။ ကျွန်ုပ်တို့သည် ဩဇာ အာဏာရှိရန် ပို၍ပင် ထိုက်သင့်ကြ၏။ သူသည် ဥစ္စာဓန ကြွယ်ဝ သူလည်း မဟုတ်” ဟု တုံ့ပြန်ကြ၏။ နဗီက “ဧကန်အမှန် အလ္လာဟ်သည် တွော်လူးသ်ကို သင်တို့ အပေါ်၌ ရွေးချယ် တင်မြှောက် လိုက်ပြီ၊ အရှင်သည် သူ့အား ဉာဏ်ပညာ ကျယ်ပြောမှု (ဉာဏဗလ) နှင့် ခန္ဓာကိုယ် ကြံ့ခိုင်မှု (ကာယဗလ) တို့ကို ပိုမို ကျယ်ဝန်းစွာ ချီးမြှင့်ခဲ့၏။ စင်စစ် အလ္လာဟ်သည် မိမိ၏ စံချိန်နှင့် ကိုက်ညီသူအား ဩဇာအာဏာကို ချီးမြှင့်ခြင်းပင် ဖြစ်၏။ အလ္လာဟ်၏ သိမှုဥပဒေသသည် ကျယ်ပြောလှသည်” ဟု ဆို၏။",""
248,"သူတို့၏ နဗီက “တွော်လူးသ်၏ ဩဇာအာဏာ အတွက် သက်သေ သာဓက တစ်ရပ်မှာ သင်တို့အား ပျိုး ထောင်မှုစနစ် နှင့်အညီ ဖွံ့ဖြိုးစေသော အရှင့်ထံမှ တည်ငြိမ် အေးချမ်းမှုနှင့် ပြည့်စုံသော စိတ်နှလုံး 295 သက်ရောက် လာခြင်း ပင်ဖြစ်သည်။ ယင်း (စိတ်နှလုံး) ၌ မူဆာနှင့် ဟာရူး (န်) တို့၏ သားမြေးတို့က ချန်ရစ်ခဲ့သော (အသိပညာ ပါဝင်ပြီး) ၎င်းကို သဘာဝ စွမ်းအားများက စောင့်ရှောက် ထားပေသည်။ သင်တို့သည် လုံခြုံမှုပါဝင်သော ယုံကြည်ချက် ကိုပုံဖော်သူ (မုအ်မင်န်) များဖြစ်ကြလျှင် ဤတွင် (တွော်လူးသ်၏ စီမံအုပ်ချုပ်မှုအတွက်) အာယဟ် (သက်သေသာဓက) တစ်ရပ် အမှန်ပင် ရှိ၏။",""
249,"ထို့နောက် တွော်လူးသ်သည် စစ်သည်တော်များနှင့် တကွ ချီတက်လာစဉ် သူက “စင်စစ် ဧကန် အရှင်သည် သင်တို့၏ စွမ်းရည်များကို မြစ်တစင်း အားဖြင့် ဖော်ထုတ်ရန် စီမံထား၏။ မည်သူမဆို ထိုမြစ်မှ သောက်သုံးလျှင် ကျွန်ုပ်နှင့် မဆိုင်၊ မသောက်သုံးသောသူသာ ဆိုင်၏။ သို့ရာတွင် လက်တစ်ခုပ်စာမျှ (သောက်သုံးလျှင် အကြောင်း မဟုတ်ပေ)” ဟုဆို၏။ သို့ပါလျက် သူတို့အနက်မှ အနည်းငယ်သော သူတို့မှအပ (ကျန်အားလုံးသည်) သောက်သုံးခဲ့ကြ၏။ ထို့နောက် တွော်လူးသ်နှင့်အတူ မြစ်ကို ဖြတ်ကူး ခဲ့ကြသော မုအ်မင်န်များ (အနက်မှအချို့) သည် “ကျွန်ုပ်တို့သည် ဂျာလူးသ် 296 နှင့် သူ့တပ်ကို ရင်ဆိုင် ရန် အင်အား မရှိပါ” ဟု ပြောဆိုကြ၏။ အလ္လာဟ် (ပြဋ္ဌာန်းသော တုံ့ပြန်ရလဒ်နှင့်) ကြုံဆုံရမည်ကို ယုံကြည်သော သူတို့ကမူ “အလ္လာဟ်၏ ဥပဒေသအရ လူနည်းစုက လူများစုကို အကြိမ်များစွာ အောင်နိုင်ခဲ့ကြ၏။ စင်စစ် အလ္လာဟ်သည် ကြံ့ခိုင်သူတို့နှင့် အတူတကွ ရှိတော်မူ၏” ဟု ပြောဆိုကြသည်။",""
250,"သူတို့သည် ဂျာလူးသ်နှင့် သူ့စစ်တပ်ကို ရင်ဆိုင် ကြသောအခါ၊ “အို-ကျွန်ုပ်တို့အား ပျိုးထောင်မှု စနစ်နှင့် အညီ ဖွံ့ဖြိုးစေသော အရှင်၊ ကျွန်ုပ်တို့ အပေါ် ဇွဲသတ္တိကို သွန်းလောင်း ပေးပါ။ ထိုသို့ဖြင့် ကျွန်ုပ်တို့၏ ရပ်တည်မှုကို ခိုင်မြဲ စေတော်မူပါ။ ဆန့်ကျင် သူတို့အပေါ် လွှမ်းမိုး အောင်နိုင် စေတော်မူပါ” ဟု လျှောက်ထားကြ၏။",""
251,"သူတို့သည် အလ္လာဟ်၏ ဥပဒေသအရ (ဂျာလူးသ်၏ စစ်သည်တို့အား) အရေးနိမ့် စေခဲ့သည်။ ဒါဝူဒ် သည်လည်း 297 ဂျာလူးသ်ကို သုတ်သင်ခဲ့၏။ ထို့နောက် အလ္လာဟ်သည် ဒါဝူဒ်ကို အုပ်ချုပ်မှုနှင့် စီရင်ဆုံး ဖြတ်မှုစွမ်းရည်ကို ချီးမြှင့်၍၊ မိမိ၏ စံချိန်နှင့် ပြည့်မီသောကြောင့် အသိပညာ (ဝဟ်ယ်) ကို 298 ပို့ချပေးခဲ့သည်။ အကယ်၍ အလ္လာဟ်သည် (မိမိ၏) တွန်းလှန် ပယ်ရှားမှု ဥပဒေအရ လူအချို့ကို အချို့ဖြင့် မနှိမ်နင်းခဲ့လျှင်၊ မြေကမ္ဘာသည် ဖရိုဖရဲ၊ ဗရမ်းဗတာ ဖြစ်သွားပေမည်။ 299 စင်စစ်တွင် အလ္လာဟ်သည် ကမ္ဘာသူ ကမ္ဘာသားတို့ အပေါ် ကျေးဇူး ပြုသော အရှင် ဖြစ်၏။",""
252,"ဤသည်ကား အလ္လာဟ်၏ အာယားသ် (သက်သေပြ လမ်းညွှန်များ) ဖြစ်၏။ ငါသည် ၎င်းကို သင့်အပေါ် တိကျ မှန်ကန်စွာ ဖတ်ကြားပြ၏။ ဧကန်စင်စစ် သင်သည် ရစူလ်များအနက်မှ ဖြစ်၏။",""
253,"ငါသည် ဤရစူလ်များအနက် အချို့ကို အချို့ထက် ဂုဏ် သတင်း အားဖြင့် ကျော်စော စေခဲ့၏။ 300 သူတို့အနက် အလ္လာဟ်က စကားပြောခဲ့သူလည်း ရှိ၏။ 301 အချို့ကိုမူ အခွင့်အလမ်းများ အားဖြင့် သာလွန်မှုကို ချီးမြှောက်ခဲ့သည်။ 302 မရ်ယန်မ်၏သား အီစာအား ရှင်းလင်းချက်များ (ပါဝင်သောကျမ်းဂန်) ကို ချီးမြှင့်ခဲ့၏။ (ဆိုလိုသည်မှာ) ငါသည် သူ့အား ထူးကဲသော ဉာဏ်စဉ် (ဝါ) ဝဟ်ယ်အားဖြင့် အားဖြည့် ပေးခြင်းဖြစ်၏။* စင်စစ် အလ္လာဟ်၏ စံချိန်နှင့် ကိုက်ညီခဲ့လျှင် သူတို့ထံထို (ရစူလ်) များ ရောက်လာပြီး နောက်တွင် လည်းကောင်း၊ ရှင်းလင်းသော လမ်းညွှန်ချက်များ ရောက်ရှိပြီး နောက်တွင် လည်းကောင်း အချင်းချင်း တိုက်ခိုက်ကြမည် မဟုတ်ပေ။ သို့သော် သူတို့ ကွဲလွဲ ခဲ့ကြ၏။ သူတို့တွင် ယုံကြည် သူများရှိ၍ သွေဖည် ဆန့်ကျင်သူများ လည်းရှိ၏။ အကယ်၍ အလ္လာဟ်၏ ဥပဒေသ စံချိန်နှင့် ကိုက်ညီခဲ့လျှင် အချင်းချင်း တိုက်ခိုက်ကြမည် မဟုတ်ပေ။ စင်စစ်တွင် အလ္လာဟ်သည် မိမိ (ချမှတ်ရန်) လိုအပ်သော ဥပဒေကို စီမံပြဋ္ဌာန်း၏။ @[[(رُوْحُ الْقُدُسِ) နှင့်စပ်လျဉ်း၍ * [2:87] အောက်ခြေ (၁၄၆) တွင်လည်း ဖော်ြပခဲ့ပါသည်။ ၎င်းကို ကောင်းကင် တမန်ဟု အနက် ကောက်လေ့ ရှိကြသည်။ စင်စစ်တွင် အထက်၌ ဖော်ပြထားသည့်အတိုင်း “ထူးကဲသော ဉာဏ်စဉ် (ဝါ) ဝဟ်ယ်” ကို ရည်ညွှန်းခြင်း ဖြစ်၏။ [2:87] နှင့် ဤအာယဟ်တို့တွင် (رُوْحُ الْقُدُسِ) ‘ရူဟုလ် ကုဒုစ်’ ကို “ထူးကဲသော ဉာဏ်စဉ် (ဝါ) ဝဟ်ယ်” ဟု ရည်ညွှန်းသုံးနှုန်းခြင်း ဖြစ်သည်။ ]]",""
254,"အို-လုံခြုံမှုကို ယုံကြည်ချက်ဖြင့် တည်ဆောက်သူတို့၊ ငါချီးမြှင့်သော ဘဝ အထောက်အပံ့များမှ ရောင်းဝယ်မှု မရှိသော၊ မျှဝေခံစားမှု မရှိသော၊ ကြားဝင် ပေးမှု မရှိသော ကာလ မတိုင်မီ မျှဝေကြလော့။ စင်စစ် လုံခြုံမှုကို သွေဖည် ဆန့်ကျင်သော သူတို့သာလျှင် ကျူးကျော်၊ မိုက်မဲသူများ ဖြစ်ကြ၏။",""
255,"အလ္လာဟ်မှအပ အားထားခိုလှုံရာအရှင် (တစ်နည်း) လွှမ်းမိုး အုပ်ချုပ်သော အရှင်ဟူ၍ အလျှင်း မရှိချေ။ 303 အရှင်သည် ရှင်သန်မှု၏ အခြေအမြစ်ဖြစ်၍ တည်မြဲမှုကို ပိုင်ဆိုင်သောအရှင် ဖြစ်၏။ 304 ငိုက်မျဉ်းခြင်းနှင့် အိပ်စက် ခြင်းသည် အရှင့်အား မဖိစီးနိုင်ချေ။ စကြဝဠာများနှင့် ကမ္ဘာဂြိုဟ်တို့တွင် ရှိသမျှတို့သည် အရှင့် ပိုင်ဆိုင်မှု၌ ရှိပေသည်။ အရှင့် ဥပဒေသအရ ပြဋ္ဌာန်းထားခြင်း မရှိဘဲ အရှင့်ထံပါး ကြားဝင်နိုင်သူ မည်သူရှိအံ့နည်း။ 305 အရှင်သည် သူတို့၏ ပစ္စုပ္ပန်နှင့် အနာဂတ်တို့ကို သိရှိ၏။ သူတို့သည် အရှင် သိသော အရာများ အနက်မှ အရှင့် စံချိန်နှင့် ညီညွတ် သည်မှအပ တစ်စုံတစ်ရာ ကိုခြုံငုံမိ နိုင်သည် မဟုတ်ပေ။ အရှင့် အုပ်ချုပ်မှုသည် 306 စကြဝဠာများနှင့် ကမ္ဘာဂြိုဟ်တို့ကို လွှမ်းခြုံလျက် ရှိ၏။ ၎င်းတို့ကို ထိန်းသိမ်းခြင်းသည် အရှင့်အား ပင်ပန်းနွမ်းနယ် စေသည် မဟုတ်ပေ။ အရှင်သည် မကြံစည် နိုင်လောက်အောင် မြင့်မား၍ ထူးကဲ မြင့်မြတ်သော အရှင်တည်း။",""
256,"ဒီးန် (အစ္စလာ့မ်လူ့ဘဝ တည်ဆောက်မှု စနစ်) တွင် အဓမ္မ လုံးဝ မရှိချေ။ ဧကန် အမှန် လမ်းစဉ်မှန်သည် မှောက်မှား ထွေပြားသော လမ်းစဉ်မှ ထင်ရှားပြီး ဖြစ်၏။ သို့ဖြစ်ရာ မည်သူမဆို တွော်ဂူးသ်ကို 307 ငြင်းပယ်၍ အလ္လာဟ်ကို ယုံကြည်ပါမူ သူသည် အလွန်ခိုင်ခံ့သော ကြိုးကွင်းကို မြဲမြံစွာ ဆုပ်ကိုင်ထားပြီး ဖြစ်မည်။ ထိုကြိုးကွင်းမှာ မည်သည့် အခါမျှ ပြတ်တောက် သွားမည် မဟုတ်ပေ။ စင်စစ် အလ္လာဟ်သည် ကြားသိမှု၏ အခြေအမြစ် ဖြစ်၏။",""
257,"အလ္လာဟ်သည် မုအ်မင်န်တို့၏ ဝလီဖြစ်သည်။ 308 အရှင်သည် မုအ်မင်န်တို့ကို အမိုက်မှောင်များမှ အလင်းရောင် ဆီသို့ ထုတ်ယူ၏။ ဆန့်ကျင်သူတို့၏ ဝလီများမှာ တွော်ဂူးသ် ဖြစ်၏။ တွော်ဂူးသ်သည် ဆန့်ကျင် သူတို့ကို အလင်းရောင်မှ အမှောင်များ ဆီသို့ ထွက်စေသည်။ ဆန့်ကျင် သူတို့သည် အပူမီး၏ အပေါင်းပါများ ဖြစ်ကြသည်။ သူတို့ ထိုမီး၌ ကြာရှည်စွာ နေထိုင်ကြရမည်။",""
258,"သင်သည် အလ္လာဟ်က ဩဇာအာဏာ ချီးမြှင့်ခဲ့သော ဘုရင်၏ 309 အကြောင်းကို သုံးသပ်မှု မပြုခဲ့လေ သလော။ သူသည် ယင်းဩဇာအာဏာကို အကြောင်းပြုပြီး၊ အိဗ်ရာဟီမ်၏ အရှင်နှင့်ပတ်သက်၍ အတိုက်အခံပြုခဲ့၏။ အိဗ်ရာဟီမ်က “ကျွန်ုပ်အား ပျိုးထောင်မှု စနစ်နှင့်အညီ ဖွံ့ဖြိုးစေသော အရှင်သည် ရှင်ခြင်း၊ သေခြင်းကို စီမံ၏” 310 ဟု ဆိုသောအခါ၊ သူက “ကျွန်ုပ်လည်း ရှင်ခြင်း၊ သေခြင်းကို စီမံနိုင်၏” ဟု ခွန်းတုံ့ပြန်၏။ အိဗ်ရာဟီမ်က “အလ္လာဟ်သည် နေကို အရှေ့ဘက်မှ ထွက်စေရာ သင်သည် ၎င်းကို အနောက်ဘက်မှ ထွက်စေလော့” ဟု ပြောဆိုသောအခါ ဆန့်ကျင်သူ (ဘုရင်) သည် အံ့အားသင့်၍ တွေဝေသွားလေ၏။ စင်စစ် အလ္လာဟ်သည် ကျူးကျော် မိုက်မဲ သူတို့အား ဘဝလမ်းမှန်ကို ညွှန်ပြသည် မဟုတ်ပေ။",""
259,"သို့မဟုတ် အမိုးအကာများ ပြိုပျက်နေသည့် မြို့ရွာကို ဖြတ်သန်းသွားသူ၏ ဥပမာကို (သင် သုံးသပ်ခဲ့ပါသလော)။ သူက “ဤမြို့ရွာ သေလွန်ပြီးနောက် မည်သည့်အခါ ပြန်လည် ရှင်သန်လာအံ့နည်း” 311 ဟု ဆို၏။ သို့ဖြစ်ရာ အလ္လာဟ်က သူ့အား နှစ်တစ်ရာ သေစေပြီးနောက် ပြန်လည် နိုးထစေခဲ့၏။ 312 အရှင်က “သင် ကာလမည်မျှ ကြာအောင် ဤအခြေအနေ၌ ရှိခဲ့သနည်း” ဟု မေးရာ၊ သူက “တစ်နေ့၊ သို့မဟုတ် တစ်နေ့၏ အချို့အစိတ်အပိုင်းမျှ ရှိခဲ့သည်” ဟု ဖြေ၏။ အရှင်က “စင်စစ်တွင် သင်သည် နှစ်တစ်ရာတိုင် ဤအခြေအနေ၌ ရှိခဲ့သည်။ သင် မိမိ၏ အစားအသောက်ကို ကြည့်လော့။ နှစ်ပရိစ္ဆေဒက ၎င်းအား တိုက်စားခြင်း မရှိချေ။ တစ်ဖန် သင်၏ မြည်းကို ကြည့်လော့။ 313 ငါသည် သင့်အား လူတို့အဖို့ နမူနာတစ်ခု ပြုလုပ်မည်။ ထို့ပြင် အရိုးများကို ကြည့်လော့။ ငါသည် ၎င်းတို့ကို မည်သို့မည်ပုံ ချိတ်ဆက်သနည်း။ တစ်ဖန် ၎င်းတို့ကို အသားအရေဖြင့် မည်သို့ ဆင်ယင်ပေးသနည်း” 314 ဟု မိန့်၏။ သို့ဖြင့် သူ့အဖို့ ရှင်းလင်းသွားသောအခါ၊ သူက “မုချဧကန်အလ္လာဟ်သည် အရာခပ်သိမ်းအပေါ် အတိုင်းအတာ သတ်မှတ်ချက်များနှင့်အညီ စနစ်တကျ ချုပ်ကိုင်ထားသည်ကို ကျွန်ုပ်သိပါပြီ” ဟု ပြောဆို၏။@ဤအာယဟ်လာ အကြောင်းအရာသည် ခိုင်းနှိုင်း တင်စားမှု သက်သက်သာ ဖြစ်ပေသည်။ အဓိကအားဖြင့် မြို့ရွာ များ ပျက်စီးပြီးနောက် မည်သို့မည်ပုံ ပြန်လည် ရှင်သန် ဖွံ့ဖြိုးလာကြောင်းကို ဇာတ်ကောင်ဖွဲ့၍ ဥပမာ တစ်ခုဖြင့် ခိုင်းနှိုင်း ဖော်ပြခြင်းမျှ ဖြစ်ပေသည်။ သို့ရာတွင် ဘာသာပြန် ပညာရှင်အချို့ကမူ ဤအဖြစ်အပျက်တွင် ပါဝင်သော ပုဂ္ဂိုလ်ကို အုဇိုင်ရ်နဗီဟု လည်းကောင်း၊ အချို့က ယရ်မိယားဟ်နဗီဟု လည်းကောင်း ဆိုကြသည်။ ထိုအတွက် ကုရ်အာန်၌ အထောက်အထား တစ်စုံတစ်ရာမျှ မရှိချေ။",""
260,"တစ်ချိန်တွင် အိဗ်ရာဟီမ်သည် “အို- ကျွန်ုပ်အား ပျိုးထောင်မှု စနစ်နှင့်အညီ ဖွံ့ဖြိုးစေသော အရှင်၊ အရှင်သည် ရှင်သန်မှု မဲ့နေသော အရာကို မည်သို့ ရှင်သန် စေသနည်း ဆိုသည်ကို ကျွန်ုပ်အား ပြသပါ” 315 ဟု လျှောက်ထား၏။ အရှင်က “သင် မယုံကြည်လေ သလော” ဟု မိန့်၏။ “မဟုတ်ပါ၊ သို့ရာတွင် ကျွန်ုပ်၏ စိတ်၌ အေးငြိမ်း စေရန် ဖြစ်သည်” ဟု လျှောက်ထား၏။ အရှင်က “သင်သည် တွိုင်းရ်လေးဦးကို 316 ခေါ်ယူ၍ သင့်ထံသို့ တိမ်းညွတ်စေရန် ပြုလုပ်ပါ။ 317 ထို့နောက် တောင်အသီးသီး၌ နေရာချထား၍၊ 318 ၎င်းတို့ကို ခေါ်ယူလော့။ ထိုအခါ သင့်ထံ ပြေး၍ လာကြလိမ့်မည်။ 319 စင်စစ် အလ္လာဟ်သည် နိုင်နင်းလွှမ်းမိုး၍ ဆင်ခြင်ဉာဏ်ဖြင့် ပြည့်စုံသည်ကို အသင် သိထားလော့” ဟု မိန့်၏။@အထက်တွင် ဥပမာဖြင့် ဖော်ပြထားသော ပုဂ္ဂိုလ် တစ်ဦး၏ ပုစ္ဆာကို အိဗ်ရာဟီမ်ရစူလ် (A.S) က လက်တွေ့ အဖြေရှာ ပုံကို ဤအာယဟ်၌ ဖော်ညွှန်းထားသည်။",""
261,"မိမိတို့၏ ပိုင်ဆိုင်မှုများကို အလ္လာဟ်ပြဋ္ဌာန်းသော လူ့ဘဝလမ်းစဉ်၌ မျှဝေသူတို့၏ ဥပမာကား အကြင် မျိုးစေ့နှင့် အလားတူ၏။ ထိုမျိုးစေ့သည် ကောက်နှံ ခုနစ်နှံကို ပေါက်ရောက်စေခဲ့ရာ၊ ကောက်နှံအသီး သီးတို့တွင် အစေ့ပေါင်း တစ်ရာစီ ပါရှိ၏။ စင်စစ် အလ္လာဟ်သည် မိမိစံချိန်နှင့် ကိုက်ညီသူအား ဆတက် ထမ်းပိုး တိုးပွားစေသည်။ အလ္လာဟ်သည်ကား ကျယ်ဝန်းလှသော သိမှုနယ်ပယ်ကို စိုးပိုင်၏။@[ဆက်စပ်အာယဟ်များ [2:3] [2:254]]",""
262,"မိမိတို့၏ ပိုင်ဆိုင်မှုများကို အလ္လာဟ်ပြဋ္ဌာန်းသော လူ့ဘဝလမ်းစဉ်၌ မျှဝေကြပြီးနောက် ဂုဏ်ဖော်ခြင်း နှင့် ထိခိုက်စေခြင်း တို့ကို မပြုလုပ်ကြသော သူတို့အဖို့ သူတို့၏ အရှင့်ထံတွင် ကောင်းကျိုး ရှိနေ၏။ 320 စင်စစ် သူတို့သည် မည်သို့မျှ စိုးရိမ် ကြရမည်လည်း မဟုတ်၊ ပူဆွေး ကြရမည်လည်း မဟုတ်ပေ။",""
263,"ယဉ်ကျေး သိမ်မွေ့သော စကားတစ်ခွန်းနှင့် စာနာ ခွင့်လွှတ်သည့် အပြုအမူသည် စိတ်ဒုက္ခ ရောက်စေသော မျှဝေခြင်း* ထက် သာလွန် ကောင်းမြတ်၏။ စင်စစ် အလ္လာဟ် သည် လိုလား တောင့်တမှုကင်း၍ စည်းမျဉ်း ဥပဒေနှင့်အညီ စီမံဆောင်ရွက်သော အရှင် ဖြစ်၏။@*[ဤအာယဟ်တွင် သုံးနှုန်းထားသော (صَدَقَةٌ) ‘ဆွဒကဟ်’ ဟူသည် “ပေါင်းစည်း နေထိုင်မှုအတွက် မျှဝေခြင်း” ကို ဆိုလိုသည်။ ကြည့်။ [2:264] (next Ayat)၊ [2:264] အောက်ခြေ (၃၂၁)]",""
264,"အို-လုံခြုံမှုကို ယုံကြည်ချက်ဖြင့် တည်ဆောက်သူတို့၊ သင်တို့သည် မိမိတို့၏ ဆွဒကားသ်ကို 321 ဂုဏ် ဖော်ခြင်းနှင့် စိတ်ထိခိုက် စေခြင်းတို့ဖြင့် အကြင်သူကဲ့သို့ အချည်းနှီး မဖြစ်စေကြနှင့်။ ထိုသူသည် အလ္လာဟ်နှင့် အာခိရဟ်တို့ကို မယုံကြည်ဘဲ မိမိ၏ ပိုင်ဆိုင်မှုကို လူတို့အား ပြစားရန် မျှဝေပေးကမ်း၏။ သို့ဖြစ်ရာ သူ၏ ဥပမာကား- ချောမွတ်သော ကျောက်တုံး၌ မြေမှုန့် အနည်းငယ် တင်နေပြီး၊ မိုးသည်းထန်စွာ ရွာသွန်း ချလိုက်ရာ ကျောက်တုံးမှာ မူလအတိုင်း ကျန်ရစ်ခဲ့၏။ သူတို့သည် မိမိတို့ ဆည်းပူး ခဲ့သော လုပ်ဆောင် မှုများ၏ ရလဒ်ကို ရရှိကြရန် စွမ်းဆောင်နိုင်မည် မဟုတ်ချေ။ စင်စစ် အလ္လာဟ်သည် လုံခြုံမှုကို သွေဖည် ဆန့်ကျင်သောသူတို့အား လူ့ဘဝ လမ်းမှန်ကို ညွှန်ပြမည် မဟုတ်ပေ။",""
265,"မိမိတို့၏ ပိုင်ဆိုင်မှုများကို အလ္လာ့ဟ် ဥပဒေသနှင့်အညီ ရလဒ်ဖြစ်ထွန်းစေရန်နှင့်* ကြံ့ခိုင်စေရန် မျှဝေ သောသူ၏ ဥပမာကား အကြင်ဥယျာဉ်နှင့် တူ၏။ ထိုဥယျာဉ်သည် ကုန်းမြင့်ပေါ်၌ တည်ရှိပြီး မိုးကောင်းလျှင် (တစ်နည်း) လုံလောက်စွာ မိုးရွာသွန်းလျှင် အသီးများကို နှစ်ဆတိုး၍ ပေါက်ရောက်စေ၏။ အကယ်၍ မိုးခေါင်ခြင်း (တစ်နည်း) လုံလောက်စွာ မိုးရွာသွန်းခြင်း မရှိခဲ့လျှင်လည်း မိုးဖွဲများပင် လုံလောက်၏။ အလ္လာဟ်၏ သိမြင်မှု ဥပဒေသသည် သင်တို့ ကျင့်သုံး ကြသည်တို့ကို မှတ်တမ်းတင် ထား၏။@*[2:207] အောက်ခြေ (၂၅၃)",""
266,"သင်တို့အနက် တစ်စုံတစ်ဦးသည် (ဤသို့ဖြစ်မည်ကို) နှစ်သက်ပါသလော။ ထိုသူ၌ ဥယျာဉ်ခြံ တစ်ခုရှိ၍၊ စွန်ပလွံများ စပျစ်များအပြင် သစ်သီးဝလံ အမျိုးမျိုး ပေါက်ရောက်၏။ ထိုဥယျာဉ်၏ အောက်၌ မြစ်ချောင်း များလည်း စီးတွေလျက် ရှိ၏။ သူ့၌ အိုမင်းခြင်း သက်ရောက်၍ ချည့်နဲ့သော သားသမီး များလည်း ရှိကြ၏။ တစ်ဖန် လောင်မီး ပါသော မုန်တိုင်း သက်ရောက်ခဲ့ရာ ဥယျာဉ်မှာ လောင်ကျွမ်း သွားတော့၏။ အလ္လာဟ်သည် သင်တို့အဖို့ မိမိ၏ အာယားသ် (သက်သေပြ လမ်းညွှန်များ) ကို ဤသို့ပင် ရှင်းလင်းဖော်ပြ၏။ သို့မှသာ သင်တို့ ဆင်ခြင် သုံးသပ် ဝေဖန် ပိုင်းခြား နိုင်ကြပေမည်။",""
267,"အို-လုံခြုံမှုကို ယုံကြည်ချက်ဖြင့် တည်ဆောက်သူတို့၊ သင်တို့ ရှာဖွေထားသော အရာများနှင့် ငါမြေမှ ထွက်စေသည့် အရာများမှ 322 နှစ်သက်ဖွယ်ဖြစ်သော အရာများကို 323 မျှဝေကြလော့။ မလွှဲသာသော အခြေအနေ မှအပ သင်တို့ ကိုယ်တိုင် လက်မခံ ချင်သော နှစ်သက်ဖွယ် ကင်းသည့် အရာကို 324 မျှဝေရန် မရည်ရွယ်ကြနှင့်။ ဧကန်အမှန် အလ္လာဟ်သည် လိုလား တောင့်တမှု ကင်း၍ အံ့မခန်းဖွယ် လက်ရာရှင် (တစ်နည်း) ချီးမွမ်းမှု၏ အခြေတည်ရာ ဖြစ်သည်ကို မှတ်သား နာယူကြလော့။",""
268,"ရှိုက်သာန် (အပျက်စိတ်) သည် သင်တို့ကို ဆင်းရဲခြင်းနှင့် ခြိမ်းခြောက်၍ စေးနှဲမှုကို 325 ညွှန်ကြားသည်။ သို့သော် အလ္လာဟ်သည် မိမိပြဋ္ဌာန်း အပ်သော လုံခြုံမှုနှင့် ကျေးဇူးပြုမှု တို့ကို ကတိပြုသည်။ စင်စစ် အလ္လာဟ်၏ သိမှု နယ်ပယ်သည် ကျယ်ဝန်းလှ၏။",""
269,"အရှင်သည် (မိမိ) စံချိန်နှင့် ကိုက်ညီသူအား ဟစ်က်မဟ် (ဉာဏ်အမြော်အမြင်) ကို* ပေးအပ်၏။ စင်စစ် ဟစ်က်မဟ် (ဉာဏ်အမြော်အမြင်) ကို ပေးအပ်ခြင်း ခံရသောသူသည် များစွာသော ကောင်းကျိုးကို ရရှိသူ ဖြစ်၏။ အသိဉာဏ် ရင့်သန်သော သူတို့သာလျှင် ဆင်ခြင် သုံးသပ် တရားရယူ ကြ၏။@*[(اَلْحِكْمَةُ) ‘ဟစ်က်မဟ်’ နှင့်ပတ်သက်၍ [31:12] တွင် လေ့လာနိုင်ပါသည်] #မှတ်ချက်။ ။ ဤအာယဟ်တွင် ရည်ညွှန်းသော (اَلْحِكْمَةُ) ‘ဟစ်က်မဟ်’ သည် ကျမ်းမြတ် ကုရ်အာန်အား လေ့လာဆည်းပူး၊ ဆင်ခြင် သုံးသပ်ရာမှ ရရှိလာသည့် အမှား၊ အမှန် ဆုံးဖြတ်နိုင်သော စွမ်းရည်ကို ဆိုလို သည်။",""
270,"စင်စစ် သင်တို့ မျှဝေသမျှနှင့် တာဝန်ယူ ဆောင်ရွက်သမျှကို 326 အလ္လာဟ်၏ သိမှု ဥပဒေသက အမှန်ပင် လွှမ်းခြုံထား၏။ ကျူးကျော်၊ မိုက်မဲသော သူတို့အဖို့ ကူညီမည့်သူ ဟူ၍ တစ်ဦးမျှပင် မရှိချေ။",""
271,"ပေါင်းစည်းမှု အတွက် ပွင့်လင်း မြင်သာစွာ မျှဝေခြင်း သည်လည်း ကောင်းမြတ်၏။ ဆင်းရဲနွမ်းပါး သူတို့ ၏ လိုအပ်ချက်ကို သိုသိုသိပ်သိပ် ဖြည့်ဆည်း ပေးခြင်းသည် သင်တို့အဖို့ ပို၍ပင် ကောင်းကျိုး ဖြစ်ပေါ်မည်။ ထိုသို့ ဆောင်ရွက်ခြင်းဖြင့် သင်တို့၏ လွဲမှားမှု အချို့ကို ပပျောက်စေ မည်ဖြစ်၏။ စင်စစ် အလ္လာဟ်သည် သင်တို့ ဆောင်ရွက် သမျှကို သတင်း အချက်အလက်နှင့် တကွ မှတ်တမ်း တင်ထား၏။@[ဆက်စပ်အာယဟ် [9:60]]",""
272,"သူတို့ လူ့ဘဝ လမ်းမှန်သို့ ရောက်ရှိရန်မှာ သင့် တာဝန် မဟုတ်ပေ။ 327 အလ္လာဟ် ပြဋ္ဌာန်းသော စံချိန်နှင့် ညီညွတ် သူကိုသာလျှင် အလ္လာဟ်က လမ်းမှန်သို့ ရောက်ရှိစေသည်။ သင်တို့ စံစားနေသော ကောင်းကျိုး အနက်မှ မျှဝေခြင်းသည် သင်တို့ ကိုယ်တိုင် အကျိုးခံစားနိုင်ဖို့ရန် ဖြစ်သည်။ အလ္လာဟ်၏ ရှေးရှု ဦးတည်မှုကို* ရှာဖွေဆည်းပူး ဖို့ရန်သာလျှင် သင်တို့ မျှဝေကြခြင်း ဖြစ်သည်။ မည်သည့် ကောင်းကျိုး အနက်မှ မျှဝေသည်ဖြစ်စေ၊ သင်တို့ အပြည့်အဝ ပြန်လည် စံစား ကြရပေမည်။ မတရား ပြုလုပ်ခြင်းကို ခံကြရမည် မဟုတ်ပေ။@[2:115] အောက်ခြေ (၁၆၇)",""
273,"(ထောက်ပံ့မှုသည်) အလ္လာဟ် ပြဋ္ဌာန်းသော လူ့ဘဝလမ်းစဉ်၌ တာဝန်ယူ ဆောင်ရွက် နေကြ ရသောကြောင့် ကမ္ဘာမြေဝယ် သွားလာ၍ စီးပွားမရှာနိုင်ကြသော ဆင်းရဲ နွမ်းပါး သူတို့အဖို့ဖြစ် ပေသည်။ သူတို့၏ သိက္ခာ စောင့်စည်းမှုကြောင့် အကြောင်းမသိသူက ကြွယ်ဝ သူများဟု ထင်နေ၏။ သင်သည် သူတို့၏ ရုပ်လက္ခဏာ အားဖြင့် (နွမ်းပါးကြောင်း) သိမြင်နိုင်သည်။ သူတို့သည် လူတို့ထံ တွယ်ကပ်၍ တောင်းရမ်းကြသည် မဟုတ်။ သင်တို့ ကောင်းကျိုးဖြစ်ရာ အနက်မှ မျှဝေကြသည်ကို အလ္လာဟ်၏ သိမှုဥပဒေသက အမှန်ပင် လွှမ်းခြုံသိရှိ၏။",""
274,"မိမိတို့၏ ပိုင်ဆိုင်မှုများအား နေ့ညမဟူ၊ လျို့ဝှက်စွာနှင့် ထင်ရှားစွာ မျှဝေကြသောသူတို့၏ အကျိုး ဆက်သည် သူတို့အား ပျိုးထောင်မှု စနစ်နှင့်အညီ ဖွံ့ဖြိုးစေသော အရှင့် ပြဋ္ဌာန်းချက်တွင် ပြဋ္ဌာန်းပြီး ဖြစ်၏။ သူတို့ အပေါ်တွင် စိုးရိမ်စရာ တစ်စုံတစ်ခုမျှ ရှိမည် မဟုတ်သည့် အပြင် ဝမ်းနည်း ပူဆွေး ကြရမည်လည်း မဟုတ်ပေ။",""
275,"ခေါင်းပုံဖြတ်၍ 328 အကျိုးခံစားကြသော သူတို့သည် ရှိုက်သာန် (အဖျက်ကောင်) ထိကပ်၍ အသိဉာဏ် မှောက်မှားနေသူ ရပ်တည် သကဲ့သို့သာ ရပ်တည်ကြ ပေမည်။ 329 ဤသို့ဖြစ်ရခြင်းမှာ “ကူးသန်း ရောင်းဝယ်မှုသည် ခေါင်းပုံဖြတ် သကဲ့သို့ပင် ဖြစ်သည်” ဟု ပြောဆိုကြသောကြောင့် ဖြစ်ပေသည်။ စင်စစ် အလ္လာဟ်သည် ရောင်းဝယ်မှုကို ခွင့်ပြု၍၊ ခေါင်းပုံဖြတ်မှုကို တားမြစ်၏။ သို့ဖြစ်ရာ မိမိထံ မိမိအရှင်၏ အဆုံးအမ ရောက်ရှိပြီးနောက် ရပ်စဲခဲ့သော သူအဖို့ အတိတ်မှ ပိုင်ဆိုင်မှုများကို ပိုင်ဆိုင်ခွင့် ရှိ၏။ စင်စစ် သူ၏ အရေးကိစ္စသည် အရှင်၏ ရလဒ်တုံ့ပြန်မှုနှင့် အညီဖြစ်၏။ တစ်ဖန် ပြန်၍ ကျူးလွန်သော သူတို့သည် အပူမီး၏ အပေါင်းအဖော်များ ဖြစ်ကြပေမည်။ ထို၌ ကာလ ရှည်ကြာစွာ ရှိကြပေမည်။",""
276,"အလ္လာဟ်သည် ခေါင်းပုံဖြတ်မှုကို ဆုတ်ယုတ်စေ၍၊ ပေါင်းစည်းမှုအတွက် မျှဝေခြင်းကို တိုးပွား စေသည်။ စင်စစ် အလ္လာဟ်သည် ဆန့်ကျင်သူနှင့် ဆုတ်ယုတ် သူတိုင်းအဖို့ 330 ရလဒ် ကောင်းများကို ဖြစ်ထွန်း စေမည် မဟုတ်ပေ။",""
277,"ဧကန်စင်စစ် အကြင်သူတို့သည် လုံခြုံမှုကို ယုံကြည်ချက်ဖြင့် တည်ဆောက်ကြ၏။ ထို့ပြင် ဖွံ့ဖြိုးသော ဆောင်ရွက်ချက် တို့ကို ကျင့်သုံး ပုံဖော်ကြလျက်၊ ဆွလာ့ဟ် (လူ့ဘောင်) ကို 331 တည်ဆောက်ကြ၍၊ (ထို လူ့ဘောင်) တိုးတက်လာရန် (မိမိတို့၏ ပိုင်ဆိုင်မှုများဖြင့်) ပံ့ပိုးကြ၏။ သူတို့ အဖို့ သူတို့အား ပျိုးထောင်မှု စနစ် အားဖြင့် ဖွံ့ဖြိုးစေသော အရှင့်ပြဋ္ဌာန်းချက်အရ ရလဒ်ကောင်း များသည်ရှိ၏။ သူတို့အပေါ်တွင် စိုးရိမ်စရာ တစ်စုံ တစ်ရာမျှ ရှိမည်မဟုတ်။ ဝမ်းနည်း ပူဆွေး ကြရမည်လည်း မဟုတ်ပေ။",""
278,"အို-လုံခြုံမှုကို ယုံကြည်ချက်ဖြင့် တည်ဆောက်သူတို့၊ သင်တို့ အလ္လာ့ဟ် (ဥပဒေသနှင့်အညီ အရည်အသွေးများ တိုးတက်လာစေရန်နှင့် ကျဆင်း မသွားစေရန်) ထိန်းသိမ်း ကြလော့။ သင်တို့ ယုံကြည် သူများဖြစ်ကြလျှင် ကြွင်းကျန်သော ခေါင်းပုံဖြတ် အကျိုးခံစားမှုကို စွန့်လွှတ် ကြလော့။",""
279,"သင်တို့ (ညွှန်ကြားချက်အတိုင်း) မဆောင်ရွက် ကြလျှင်၊ အလ္လာဟ်နှင့် အလ္လာ့ဟ်ရစူလ်ထံမှ စစ် ကြေညာချက် ကို နားစွင့်ကြလော့။ သင်တို့ နောက်ဆုတ် ကြလျှင် ငွေရင်းများကို ပိုင်ဆိုင်ခွင့်ရှိ၏။ မတရားလည်း မပြုကြရ။ မတရား ပြုခြင်းကိုလည်း မခံကြနှင့်။ 332",""
280,"သို့ရာတွင် (မြီစားသည်) ကျပ်တည်းသူ ဖြစ်လျှင် ချောင်လည်သည် အထိ ရွှေ့ဆိုင်းရပေမည်။ သင်တို့ သိတတ်ကြလျှင် ပေါင်းစည်းမှုကို ရှေးရှု၍ စွန့်လွှတ်ခြင်းသည် သင်တို့အဖို့ အကောင်းဆုံး ဖြစ်သည်။",""
281,"သင်တို့သည် အလ္လာဟ် ပြဋ္ဌာန်းအပ်သော ရလဒ်ဆီသို့ ပြန်လှည့် ကြရမည့်ကာလအား မျက်မှောက်ပြု ကြလော့။ ထို့နောက် လူတိုင်းသည် မိမိတို့ ကိုယ်တိုင် ဆည်းပူးခဲ့ကြသော အကျိုးဆက်ကို အပြည့်အဝ ပေးဆပ်ခြင်း ခံကြရပေမည်။ မတရား ပြုလုပ်ခြင်းကို ခံကြရမည် မဟုတ်ပေ။",""
282,"အို-လုံခြုံမှုကို ယုံကြည်ချက်ဖြင့် တည်ဆောက်သူတို့၊ သင်တို့ ကာလသတ်မှတ်၍ အကြွေးဖြင့် ရောင်းဝယ် ကြသည်ရှိသော် ၎င်းကို (စာချုပ် ချုပ်ဆို) မှတ်တမ်း တင်ကြလော့။ သင်တို့ စပ်ကြား တရားမျှတသော စာရေး တစ်ဦး ရှိရပေမည်။ သူသည် အလ္လာဟ်သင်ကြားပေးသော (ကုရ်အာ့န် ဥပဒေနှင့်အညီ) ရေးသားခြင်းကို ဖီဆန်မှု မပြုဘဲ ရေးသားရမည်။ 333 အကြွေး ယူသူက စာချ ပေးရမည်။ ထိုသို့ ရေးသား စေရာတွင် ကြွေးယူသူသည် မိမိအရှင် ဖြစ်သော အလ္လာဟ်၏ ပြဋ္ဌာန်းချက်ကို စောင့်ထိန်း သောအားဖြင့် တာဝန်ရှိသည့် အနက် တစ်စုံတစ်ရာကို လျှော့ပေါ့၍ ရေးသား စေခြင်း မပြုရ။ အကယ်၍ မြီစားသည် နားလည်နိုင်စွမ်း မရှိသူ၊ သို့မဟုတ် အားအင်ချည့်နဲ့သူ၊ သို့မဟုတ် စာချနိုင်စွမ်း မရှိသူ ဖြစ်လျှင် 334 သူ၏ အုပ်ထိန်းသူက တရား မျှတစွာ ရေးသား စေရမည်။ သင်တို့အနက် အမျိုးသားများမှ သက်သေ နှစ်ဦးကို ထားရှိကြရမည်။ အမျိုးသား နှစ်ဦး မရှိလျှင်၊ သင်တို့ နှစ်သက်ကြသော သူတို့အနက်မှ အမျိုးသားတစ်ဦး နှင့် အမျိုးသမီးနှစ်ဦးတို့အား သက်သေ အဖြစ် ထားကြရမည်။ 335 သူမတို့အနက် တစ်ဦးက လွဲချော်ခဲ့ သော် 336 ကျန်တစ်ဦးက ထုတ်ဖော်မည်။ သက်သေ များသည် ဆင့်ခေါ်ခံကြရလျှင် မငြင်းပယ်ကြရ။ သင်တို့ ကြွေးမြီ ကိစ္စ သေးငယ် သည်ဖြစ်စေ၊ ကြီးမား သည်ဖြစ်စေ ကာလ သတ်မှတ်ချက်နှင့်တကွ ရေးသားခြင်းကို မငြီးငွေ့ ကြနှင့်။ ဤသည် သင်တို့အဖို့ အလ္လာ့ဟ်ထံ၌ တရားမျှတမှု အရှိဆုံးနှင့် သက်သေခံ ရာတွင် အခိုင်ခံ့ဆုံး နည်းလမ်း ဖြစ်သည့် အပြင် သင်တို့ သံသယကင်း ကြရန် အနီးစပ်ဆုံး လည်းဖြစ်၏။ သို့ရာတွင် ရောင်းကုန်သည် အသင့်ရှိပြီး လက်ငင်း ရောင်းဝယ်ခြင်းမျိုး ဖြစ်၍ ရေးမှတ်ခြင်း မပြု ကြလျှင် သင်တို့၌ မည်သို့မျှ အပြစ် မရှိချေ။ သို့သော် (ထိုရောင်းဝယ်မှု ၌လည်း) သက်သေများ ထားကြလော့။ ထို့ပြင် စာရေးနှင့် သက်သေ တို့ကို မထိခိုက် စေကြနှင့်။ ထိုသို့ ပြုလုပ်ခြင်းသည် စည်းကမ်း ကျူးလွန်ခြင်းပင် ဖြစ်၏။ သင်တို့ အလ္လာ့ဟ် (ပြဋ္ဌာန်းချက်များအား) ထိန်းသိမ်း ကြလော့။ အလ္လာဟ်သည် သင်တို့အား (ကုရ်အာန်ကို) သင်ကြား ပေးတော်မူ၏။ စင်စစ် အလ္လာဟ်သည် အရာခပ်သိမ်း၏ အသိပညာကို စိုးပိုင်သော အရှင်ဖြစ်၏။",""
283,"သင်တို့ ခရီး၌ ရှိကြ၍ စာရေးတစ်ဦးမျှ မတွေ့ရှိ ခဲ့လျှင် အာမခံပစ္စည်းကို အပ်နှံ ကြရမည်။ သင်တို့ တစ်ဦးကို တစ်ဦး စိတ်ချလျှင်၊ ယုံကြည် စိတ်ချ ခံရသူ (မြီစား) သည် ပေးထားသော (ကြွေးမြီ) ကို ပြေလည်အောင် ပေးဆပ်ရ ပေမည်။ သူသည် မိမိအား ပျိုးထောင်မှု စနစ်နှင့်အညီ ဖွံ့ဖြိုးစေသော အလ္လာဟ်၏ ပြဋ္ဌာန်းချက် စည်းမျဉ်းများကို စောင့်ထိန်းရပေမည်။ သင်တို့ သက်သေ ထွက်ဆိုမှုကို ထိန်ချန်ခြင်း မပြုကြနှင့်။ မည်သူမဆို သက်သေ ထွက်ဆိုမှုကို ထိန်ချန်ခဲ့ပါလျှင် သူ၏ စိတ် ခံစားမှုသည် အမှန်ပင် ကျဆင်း ဆုတ်ယုတ်လျက် ရှိပေမည်။ အလ္လာဟ်၏ သိမှု ဥပဒေသသည်ကား သင်တို့ ပြုကျင့် သမျှကို လွှမ်းခြုံထား၏။",""
284,"စကြဝဠာ၏ အမြင့်ပိုင်းရှိ အရာများနှင့် အနိမ့်ပိုင်းရှိ အရာများသည် အလ္လာဟ်၏ အချုပ်အခြာ ပိုင်ဆိုင်မှု၌ ရှိ၏။ သင်တို့၏ စိတ်တွင်း ရှိသည်များကို ထုတ်ဖော် သည်ဖြစ်စေ၊ လျှို့ဝှက် သည်ဖြစ်စေ အလ္လာဟ်သည် ၎င်းကို စစ်ဆေး ဖော်ထုတ် မည်ဖြစ်၏။ အရှင်၏ (လုံခြုံမှု) စံချိန်နှင့် ညီညွတ် သူအား ကာကွယ်၍၊ ဒဏ်သင့်မှု စံချိန်နှင့် ကိုက်ညီသူအား အရေးယူ ဒဏ်ခတ်မည်။ စင်စစ်တွင် အလ္လာဟ်သည် အရာ ခပ်သိမ်းတို့ အပေါ် အတိုင်းအတာ သတ်မှတ်ချက်များ နှင့်အညီ လွှမ်းမိုးထား၏။",""
285,"ရစူလ်သည် မိမိအရှင့်ထံမှ ချမှတ်သော (ကုရ်အာန်) ကို ယုံကြည်၏။ မုအ်မင်န်တို့ သည်လည်း ယုံကြည် ကြ၏။ ယုံကြည်သူ အသီးသီး တို့သည် အလ္လာဟ်၊ အလ္လာဟ်၏ မလာအိကဟ်၊ အလ္လာဟ်၏ ကျမ်းဂန်များ၊ အလ္လာဟ်၏ ရစူလ်များ စသည်တို့ကို ယုံကြည်ကြ၏။ (သူတို့က) “ကျွန်ုပ်တို့သည် အရှင့်ရစူလ်များ အကြား တစ်ပါးနှင့် တစ်ပါးကို ခွဲခြားမှု မပြုကြပါ” (ဟု သစ္စာပြုကြ၏)။ ထို့နောက် “ကျွန်ုပ်တို့ (အရှင့်လမ်းညွှန်မှုကို) ကြားနာကြ၍၊ လိုက်နာကြပါသည်။ အရှင်စီမံထားသော လုံခြုံမှုကို တောင့်တကြပါ၏။ အို-ကျွန်ုပ်တို့အား ပျိုးထောင်မှု စနစ်နှင့်အညီ ဖွံ့ဖြိုးစေသော အရှင်၊ ကျွန်ုပ်တို့၏ အဆုံးသတ်ရာ ဌာနသည် အရှင်ပြဋ္ဌာန်းထားသော ရလဒ် ဖြစ်ထွန်းရာသာလျှင် ဖြစ်ပါသည်” ဟု လျှောက်ထား ကြ၏။@[ဆက်စပ်အာယဟ် [2:253] အောက်ခြေ (၃၀၀)]",""
286,"တစ်ဦး တစ်ယောက်ကို အလ္လာဟ် ပေးအပ်ထားသော တာဝန်သည် သူ၏ အရည်အသွေး ကျယ်ပြောဖို့ရန်သာလျှင် ဖြစ်၏။ 337 သူ့အတွက် သူကျင့်မူခဲ့သော ကောင်းကျိုးများ နှင့် ဆိုးကျိုးများသာရှိ၏။ “အို-ကျွန်ုပ်တို့အား ပျိုးထောင်မှု စနစ်အားဖြင့် ဖွံ့ဖြိုးစေသော အရှင်၊ ကျွန်ုပ်တို့၏ မေ့မှားမှု နှင့် ချွတ်ချော်မှုတို့ကို အရေးယူတော် မမူပါနှင့်။ အို-အရှင်၊ ကျွန်ုပ်တို့အား ကျွန်ုပ်တို့အလျင် ရှိခဲ့ကြသော သူတို့ကို ထမ်းရွက် စေခဲ့သည့်ပမာ ဝန်ပိစေသော တာဝန်များကို ပေးတော် မမူပါနှင့်။ ကျွန်ုပ်တို့အား အင်အားမမျှသည့် တာဝန်များကို ထမ်းရွက်စေခြင်း ပြုတော် မမူပါနှင့်။ ကျွန်ုပ်တို့မှ ချွတ်ချော်မှုများကို ဖယ်ရှားပေးတော်မူပါ။ ကျွန်ုပ်တို့အား (ဆိုးကျိုး သက်ရောက် လာမှုများမှ) ကာကွယ် စောင့်ရှောက်တော်မူပါ။ လုံခြုံမှု ပါဝင်သော ထောက်ပံ့ မြှင့်တင်မှုကို စီမံပေးတော်မူပါ။ အရှင်သည် ကျွန်ုပ်တို့၏ အရေးကိစ္စအဝဝ ကို တာဝန်ယူ စောင့်ရှောက်သူ ဖြစ်တော်မူပါ၏။ သို့ပါ၍ အရှင်သည် ကျွန်ုပ်တို့အား လုံခြုံမှုကို ဆန့်ကျင်သော သူတို့အပေါ် အောင်နိုင်စေရန် ကူညီတော်မူပါ။",""
