"notes_id","explanation"
14,"(أَلِفٌ، لَامٌ، مِيْمٌ) သည်သင်္ခေပ အက္ခရာများဖြစ်သည်။ အရဗီဝေါဟာရအရ (حُرُوْفٌ مُّقَطَّعَاتٌ) ဟုခေါ်သည်။ စကားလုံး တစ်လုံး မဟုတ်ဘဲ သီးခြား အက္ခရာများ ဖြစ်သည်ဟု ဆိုလိုသည်။ အစ္စလာမ်အပေါ် လုပ်ကြံရာတွင် ဤသင်္ခေပ အက္ခရာများ၏ အနက်သဘောကို စဦးမုစ်လင်မ် အရဗ်များ မသိရှိကြဟူသည့် စွပ်စွဲချက်လည်း ပါဝင်သည်။ ထူးခြားသည်မှာ မုဟမ္မဒ်ရစူလ် (ﷺ) အားဆန့်ကျင်ကြသော မိရိုးဖလာ နောက်လိုက် အရဗ်တို့သည် ဤသင်္ခေပ အက္ခရာများနှင့် ပတ်သက်၍ တစ်စုံတစ်ရာ စောဒက တက်ခဲ့ဖူးခြင်း မရှိပါ။ အဘယ်ကြောင့် ဆိုသော် အရဗ် လူ့ဘောင်၌ ဤသို့ သုံးနှုန်းသည့် အလေ့အထရှိ နေပြီးဖြစ်သည်။ မြန်မာဘာသာ၌လည်း -#အလယ်တန်းကျောင်းအတွက် “အလက” #အထက်တန်းကျောင်းအတွက် “အထက” #စသဖြင့် အတိုကောက် သုံးနှုန်းလေ့ ရှိသည်။ ဘာသာ စကားတိုင်း တွင်ပင် ဤသို့သုံးနှုန်းသည့် အလေ့အထရှိ ပေသည်။ အထူးသတိပြုရမည့် အချက်မှာ ကုရ်အာန်၏ အခြေခံမူနှင့် မဆန့်ကျင်သော မည်သည့် အနက်ကောက်မှုကို မဆို ကျယ်ကျယ်ပြန့်ပြန့် နားလည် ဖော်ထုတ် နိုင်ခွင့်ရှိရာ၊ တရားသေ အနက်သဘော တစ်ခုကို ဖော်ပြမှု မရှိခဲ့ခြင်းသာ ဖြစ်သည်။ ဤဘာသာပြန်တွင် ၎င်းကို အောက်ပါအတိုင်း-#“လုံးကောက်အနက်”# أَلِفٌ: اَللّٰهُ ‘အလိဖှ်’ အလ္လာဟ် # لَامٌ: عَلِيْمٌ ‘လားမ်’ အသိပညာနှင့်ပြည့်စုံသော # مِيْمٌ: حَكِيْمٌ ‘မီးမ်’ ဉာဏ်အမြော်အမြင် နှင့်ပြည့်စုံသော #“အလ္လာဟ်သည် အသိပညာ ဉာဏ်အမြော်အမြင် နှင့် ပြည့်စုံသော အရှင်ဖြစ်သည်” (တစ်နည်း) # أَلِفٌ: أَنَا ‘အလိဖှ်’ ငါ# لَامٌ: اَللهُ ‘လားမ်’ အလ္လာဟ်သည်# مِيْمٌ: أَعْلَمُ ‘မီးမ်’ သိမှုဥပဒေသ၏ အခြေအမြစ်ဖြစ်သော#“ငါအလ္လာဟ်သည် သိမှုဥပဒေသ၏ အခြေအမြစ်ဖြစ်သည်”စသဖြင့် အနက်ကောက်ဖော်ပြအပ်ပါသည်။ #ဤသည် အဆုံးသတ် ဖွင့်ဆိုမှုများ မဟုတ်ကြောင်း အထူးသတိပြုအပ်ပေသည်။ ကုရ်အာ့န်အခြေခံမူနှင့် ကိုက်ညီသည့် မည်သည့်ဖွင့်ဆိုမှုကိုမဆို ဆက်လက် ဖော်ထုတ်၊ ဖွင့်ဆိုနိုင်ပေသည်။"
15,"(ذٰلِكَ) ‘ဇာလိက’ ကို အဝေးညွှန် အဖြစ် အဓိက သုံးနှုန်း သော်လည်း ဂုဏ်ဒြဗ် ထူးကဲသော အရာအတွက် အနီးညွှန် အဖြစ်လည်း သုံးနှုန်းလေ့ ရှိသည်။ ထိုအခါ “ဤ...” “ဤသည်” “ဤအရာ” ဟူသောအနက်ကိုဆောင်သည်။"
16,"(اَلْكِتَابُ) ‘အလ်ကိသားဗ်’ သည် (كَتَبَ) ‘ကသဗ’ မှ ဆင့်ပွားသော နာမ်ဖြစ်သည်။ ၎င်း၏ အဓိပ္ပာယ်တွင် “စာရေးသည်” “မှတ်တမ်းတင်သည်” “ညွှန်ကြားသည်” “ပြဋ္ဌာန်းသည်” စသည်တို့ပါဝင်သည်။ ထို့ကြောင့် အလ္လာ့ဟ်ထံမှ ပို့ချသော ညွှန်ကြားချက်များ၊ ပြဋ္ဌာန်းချက်များ ပါဝင်သည့် လမ်းညွှန်ကျမ်းကို “စည်းမျဥ်းဥပဒေ” ဟု အနက်ကောက်ခြင်း ဖြစ်သည်။ ယင်း၌ ခေတ်အဆက်ဆက် ရစူလ် အသီးသီးထံ ပို့ချခဲ့သော ပြောင်းလဲစရာ မလိုသည့် အခြေခံ ဥပဒေ၊ စည်းမျဥ်း စည်းကမ်းများ အားလုံး ပါဝင်လာသည်။ ၎င်းကိုပင် (اَلْقُرْءَانُ) ‘ကုရ်အာန်’ ဟု ရည်ညွှန်းခြင်း ဖြစ်၏။ ဖတ်စရာ၊ မှတ်စရာ၊ လေ့လာစရာ၊ လိုက်နာရာ စည်းမျဥ်း ဥပဒေများ စုပေါင်းထားရာ ဟုဆိုလိုသည်။ #ကျမ်းမြတ် ကုရ်အာန် နှင့်စပ်လျဥ်း၍ မှားယွင်းသော အယူအဆ တစ်ရပ် ပျံ့နှံ့ နေသည် ကိုတွေ့ရ၏။ ဤတွင် ယင်းအယူအဆ မှားယွင်းကြောင်း ချေပ,လိုသည်။ ကုရ်အာန်ကို မူလအစတွင် ဆဟာဗဟ် (ရောင်းရင်းများ) ကအာဂုံဆောင် အလွတ် ကျက်မှတ် ခြင်းဖြင့်သာ ထိန်းသိမ်းခဲ့ကြပြီး၊ တတိယ သမ္မတကြီး အွတ်ဆ်မားန် (A.S) လက်ထက် တွင်မှ ပေထက် အက္ခရာ တင်ခဲ့ခြင်း ဖြစ်သည် ဟူ၏။ ဤစွပ်စွဲချက် သည်ပင် မုစ်လင်မ် လောက၌လည်း အတည်ဖြစ်ခဲ့၏။ အရဗီအသုံးအနှုန်း၌ (اَلْكِتَابُ) ‘အလ်ကိသားဗ်’ ဟုဆိုလျှင် စနစ်တကျ မှတ်တမ်း တင်ထားသည့် ကျမ်းဟု ဆိုရာရောက်သည်။ ဟိုတစ သည်တစ ပြန့်ကျဲ နေသော စာရွက် အပိုင်းအစ များကို (اَلْكِتَابُ) ‘အလ်ကိသားဗ်’ ဟုမခေါ်ပါ။ # (ذٰلِكَ الْكِتَابُ) ‘ဇာလိကလ်ကိသားဗ်’ ဟု ဆိုခြင်း၌ မုဟမ္မဒ်ရစူလ် (ﷺ) က ကုရ်အာန် တစ်ကျမ်းတည်း ကိုသာ ရေးသား မှတ်တမ်း တင်ကြရန် ညွှန်ကြားသည့် သဘောလည်း ကိန်းဝပ်သည်ကို သတိပြုစေ လိုသည်။"
17,"(رَيْبٌ) ‘ရိုက်ဗ်’ “သံသယဖြစ်ခြင်း-မရေရာခြင်း” ဤ စကားလုံး ကို အငြင်းဖြင့် တွဲ၍ သံသယ ဖြစ်ဖွယ်ရာ အလျှင်း မရှိကြောင်း ပြဆိုသည်။ အလ္လာဟ်၏ ပြဋ္ဌာန်းချက် ဥပဒေ (စည်းမျဥ်းနှင့် စည်းမျဥ်း အရ ရလဒ် ဖြစ်ထွန်းမှု) ၌ တိကျသော စံနှုန်းများ ပါဝင်သည်။ ယင်း စံနှုန်း များသည် မည့်သည့် အခါမျှ ပြောင်းလဲ သွားသည် ဟူ၍ မရှိချေ။ ဤသည် နှင့်စပ်လျဥ်း၍ သံသယ ဖြစ်ဖွယ်ရာ မရှိ။ သံသယ ဖြစ်ပါက ယင်းကဲ့သို့ ဥပဒေများ ပါဝင်သည့် ကျမ်းတစ်စောင် ပြုစုခဲ့ ကြရန် ဖိတ်ခေါ်ထားသည်။ [2:23]"
18,"(يُؤْمِنُوْنَ) ‘ယုအ်မိနူးန’ ၏ကြိယာနာမ်မှာ (إِيْمَانٌ) ‘အီမာန်’ ဖြစ်သည်။ ဤ စကားလုံးသည် ကုရ်အာန်၏ အခြေခံ အကျဆုံး ဝေါဟာရများ တွင် ပါဝင်သည်။ ၎င်းကို တိကျ မှန်ကန်စွာ နားမလည်လျှင် လူ့ဘောင် တစ်ရပ်လုံး အတွက် အဆိပ်အတောက် ဖြစ်စေ နိုင်သည်။ ဤနေရာတွင် အဓိကကျသော အနက်သဘော တို့ကို လိုရင်း တိုရှင်း ဖော်ပြပါမည်။# (إِيْمَانٌ) ‘အီမာန်’ ၏ ဇာစ်မြစ် အက္ခရာစုမှာ (أ م ن) ‘ဟန်မ်ဇဟ်၊ မီးမ်၊ နူးန်’ ဖြစ်သည်။ (أَمْنٌ) ‘အမ်န်’ ဟူသည် “လုံခြုံခြင်း” “တည်ငြိမ်ခြင်း” “ဘေးအန္တရာယ် များမှ ကင်းဝေးခြင်း” စသဖြင့်ဖြစ်သည်။ (ءَامَنَ) ‘အားမန’တွင် “ယုံကြည်ခြင်း” အပြင် “တစ်ဦး တစ်ယောက်ကို ဘေးကင်း လုံခြုံ စေရန် ဆောင်ရွက် ပေးခြင်း” အနက်သဘောလည်း ပါဝင်သည်။ ကျမ်းမြတ် ကုရ်အာန်၏ အခြေခံ လမ်းညွှန်မှုမှာ လူသည် မိမိ ကိုယ်တိုင် အန္တရာယ်ကင်း၍ အခြားသူတို့အားလည်း ဘေးကင်း လုံခြုံ စေရန် တာဝန်ယူခြင်း အပေါ် အခြေခံ တည်ဆောက် ထားသည်။ ကုရ်အာန်မှ ရည်ညွှန်းသော ဘေးကင်း လုံခြုံမှုနှင့် တည်ငြိမ် အေးချမ်းမှု တို့တွင် လူသား ဆန်မှုနှင့် တရားမျှတမှု တို့ အခြေခံသည်။ ထိုအတွက် လိုအပ်သော စည်းမျဥ်း ဥပဒေကို ဦးစွာ ယုံကြည်ဖို့ လိုသည်။ ထို့ပြင် ယင်းစည်းမျဥ်း ဥပဒေနှင့် နှီးနွယ်သော အရာများ ကိုလည်း ယုံကြည်ရ ပေသည်။ ဤနေရာတွင် အထူး သတိပြုဖို့ လိုသော အချက်မှာ ကုရ်အာန်နှင့် ကုရ်အာန်မှ ယုံကြည်ခိုင်း ထားသော အချက်အလက်များကို ယုံကြည်ပါသည်ဟု နှုတ်မှ ဝန်ခံရုံမျှနှင့် မုအ်မင်န် (ယုံကြည်သူ) မဖြစ်နိုင်ချေ။ လက်တွေ့ ဘဝတွင် ကုရ်အာန်မှ ပြဋ္ဌာန်းထားသည့် အခြေခံ ဥပဒေနှင့် အညီ လိုက်နာ ကျင့်သုံး ဘဝတည်ဆောက် မှသာ မုအ်မင်န်ဟူသော စံနှုန်းနှင့် ပြည့်မီ မည်ဖြစ်သည်။ ကုရ်အာ့န်အခြေခံ ဥပဒေမှာ လူသား ဝါဒပင် ဖြစ်၏။ လူသားဝါဒ အားပုံဖော် တည်ဆောက် ခြင်းဖြင့် မတူ ကွဲပြားသော လူတို့စပ်ကြား တည်ငြိမ် လုံခြုံမှု ကို ဖြစ်ပေါ် စေမည်။ ထို့ကြောင့် ကုရ်အာန်တွင် သုံးနှုန်းထားသော (يُؤْمِنُوْنَ) ‘ယုအ်မိနူးန’ ဟူသည့် ဝေါဟာရ၌ တည်ငြိမ် လုံခြုံမှုကို ယုံကြည်ချက် ဖြင့် တည်ဆောက်ခြင်း ဆိုသည့် သဘောတရား ကိန်းဝပ် ပေသည်။"
19,"(اَلْغَيْبُ) ‘ဂိုက်ဗ်’ ဟူသည် စက္ခုအာရုံ (မျက်စိ) ဖြင့် မမြင်နိုင်သော အရှိတရား ကိုဆိုလိုသည်။ (ဥပမာ-အလ္လာဟ်) ထို့ပြင် ကြိုတင် မမြင်ရသော အရာများလည်း အကျုံးဝင်သည်။ (ဥပမာ- အနာဂတ် ကာလ၊ လုပ်ရပ်မှ ဖြစ်ပေါ်သော အကျိုးဆက်) အထူး သတိပြုရမည်မှာ (اَلْغَيْبُ) ‘ဂိုက်ဗ်’ ကိုမရှိသော အရာများ အတွက် သုံးနှုန်းခြင်း မဟုတ်ဘဲ၊ ပကတိ တည်ရှိနေသော အရှိတရားများ အတွက်သာ သုံးနှုန်းခြင်း ဖြစ်သည်။ ထို့ကြောင့် (اَلْغَيْبُ) ‘ဂိုက်ဗ်’ ကိုအသိပညာ၊ ဆင်ခြင် ဉာဏ်တို့ဖြင့်မူ နားလည် သိမြင် နိုင်ပေသည်။ တွေးဆ ဆင်ခြင်နိုင် ပေသည်။ အမှန်တကယ် မရှိသော အရာများကို ယုံကြည်ခြင်း မဟုတ်သည်ကို သတိပြုဖို့ လိုသည်။"
20,"(يُقِيْمُوْنَ) ‘ယုကီးမူးန’ သည် တည်ဆောက်ခြင်း ဟူ၍ ဖြစ်သည်။ ဖတ်ခြင်း မဟုတ်ပါ။ ၎င်း၏ဇာစ်မြစ်အက္ခရာစုမှာ (ق و م) ဖြစ်သည်။ ကြိယာမှာ (قَامَ) ‘ကွောမ’ ဖြစ်သည်။ ‘မတ်တတ် ရပ်ခြင်း’ ‘ဟန်ချက်မျှခြင်း’ ‘ဖြောင့်မတ်ခြင်း’ ‘တည်တံ့မြဲမြံခြင်း’ ‘မားမား မတ်မတ် ရပ်တည်ခြင်း’ စသည့် အနက်သဘောများ ပါဝင်သည်။ ၎င်းမှဆင့်ပွားကြိယာ (أَقَامَ) ‘အကွောမ’ ဟူသည် “ထူထောင်ခြင်း” “ဟန်ချက်မျှ စေရန် ပြုလုပ်ခြင်း” “တည်ဆောက်ခြင်း” “ဖြောင့်မတ် စေရန်ပြုလုပ်ခြင်း” စသဖြင့် ဖြစ်သည်။ ထို့ကြောင့် (إِقَامَةُ الصَّلٰوةِ) ‘အိကွောမသုဆွ်ဆွလာ့ဟ်’ ဟူသည် “ဆွလာ့ဟ် တည်ဆောက်ခြင်း” ဟူ၍သာ ဖြစ်ပေသည်။ ဆွလာ့ဟ် ဖတ်ခြင်း မဟုတ်ပါ။ အဘယ်ကြောင့် ဆိုသော် ဆွလာ့ဟ်သည် ဖတ်ရသော အရာမဟုတ်ဘဲ၊ တည်ဆောက် ရသော ကျင့်သုံးမှုသာ ဖြစ်၏။ ထို့ကြောင့် ကုရ်အာန်က ဆွလာဟ်နှင့်တွဲ၍ (قَرَأَ) ‘ကွော့ရအ’ “ရွတ်ဖတ်ခြင်း” ကိုမသုံး၊ (قَامَ) ‘ကွောမ’ “တည်တံ့မြဲမြံခြင်း” နှင့် (أَقَامَ) ‘အကွောမ’ “တည်ဆောက်ခြင်း” တို့ကိုသာ သုံးနှုန်း၏။"
21,"(اَلصَّلٰوةَ) ‘ဆွလာဟ်’ ၏ဇာစ်မြစ်အက္ခရာစုမှာ (ص ل و) ဖြစ်သည်။ အခြေခံအနက်သဘောမှာ “တစ်စုံတစ်ခု၏ ဦးဆောင်မှု နောက်မှ လိုက်ခြင်း” ဟူ၍ဖြစ်သည်။ ဦးဆောင်သူကို (سَابِقٌ) ‘စာဗစ်က်’ ဟုလည်းကောင်း၊ နောက်မှ လိုက်သူကို (مُصَلٍّ، اَلْمُصَلِّيْ) ‘မုဆွလ္လီ’ ဟုလည်းကောင်း အသီးသီး ခေါ်ဆိုသည်။ အိမာမ် ရာဃိဗ်က မိမိ၏ အဘိဓာန်၌ (لَمْ نَكُ مِنَ الْمُصَلِّيْنَ) [74:43]ကို “ကျွန်ုပ်တို့သည် ရစူလ်တို့၏ ဦးဆောင်မှု နောက်မှ လိုက်နာသူများ မဟုတ်ကြပါ” ဟုအနက်ဖွင့်ဆိုသည်။ သာဂျုလ် အုရူးစ် အဘိဓာန်၌ ဤစကားလုံး၏ အဓိပ္ပာယ်ကို “တစ်စုံတစ်ခုနှင့် ပူးကပ်ခြင်း” ဟုလည်းဖော်ပြထား၏။ ထိုရှုထောင့် အရ အလ္လာ့ပြဋ္ဌာန်းချက် စည်းမျဥ်းများ နှင့် မခွဲမခွာ ပူးကပ်ခြင်း၊ ယင်း စည်းမျဥ်း ဘောင်အတွင်း စည်းမဖောက်ဘဲ နေထိုင်ခြင်း စသည့် သဘောတရားများ ဖြစ်ပေါ် ပါသည်။ (الصَّلٰوةَ) ‘ဆွလာဟ်’ ဝေါဟာရသည် ကုရ်အာန်၏ အရေးပါသော ဝေါဟာရ တစ်လုံး ဖြစ်သည့်အားလျော်စွာ လွန်စွာ နက်နဲ ကျယ်ဝန်းသော သဘောတရားများ ကိန်းဝပ်ပေသည်။ ထို့ကြောင့် ၎င်းကို အခြား ဘာသာစာပေဖြင့် အဓိပ္ပာယ် တစ်မျိုးတည်း ပြန်ဆိုရန်မှာ ဖြစ်နိုင်သော ကိစ္စမဟုတ်ပါ။ ခြုံငုံ၍ဆိုရလျှင် (الصَّلٰوةَ) ‘ဆွလာဟ်’ ဟူသည် အလ္လာဟ်မှ လူသားကို လိုက်နာ စေလိုသော ကောင်းခြင်းများ နှင့် လူသား၏ မျက်မှောက်ပြု လျှောက်လှမ်းရမည့် လူ့အရည်အသွေး ဖွံ့ဖြိုးမှု ဥပဒေသများ ကိန်းဝပ်နေသည့် ကျင့်သုံးရာ ဖြစ်သည်။ ထို့ပြင် အပျက်သဘော ဆောင်သော အရာများမှ ဘေးကင်း လုံခြုံစေသော ကျင့်စဥ်လည်း ဖြစ်ပေသည်။ ပို၍ ထူးခြား သည်မှာ ဆွလာဟ်သည် အလ္လာဟ် ကိုယ်တော်တိုင်၏ တည်ဆောက်မှု တစ်ခုလည်း ဖြစ်ပေသည်။ [ကြည့်။ [33:43-56]] ကုရ်အာန် တစ်ကျမ်းလုံး တွင် ဤစကားလုံးကို အာယဟ်ပေါင်း (၉၀) ၌ (၉၉) ကြိမ်တိတိ သုံးနှုန်း ထားရာ အလျဥ်းသင့်က လိုအပ်သော နေရာတွင် ထပ်မံ ဖြည့်စွက် ဖော်ပြ ပါဦးမည်။"
22,"(رِزْقٌ) ‘ရိဇ်က်’ ဤစကားလုံးတွင် သက်ရှိလောက တစ်ခုလုံးအဖို့ လိုအပ်သော အထောက်အပံ့များကို စီမံခြင်း နှင့်လူသား၏ ရုပ်ဘဝရှင်သန် ရပ်တည်ရေးနှင့် အတူလူဖြစ်မှု အရည်အသွေး တိုးတက်ရေး တို့အဖို့ လိုအပ်သော အထောက်အပံ့ အားလုံး စီမံခြင်း တို့ပါဝင်သည်။ ဤစီမံမှု တစ်ရပ်လုံးကို အလ္လာဟ်က စီမံထားကြောင်း ဤအာယဟ်တွင် ပြဆိုသည်။"
23,"(يُنْفِقُوْنَ) ‘ယွန် (န်) ဖှိကူးန’ ဤစကားလုံးတွင် အဝင်နှင့်အထွက် အပေါက်နှစ်ပေါက် ဖောက်ထားခြင်း (စီးကြောင်း) အနက် သဘောကိန်းဝပ်သည်။ အလ္လာဟ်စီမံထားသော (رِزْقٌ) အား လူသားက ရှာဖွေဆည်းပူးပြီး၊ လိုအပ် သူတို့ကို ပြန်လည် မျှဝေခြင်း အတွက် ဤစကားလုံးကို သုံးနှုန်းသည်။ ဤစီးကြောင်း ပိတ်ဆို့ ခြင်းဖြင့် လူ့ဘောင်တွင် မညီမျှမှုများ ဖြစ်ပေါ်လျက် ဟန်ချက် ပျက်သွား ပေမည်။ ဤသို့ဖြင့် အနိဋ္ဌာရုံများ ဖြစ်ပေါ်လာပေမည်။"
24,"(مَا أُنْزِلَ) ‘မာအွန် (န်) ဇိလ’ “ချမှတ်လာသောအရှိတရား” ဟူသည်ဝဟ်ယ် (လူ့ဘဝလမ်းညွှန်မှု) ကိုရည်ညွှန်းခြင်းဖြစ်သည်။ ယင်းသည် မုဟမ္မဒ်ရစူလ် (ﷺ) ထံကုရ်အာန် အမည်ဖြင့် ပို့ချလာသော (اَلْكِتَابُ) ‘ကိသားဗ်’ “ဥပဒေကျမ်း” ဖြစ်သည်။ ယင်း ဥပဒေကျမ်း သည် တည်ငြိမ် လုံခြုံသော လူ့ဘောင် တစ်ရပ် တည်ဆောက်ရေး အတွက် အခြေခံပင် ဖြစ်သည်။"
25,"(مِنْ قَبْلِكَ) ‘မင်န်ကဗ်လိက’ “အသင့်အလျင်က” ဟူသော ရည်ညွှန်းမှုအရ ဝဟ်ယ် (လူ့ဘဝလမ်းညွှန်မှု) သည်မုဟမ္မဒ်ရစူလ် (ﷺ) မတိုင်မီ ကတည်းက ခေတ်အဆက်ဆက် ရစူလ်များထံ ချမှတ်ခဲ့ပြီး ဖြစ်ကြောင်း ပြဆိုသည်။ ကျမ်းမြတ်ကုရ်အာန်တွင် ခေတ်အဆက်ဆက် ချမှတ်ခဲ့သမျှ ကျမ်းဂန်အားလုံးမှ အနှစ်သာရများ ပြန်လည် ပါဝင်လာသည်။ ပြင်ဆင်ရန် လိုအပ်သော အချက်အချို့ကို ပြင်ဆင်၍ ဖြည့်စွက်ရန် လိုအပ်သော အချက်အချို့ကို ဖြည့်ပေးခဲ့သည်။ ထိုသို့ဖြင့် ကုရ်အာန်ကို ယုံကြည်ခြင်းသည် ရှေးကျမ်းများ ကိုပါ ယုံကြည်ရာ ရောက်ပေသည်။ လက်ရှိ ပြင်ဆင် ထားသည့် ရှေးကျမ်းများကို ရည်ညွှန်းခြင်း မဟုတ်ကြောင်း သတိပြုအပ်၏။"
26,"(اَلْآخِرَةُ) ‘အလ်အာခိရဟ်’ “အနာဂတ်ကာလ” တွင် ပစ္စုပ္ပန်တိုင်း ၏ အနာဂတ် ပါဝင်သည်။ ၎င်း၌ ဤလောကီတွင် ကြုံဆုံရမည့် အနာဂတ်အပြင် ကွယ်လွန်ပြီးနောက် ကြုံတွေ့ရမည့် သစ်လွင်သော ဘဝလည်း ပါဝင်သည်။ အထူးသတိပြုရမည့် အချက်မှာ ကွယ်လွန်ပြီးနောက် ကြုံဆုံရမည့် အနာဂတ်ဘဝ တစ်ခုတည်းအတွက် ကျင့်ကြံခြင်းသည် ကုရ်အာ့န် လမ်းညွှန်ချက်နှင့် ညီညွတ်မှုမရှိပါ။ [2:201] လူသည် မိမိ၏ ပစ္စုပ္ပန် ဘဝတွင် ကြုံတွေ့ရမည့် အနာဂတ်အတွက် ကောင်းကျိုး ချမ်းသာကို ကြိုတင် ဆည်းပူးရပေမည်။ ထိုနည်းတူစွာ ကွယ်လွန် ပြီးနောက် ကြုံတွေ့ရမည့် အနာဂတ် အတွက်လည်း ဆည်းပူးဖို့ လိုသည်။"
27,"(يُوْقِنُوْنَ) ‘ယူးကိနူးန’ “ယုံကြည်ခြင်း-ခံယူခြင်း” ဟူသော စကားလုံးတွင် သံသယမဲ့ခြင်း သဘောကိန်းဝပ်သည်။ ဤနေရာတွင် ဤစကားလုံးကို သုံးနှုန်း၍ အရှိတရား တစ်ရပ်အား မီးမောင်း ထိုးပြ ထားသည်။ လူသည် ပစ္စုပ္ပန်၌ အလ္လာ့ဟ် လမ်းညွှန်မှုနှင့် အညီဘဝကို ဖြတ်သန်း ခြင်းဖြင့် ကြုံတွေ့ရသော အနာဂတ် တလျှောက် ကောင်းကျိုး ချမ်းသာ ကိုခံစားရ၏။ ထိုသို့ဖြင့် မိမိ၏ လုပ်ရပ်တိုင်းမှ ရလဒ် ဖြစ်ထွန်းလာသည် ကိုခံစား နားလည်လာသည်။ သို့ဖြစ်ရာ ဤလောကီ၏ အနာဂတ် တစ်လျှောက်တွင်လည်းကောင်း၊ ကွယ်လွန် ပြီးနောက် ကြုံတွေ့ရမည့် အနာဂတ်တွင် လည်းကောင်း မိမိ လုပ်ရပ်များမှ ရလဒ်တို့ ပုံပေါ်လာမှု အပေါ် သံသယ ကင်းစွာ ယုံကြည် လာတော့သည်။"
28,"(كَـــــفَرُوْا) ‘ကဖှရူး’ မှ (كَافِـــــرٌ) ‘ကာဖှိရ်’ ဟူ၍ဖြစ်ပေါ်သည်။ ၎င်းနှင့် တိုက်ရိုက် ဆန့်ကျင်ဘက် စကားလုံးမှာ -# (مُؤْمِنٌ) ‘မုအ်မင်န်’ ဖြစ်သည်။ ဤစကားလုံး နှစ်လုံးသည် ကုရ်အာန်၏ အရေးပါသော ဝေါဟာရများဖြစ်၏။ မူလကြိယာမှာ (كَفَرَ) ‘ကဖှရ’ ဖြစ်သည်။ ရင်းမြစ်အဓိပ္ပာယ်မှာ “ဖုံးအုပ်ခြင်း - ဖုံးကွယ်ခြင်း” ဖြစ်သည်။ ဖုံးကွယ်ခြင်း ရှုထောင့်အရ သွေဖည်ခြင်း သဘောဖြစ်ပေါ်သည်။ (كَافِرٌ) ‘ကာဖှိရ်’ ဟူသော စကားလုံးကို ယေဘုယျအားဖြင့် ဘာသာခြားဟု နားလည်ထားကြ၏။ ဤသည် လူ့ဘောင်အား အဆိပ် သင့်စေသော နားလည်မှုပင်ဖြစ်၏။ ကုရ်အာ့န် အခြေခံမူမှာ လူ့ဘောင် တစ်ခုလုံး လုံခြုံ တည်ငြိမ်၍ သာယာဝပြောရန် ရည်ရွယ်၏။ ထို့ကြောင့် (كَافِرٌ) ‘ကာဖှိရ်’ ဟူသော စကားလုံး သည် ဘာသာခြားကို ရည်ညွှန်ခြင်း မဟုတ်ဘဲ၊ လူ့ဘောင်၏ တည်ငြိမ်မှု၊ လုံခြုံမှုနှင့် သာယာဝပြောမှု တို့အား ပျက်စီးစေလိုသော ဆန္ဒဖြင့် အမှန်ကို သွေဖည် ဆန့်ကျင်သော သူကို ညွှန်းဆိုသည့် ဝေါဟာရသာလျှင်ဖြစ်၏။ အမှန်ကို သွေဖည် ဆန့်ကျင်ရာမှ ဖြစ်ပေါ်လာသော အပျက်သဘော များကား များပြားလှ၏။ အမှန်ကို ဆန့်ကျင်သော သူတို့သည် ဇွတ်တရွတ်နိုင်၏။ မာနထောင်လွှား၏။ ကိုယ်ကျိုးကိုသာ ဦးစားပေး၏။ တစ်ဖက်စွန်း ရောက်၏။ မူလ တန်ဖိုးအမှန်ကို တန်ဖိုးမဲ့သွားစေရန် ဖန်တီး၏။ သူတို့သည် မှန်ကန်သော ဘဝနေနည်းကို ရွေးချယ် လိုသော ဆန္ဒ မရှိကြချေ။ [2:89-90] [2:109] [17:14] [35:42-43] [47:32] ထိုမျှမက သူတို့သည် မိမိတို့ကိုယ်တိုင် လမ်းမှန်ပေါ် လျှောက်လှမ်းခြင်း မပြုရုံမက အခြား သူတို့ကိုပါ ပိတ်ပင် တားဆီးကြ၏။ [6:26] [41:26] [47:32] လောကတွင် တိုးတက်အောင်မြင်၊ ရှင်သန် လိုသူ တို့ကိုသာလျှင် ပြောဆိုဆုံးမ၊ လမ်းပြ၊ သတိပေးနိုင်မည် ဖြစ်၏။ [36:70]"
29,"(خَتَمَ اللّٰهُ) ‘ခသမလ္လာဟု’ ကိုတိုက်ရိုက်ပြန်ဆိုလျှင် ‘အလ္လာဟ်သည် တံဆိပ်ခတ်နှိပ်လိုက်ပြီ’ (တစ်နည်း) ‘ချိပ်ပိတ် လိုက်ပြီ’ဟူ၍ ဖြစ်သည်။ စင်စစ်တွင် အမှန်ကို သွေဖည်ဆန့်ကျင်မှု၊ ဇွတ်တရွတ်နိုင်မှု၊ မာနထောင်လွှားမှု၊ ကိုယ်ကျိုးကိုသာ ဦးစားပေးမှု၊ တစ်ဖက်စွန်း ရောက်မှု စသည်တို့ကြောင့် အလ္လာဟ် ပြဋ္ဌာန်းထားသော တုံ့ပြန် ရလဒ် ဖြစ်ထွန်းမှု အားဖြင့် ဖြစ်ပေါ်လာသော အကျိုးဆက် ကို ပြဆိုခြင်း ဖြစ်သည်။"
30,"(قُلُوْبٌ) ‘ကုလူးဗ်’ သည် ဗဟုဝုစ်ဖြစ်၍ ဧကဝုစ်မှာ (قَلْبٌ) ‘ကလ်ဗ်’ ဖြစ်သည်။ “အပြန်ပြန် အလှန်လှန် သုံးသပ် ဆင်ခြင်၍ နားလည် နိုင်သောစွမ်းရည်” “စိတ်နှလုံး” စသည်တို့ ကိုဆိုလိုသည်။ အထက်တွင် ဆိုခဲ့သလို အပျက်သဘောများ သက်ရောက် လာခြင်းကြောင့် လူသား၏ နားလည်နိုင်မှု စွမ်းရည်၌ အပိတ်အဆို့ အကာအဆီးများ ဖြစ်ပေါ်လာပြီး ပြင်ပမှ ဝင်ရောက်လာမည့် အမှန်တရားကို အဝင်မခံသော အခြေအနေကို အာယဟ်၌ ရည်ညွှန်းခြင်း ဖြစ်သည်။"
31,"(لَهُمْ عَذَابٌ عظِيْمٌ) ကိုတိုက်ရိုက်ပြန်ဆိုလျှင် “သူတို့ အဖို့ ကြီးလေးသော ပြစ်ဒဏ်ရှိ၏” ဟူ၍ဖြစ်သည်။ ဆိုလိုသည်မှာ သူတို့၏ အမှန်ကို သွေဖည် ဆန့်ကျင်မှုမှ ဖြစ်ပေါ်လာသော အသိအမြင် ကန်းမှု စသည့် အခြေအနေများက အဆုံးတွင် ကြီးလေးသော ဒဏ်ခတ်မှု ဆီသို့ သက်ရောက် သွားစေကြောင်း ပြဆိုခြင်း ဖြစ်သည်။ အာယဟ်တွင် ဖော်ပြထားသော အပျက်သဘော သက်ရောက် လာမှု အားလုံးသည် လုပ်ရပ်မှ ဖြစ်ပေါ်သော အကျိုးဆက်များသာ ဖြစ်သည် ကိုအထူးပင်ဆင်ခြင် အပ်၏။ [17:46] [18:57] [41:4-5] [45:23] [83:14]# (عَذَابٌ) # ‘အဇာဗ်’ ဟူသည် ဘဝ၏ ချိုမြိန်သော အရသာ ခံစားရခြင်းမှ ကင်းဝေး စေသည့် အကျိုးဆက်များ၊ ဖွံ့ဖြိုး တိုးတက်ခြင်းတို့ ရပ်တန့် သွားစေသော ရလဒ်ဆိုးများ၊ ကောင်းကျိုး ချမ်းသာများ လက်လွှတ် လိုက်ရသည့် အခြေအနေများ စသည်တို့ကို ရည်ညွှန်းသည်။ ဤအနေအထား ဖြစ်ပေါ်မှုတွင် အကြောင်းလော၊ အကျိုးလော ဆိုသည်ကို အထူးသတိပြု ဆင်ခြင်အပ် ပေသည်။ အကြောင်း ဆိုလျှင် ပြန်လည် ပြုပြင်ရန် အခွင့်အရေး ရှိမည်ဖြစ်သော်လည်း၊ အကျိုး ဆိုလျှင်မူ ပြုပြင်ခွင့် ရှိတော့မည် မဟုတ်ချေ။"
32,"(ءَامَنَّا بِاللّٰهِ) “အလ္လာဟ်ကိုယုံကြည်ခြင်း” ဟူသည် တိကျ သေချာသည့် လူ့ဘဝ စည်းမျဥ်းအား အရှင်မှပြဋ္ဌာန်းကြောင်း၊ ယင်း စည်းမျဥ်းအရ တည်ငြိမ် လုံခြုံမှုနှင့် သာယာဝပြောမှု တို့ကို လက်တွေ့ ဘဝတွင် တည်ဆောက် ပုံဖော်မည် ဆိုခြင်း ကို သစ္စာအဓိဋ္ဌာန်ပြုခြင်း အား ရည်ညွန်းသည်။ နှုတ်မှ သက်သက် ယုံကြည်ပါသည် ဟုဆိုခြင်း သည် တရားမဝင်ချေ။"
33,"(بِالْيَوْمِ الْآخِرِ) “နောက်ဆုံးနေ့ကို ယုံကြည်ခြင်း” ဟူသည် ဖော်ပြပါ ဘဝနေနည်း စည်းမျဥ်းများ အရ လုပ်ရပ်မှ ရလဒ် ပုံပေါ်လာခြင်း အပေါ် ယုံကြည်ခြင်း ကိုဆိုလိုသည်။ ထိုအတွက် ကာလတစ်ရပ်လိုသည်။ (يَوْمٌ) ဟူသည် ကာလ ကိုဆိုလိုသည်။"
34,"ဤသည် တတိယအုပ်စု ဖြစ်သည်။ ကုရ်အာန်၌ (مُوْمِنٌ) ‘မုအ်မင်န်’ (كَافِرٌ) ‘ကာဖှိရ်’ အပြင် တတိယအုပ်စု (مُنَافِقٌ) ‘မုနာဖှစ်က်’ ဟူ၍ လည်းဖော်ပြထားသည်။ ယင်းအုပ်စုသည် (كَافِرٌ) ‘ကာဖှိရ်’ အုပ်စုထက် ပို၍ ဆိုးရွား၏။ သူတို့သည် အမြင်အားဖြင့် (مُوْمِنٌ) ‘မုအ်မင်န်’ ဟု ထင်ရသော်လည်း အမှန်စင်စစ် မဟုတ်ကြပေ။ သူတို့၏ စရိုက် လက္ခဏာ အချို့ကို ရှေ့လာမည့် အာယဟ်များ၌ ဖော်ပြထားပေသည်။ သူတို့သည် အနိမ့်စား စိတ်ဓာတ်များ ဖြစ်သည့် အလိုရမ္မက်ကို ဦးစားပေးသူများ၊ အခြေအနေနှင့် အချိန်အခါကို ကြည့်သည့် ကိုယ်ကျိုးရှာ အခွင့်အရေး သမားများသာ ဖြစ်ကြသည်။ သို့ဖြစ်၍ သူတို့၏ ပေါင်းစည်းလာမှု အပေါ် ယုံပုံ အားထား၍ မဖြစ်နိုင်ပါ။"
35,"(يُخَادِعُوْنَ، يَخْدَعُوْنَ) ဤစကားလုံး နှစ်လုံးသည် ပုဒ်တစ်ပုဒ်၏ အသွင်နှစ်မျိုး ဖြစ်ပြီး “လှည့်စားခြင်း” အနက်ကိုဆောင်သည်။ (مُنَافِقٌ) ‘မုနာဖှစ်က်’ “အယောင်ဆောင်” လူတန်းစား တို့သည် မိမိတို့၏ လှည့်စားမှုမှ အကျိုးအမြတ် ဖြစ်ပေါ်မည် ဟုထင်ထား ကြသည်။ အလ္လာဟ်၏ ပြဋ္ဌာန်းချက် ဥပဒေသများသည် လုပ်ရပ်တိုင်းမှ တိကျသော ရလဒ်တို့ကို ပုံပေါ် ဖြစ်ထွန်းစေရာ သူတို့၏ လှည့်စားမှု မှလည်း ရလဒ် ပုံပေါ်လာတော့၏။ သို့ရာတွင် ယင်းရလဒ်သည် ကောင်းကျိုး မဟုတ်ဘဲ၊ ဆိုးကျိုးသာ ဖြစ်မည် ဆိုသည်ကို သူတို့ မသိကြချေ။"
36,"(أَنْفُسٌ) ‘အန် (န်) ဖှုစ်’ သည် ဗဟုဝုစ်ဖြစ်၍ ဧကဝုစ်မှာ (نَفْسٌ) ‘နဖှ်စ်’ ဖြစ်သည်။ ဤစကားလုံး၏ အဓိပ္ပာယ်များတွင် “အရည်အသွေး” “ပကတိတည်ရှိမှု” “အသက်” “စိတ်သဘောထား” “ဉာဥ်စရိုက်” စသည်တို့ပါဝင်သည်။ ဤစကားလုံးကို အလ္လာ့ဟ်ဘက် လည်း ရည်ညွှန်း သုံးနှုန်းသည်။ ထိုအခါ အလ္လာဟ်၏ ပကတိတည်ရှိမှု ဟူသော သဘောဆောင်သည်။ (أَنْفُسَهُمْ) ‘အန် (န်) ဖှုစဟွန်မ်’ ကို “မိမိကိုယ်မိမိ” ဟူ၍ လည်း အနက်ကောက် ကြသည်။"
37,"(مَرَضٌ) ‘မရဿွ်’ ဤစကားလုံးတွင် “ရောဂါ” ဟူသော အဓိပ္ပာယ်အပြင် “ဟန်ချက်ပျက်ခြင်း” ဟူသည့် အနက်သဘောလည်း ကိန်းဝပ်သည်။ စင်စစ် ရောဂါသည် ခန္ဓာကိုယ်၏ ဟန်ချက်ပျက်မှု ကြောင့်သာ ဖြစ်ပေါ်ပါသည်။ (مُنَافِقٌ) ‘မုနာဖှစ်က်’ “အယောင်ဆောင်” လူတန်းစားတို့၏ အယောင်ဆောင်မှုမှ သူတို့၏ နားလည်နိုင်မှု စွမ်းရည်များ ဟန်ချက် ပျက်သွားခြင်း ဟုဆိုလိုသည်။ ထို့ပြင် (مَرَضٌ) ‘မရဿွ်’ ဟုရည်ညွှန်းမှုတွင် လူ့စာရိတ္တ၌ ဖြစ်ပေါ်သော မနာလိုမှု၊ ကောက်ကျစ်မှု၊ မကောင်းမှုတွင် မွေ့လျော်မှု စသည့် သဘောတရားများ လည်းပါဝင်သည်။ အထူးသတိပြု အပ်သည့် အချက်မှာ ကျမ်းမြတ်ကုရ်အာန်သည် လူ့ ကိုယ်ကျင့်တရား ဖောက်ပြန်မှုများ အတွက်သာလျှင် ကုစားရာဖြစ်၏။ ရုပ်ခန္ဓာ၌ ဖြစ်ပေါ်သော ရောဂါများနှင့် စိတ်ရောဂါများ အတွက် ရွတ်ဖတ် မန်းမှုတ် ရသော မန္တန်မဟုတ်ပေ။"
38,"(زَادَهُمُ ٱللّٰهُ مَرَضًا) ‘ဇာဒဟုမွတ်လ္လာဟုမရဿွာ’ ကိုတိုက်ရိုက်ပြန်ဆိုလျှင် “အလ္လာဟ်သည် သူတို့၏ ရောဂါကို တိုးပွားစေသည်” ဟူ၍ဖြစ်၏။ ဤနေရာတွင် အကြောင်းကြောင့် အကျိုးဆက် ဖြစ်ပေါ် လာရန် ပြဋ္ဌာန်းထားခြင်း ကိုသာ ညွှန်းဆို၏။ အယောင်ဆောင်ခြင်း တည်းဟူသော အကြောင်းသည် ကိုယ်ကျင့်တရား ဖောက်ပြန်ခြင်း၌ ဆတက်ထမ်းပိုး တိုးပွား လာစေရန် အကျိုးဆက်အဖြစ် အလ္လာဟ်က ပြဋ္ဌာန်း ထားသည်ဟု ဆိုလိုသည်။ ဥပမာ- အစ၌ တစ်ကြိမ်မျှ လိမ်လည်ခြင်းသည် နောက်ထပ် ဆယ်ကြိမ်မက လိမ်လည်ရန် အကြောင်းဖန်လာသကဲ့သို့ ဖြစ်ပေသည်။"
39,"(تُفْسِدُوْا) ‘သုဖှ်စိဒူး’ သည် (فَسَادٌ) ‘ဖှစားဒ်’ ဟူသော ပုဒ်မှ ဆင့်ပွားသည့် ကြိယာ ဖြစ်သည်။ အဓိပ္ပာယ်မှာ “မျှတ ညီညွတ် မှုနှင့် တည်ငြိမ်မှု တို့ကို ပျက်ပြားစေခြင်း” “မညီမျှမှု” “ဆုတ်ယုတ်မှု” စသဖြင့်ဖြစ်သည်။ လူတချို့သည် မိမိတို့ ဆန္ဒမှ ဖြစ်ပေါ်သော ကောင်းခြင်း ဟူသည့် စံနှုန်းများနှင့် အညီ ပြုကျင့် ဆောင်ရွက်လေ့ ရှိကြသည်။ ထိုဆောင်ရွက်ချက်များသည် အလ္လာဟ် ပြဋ္ဌာန်းအပ်သော ဥပဒေ စံနှုန်းများနှင့် ကိုက်ညီမှုမရှိပေ။ စင်စစ် ကုရ်အာန်သည် ဘာသာတရား တစ်ခုကို သွန်သင်နေသော ကျမ်းမဟုတ်။ ကမ္ဘာ့လူသား တစ်ရပ်လုံး ညီညွတ်မျှတ၊ တည်ငြိမ် ချမ်းမြေ့စွာ ဘဝတည်ဆောက်နိုင်ရန် စနစ်တစ်ရပ်ကို ပြဋ္ဌာန်းအပ်သော အခြေခံ ဥပဒေသာလျှင် ဖြစ်၏။ (اَلْأَرْضُ) ‘အရဿွ်’ ဟူသည် တိုင်းပြည် တစ်ပြည်ကို ရည်ညွှန်း သကဲ့သို့ ကမ္ဘာတစ်ခုလုံး အားလည်း ရည်ညွှန်းသော ပုဒ်ဖြစ်သည်။ ၎င်း၌ လူ့ဘောင် ဟူသည့် အနက်သဘော လည်းပါဝင်သည်။ ကုရ်အာန်က (لَا تُفْسِدُوْا فِى الْأَرْضِ) ‘လာသုဖှ်စိဒူးဖှိလ်အရ်ဿွ်’ ဟု ရည်ညွှန်းမှု၌ ကမ္ဘာ တစ်ခုလုံးတွင် နေထိုင်လျက် ရှိသော လူမှုလူ့ဘောင် တစ်ရပ်လုံး၌ ညီညွတ်မျှတမှုနှင့် တည်ငြိမ်မှု တို့ကို ဖျက်လိုဖျက်ဆီး မပြုကြရန် တားမြစ်ခြင်း ဖြစ်ပေသည်။ ထို့အတွက် လိုအပ်သော အခြေခံ ဥပဒေအလုံးစုံကို လည်း ကုရ်အာန်မှ ပြဋ္ဌာန်းထားပြီး ဖြစ်ပေသည်။"
40,"(مُصْلِحُوْنَ) ‘မုဆွ်လိဟူးန’ သည် (إِصْلَاحٌ) ဟူသော ကြိယာနာမ်မှ ဆင့်ပွားသည့် နာမ်ဖြစ်သည်။ အဓိပ္ပာယ်မှာ “ပြုပြင် ပြောင်းလဲခြင်း” ဖြစ်သည်။ ဖျက်ဆီးရေးသမားများက သူတို့၏ လုပ်ရပ်များကို ပြုပြင်ရေး လုပ်ရပ်ဟု အထင်မှားနေခြင်း ကို ဤအာယဟ်၌ မီးမောင်း ထိုးပြထားသည်။ လူတစ်ဦး၏ လုပ်ရပ်တွင် အခြားသူ အတွက် ကောင်းကျိုး မဖြစ်ပေါ်ပါက ယင်းလုပ်ရပ် မည်မျှကောင်းသည် ဟု ခံစားရပါသော်လည်း ပြုပြင်ရေး လုပ်ရပ် မဖြစ်နိုင်ချေ။ ဤနေရာတွင် မကောင်းမှုကို ရည်ညွှန်းခြင်း မဟုတ်သည်ကို အထူးသတိပြုစေလိုသည်။ ကောင်းမှုဟု ထင်၍ လုပ်ဆောင် နေကြသော ကိစ္စရပ်များအား ရည်ညွှန်းခြင်းသာဖြစ်၏။ ထို့ကြောင့် (إِنَّمَا نَحْنُ مُصْلِحُوْنَ) ‘အင်န္နမာနဟ်နုမုဆွ်လိဟူးန’ ဟု ခွန်းတုံ့ပြန် ခြင်းဖြစ်သည်။ ဆိုလိုသည်မှာ ကုရ်အာန်အရ ပြဋ္ဌာန်းခြင်း မဟုတ်သော အပြု ဆောင်ရွက်ချက်မျိုး ဖြစ်သည်။ ၎င်းကို ပြုကျင့်ခြင်းအား သူတို့က ပြုပြင်ရေး လုပ်ရပ်ဟု အထင်မှား နေကြကြောင်း ပြဆိုသည်။"
41,"(كَمَا ءَامَنَ النَّاسُ) “အကြင် သူတို့ကဲ့သို့ ယုံကြည် လိုက်နာခြင်း” ဟူ၍ ညွှန်းဆိုခံရသော သူတို့သည် နှုတ်မှ ဖွင့်ဟ ဝန်ခံခြင်းနှင့် စိတ်၌ ရှိနေသော အတွေးတို့ ထပ်တူ ဖြစ်သည့် သူတို့ကို ဆိုလို၏။ ထို့ပြင် အပြောနှင့် အလုပ် တစ်ထပ်တည်း ကျအောင် ဆောင်ရွက်ကြသည့် သူများလည်း ဖြစ်ကြ ပေသည်။"
42,"(السُّفَهَآءُ) ‘စုဖှဟားအ်’ “အသိဉာဏ်ကင်းမဲ့သူများ”။ အယောင်ဆောင် သူတို့က ရည်ညွှန်းသော အသိဉာဏ် ကင်းမဲ့သူများ ဟူသည် အထက်၌ ဆိုခဲ့သော အပြောနှင့် အလုပ် တစ်ထပ်တည်း ကျအောင် ဆောင်ရွက်ကြသူများ ဖြစ်သည်။ တစ်နည်း ဆိုရလျှင် ယုံကြည်ချက်နှင့် လုပ်ရပ်တို့ ထပ်တူ တူညီရန် ကျင့်သုံးသူများ ဖြစ်ကြသည်။ အယောင်ဆောင်သူများက သူတို့ကို အသိဉာဏ် ကင်းမဲ့သည် ဟုရှုမြင်ရသည့် အကြောင်းများတွင် သူတို့၏ ဆောင်ရွက်ချက်တိုင်း၌ သူ့ဖို့ ကိုယ့်ဖို့ ဘက်နှစ်ဖက် ညီမျှရန် ထိန်းသိမ်း ဆောင်ရွက်ကြခြင်း၊ ကျမ်းမြတ် ကုရ်အာန်၏ ပြဋ္ဌာန်းချက်အား လေးစား လိုက်နာခြင်း၊ ဥပဒေကို အလေးထားခြင်း၊ ဥပဒေ လွှမ်းမိုး၍ လုံခြုံမှု တည်တံ့စေရန် ရည်ရွယ် ဆောက်တည်ခြင်း စသည့် အကြောင်းများကြောင့် ဖြစ်ပေသည်။ စင်စစ် ဤပြောဆိုမှုသည် စွပ်စွဲချက်မှအပ အခြားမဟုတ်ပြီ။ စင်စစ်တွင် ဤသို့ စွပ်စွဲသော သူများ သည်သာ အသိဉာဏ် ကင်းမဲ့ကြ၏။ သူတို့၏ အသိဉာဏ် ကင်းမဲ့သော လုပ်ရပ်များကို ရှေ့အာယဟ်တွင် ဖော်ပြထား၏။"
43,"(شَيَاطِيْنُ) ‘ရှယာသီးန်’ သည် (شَيْطَانٌ) ‘ရှိုက်သာန်’ ၏ ဗဟုဝုစ်ဖြစ်သည်။ ဤစကားလုံးသည် လူ၌ ဖြစ်ပေါ်သော အပျက်စိတ်ကို ရည်ညွှန်းခြင်း ဖြစ်သည်။ ရှိုက်တွောန် ဟူ၍ သီးသန့် သတ္တဝါ မရှိပါ။ အပျက်စိတ်ကို ကိုယ်စားပြုသူ နှစ်မျိုးရှိ၏။ တစ်မျိုးမှာ (شَيْطَانٌ) ‘ရှိုက်သာန်’ ဖြစ်၍အခြားတမျိုးမှာ (إِبْلِيْسُ) ‘အိဗ်လီးစ်’ ဖြစ်သည်။ (شَيْطَانٌ) ‘ရှိုက်သာန်’ ဟူသည် မိမိကိုယ်တိုင် အပျက်စိတ်ကို မွေးမြူ၍ အခြား သူတို့ကိုပါ လွဲမှား ချွတ်ချော် စေရန်ဖန်တီးသူ ကိုဆိုသည်။ တစ်နည်း ဆိုရလျှင် မိမိတွင် ဖြစ်ပေါ်လာသော အပျက်စိတ်ကို လက်တွေ့ ဘဝ၌ အကျိုး သက်ရောက်စေရန် ဆိုးရွားသော အမှုဟူသမျှကို ဖန်တီးသူဖြစ်၏။ (إِبْلِيْسُ) ‘အိဗ်လီးစ်’ ဟူသည် အပျက်စိတ် အစပြုပြီး၊ မာန်တက် နေသူကို ရည်ညွှန်းသည်။ သွေဖည် ဆန့်ကျင်သူ အတွက်လည်း ဤစကားလုံး ကိုသုံးနှုန်းသည်။ [2:34]"
44,"(اَللّٰهُ يَسْتَهْزِئُ بِهِمْ) ‘အလ္လာဟုယတ်စ်သဟ်ဇိအုဗိဟင်မ်’ ကိုတိုက်ရိုက်ပြန်ဆိုလျှင် “အလ္လာဟ်သည် သူတို့ကို ပြက်ရယ်မှုပြုသည်” ဟူ၍ဖြစ်၏။ ဤကဲ့သို့ သုံးနှုန်းပုံများကို ကုရ်အာန်တွင် နေရာများစွာ၌ တွေ့နိုင်၏။ (خَتَمَ ٱللّٰهُ) ‘ခသမလ္လာဟု’ တွင်လည်းကောင်း၊ (زَادَهُمُ ٱللّٰهُ مَرَضًا) ‘ဇာဒဟုမွတ်လ္လာဟုမရဿွာ’ တွင် လည်းကောင်း ဆိုလိုရင်းကို ဖော်ပြခဲ့ပြီး ဖြစ်၏။ စင်စစ် အလ္လာဟ်၏ ဥပဒေ ပြဋ္ဌာန်းချက်သည် ပကတိ အရှိတရား အပေါ်အခြေခံ တည်ဆောက် ထားသောကြောင့် ဆိတ်ကွယ်ရာ ဟူ၍မရှိချေ။ လုပ်ရပ်တစ်ခုသည်အပြုဖြစ်စေ၊ အပျက်ဖြစ်စေ တိကျစွာ ပုံပေါ်ဖြစ်ထွန်း၏။ [2:14] တွင် အယောင်ဆောင် သူတို့၏ ပြက်ရယ်ပြုမှုကို ဖော်ပြထားရာ၊ ယင်းပြက်ရယ် ပြုမှုက ရလဒ်အဖြစ် ပြန်လည် ပုံပေါ်လာရန် တိကျစွာ ပြဋ္ဌာန်းထားကြောင်း ပြဆိုခြင်း ဖြစ်သည်ကို သတိပြုသင့်၏။ [2:7] အောက်ခြေ (၂၉)၊ [2:10] အောက်ခြေ (၃၈)"
45,"ဤအာယဟ်သည် အယောင်ဆောင် သူတို့၏ အဖြစ်ကို ပမာပေး ဖော်ပြခြင်း ဖြစ်သည်။ သူတို့သည် ထွန်းလင်း တောက်ပသော အစ္စလာ့မ် ဘဝနေနည်း အောက်သို့ ဝင်ရောက် လာကြသော်လည်း မိမိတို့၏ မောက်မာမှု၊ သွေဖည် ဆန့်ကျင်မှု တို့ကြောင့် စိတ်နှလုံး၌ အလင်းရောင် ထင်ဟပ်ခြင်း မခံကြရပေ။ ဤသည်လည်း တုံ့ပြန် ရလဒ် ပုံပေါ်ခြင်း ပင်ဖြစ်၏။ ဤတုံ့ပြန် ရလဒ်ကို အလ္လာဟ်ကသာ ပြဋ္ဌာန်းသောကြောင့် (ذَهَبَ ٱللّٰهُ بِنُوْرِهِمْ وَتَرَكَهُمْ) “အလ္လာဟ်သည် သူတို့မှ အလင်းရောင်ကို သုတ်ယူပြီး၊ အမှောင်တွင်း၌ စွန့်ထား၏” ဟုသုံးနှုန်းခြင်း ဖြစ်သည်။"
46,"(صُمٌّ) ‘ဆွန် (မ်) မွန် (န်)’ ၏ ဇာစ်မြစ် အက္ခရာစုမှာ (ص م م) ဖြစ်သည်။ အဓိပ္ပာယ်မှာ “နားပင်းခြင်း” ဖြစ်သည်။ ၎င်းသည် သောတ အာရုံမကြားခြင်း ကိုရည်ညွှန်းသည် မဟုတ်။ အမှန်တရားကို ကြားနာပြီးနောက် လိုက်နာလိုမှု မရှိသည်ကိုသာ ရည်ညွှန်းခြင်းဖြစ်၏။ အမှန်တရားနှင့် ပတ်သက်၍ အသိဉာဏ်ကို အသုံးမချသူများ၊ မှတ်သား နာယူမှု မရှိသူများကို (صُمٌّ) ‘ဆွန် (မ်) မွန် (န်)’ ဟု ရည်ညွှန်း၏။ [10:42] [8:22]# (بُكْمٌ) ‘ဘွတ်က်မွန် (န်)’ ၏ဇာစ်မြစ်အက္ခရာစုမှာ (ب ك م) ဖြစ်သည်။ အဓိပ္ပာယ်မှာ “ဆွံ့အခြင်း” ဖြစ်သည်။ ကုရ်အာန်က အမှန်တကယ် စကား မပြောဆိုနိုင်သော သူကို ရည်ညွှန်းခြင်း မဟုတ်ပါ။ အမှန်တရားကို ထုတ်ဖော် ပြောဆို ခြင်းဖြင့် မိမိကိုယ်ကျိုး၌ နစ်နာမှုဖြစ်မည်ကို စိုးရိမ်စိတ်ဖြင့် ထိန်ချန်သူ၊ ထိုသို့ ဖြင့်အသိဉာဏ်ကို ကိုယ်ကျိုးတစ်ခုတည်း အတွက် အသုံးချပြီး၊ မှန်ကန်စွာ အသုံးမပြုနိုင်သူကို ဆိုလိုသည်။ [8:22]# (عُمْيٌ) ‘အွန် (မ်) ယွန် (န်)’ ၏ ဇာစ်မြစ် အက္ခရာစုမှာ (ع م ي) ဖြစ်သည်။ အဓိပ္ပာယ်မှာ “ကန်းခြင်း” ဟူ၍ ဖြစ်သည်။ ၎င်း၌ “လမ်းလွဲခြင်း” “အမှားကိုဖက်တွယ်ခြင်း” “ဆင်ခြင် သုံးသပ်မှု မပြုဘဲ မျက်ကန်း နောက်လိုက် ရှေ့ဆက် တိုးခြင်း၊ ကိစ္စ တစ်ခုကို ရှင်းလင်းစွာ မသိမြင်ဘဲ စမ်းတဝါးဝါးဖြစ်ခြင်း” စသည့် သဘော တရားများ ကိန်းဝပ်သည်။ [6:50] ဤအခြေအနေ၌ ရှိနေသူတို့ကို [2:171] ၌ အသိဉာဏ်ကို အသုံးမချသူများ ဟုရည်ညွှန်းထားရာ [2:18] တွင် ဖော်ပြထားခြင်း၌ ရုပ်ခန္ဓာတွင် ဖြစ်ပေါ်သည့် ချို့ယွင်းချက် တို့ကို ရည်ညွှန်းခြင်း မဟုတ်ကြောင်း ထင်ရှားပါသည်။"
47,"အာယဟ်၏ ဥပမာ တင်စားပြပုံမှာ ဤသို့ဖြစ်၏။ (اَلسَّمَاءُ) ‘စမားအ်’ ဟူသည် “မြင့်မားခြင်း” ကိုဆိုလို၏။ ၎င်းသည် လူတို့ မကြံစည်အပ်သော ဝဟ်ယ်-လူ့ဘဝ လမ်းညွှန် သက်ဆင်းရာဖြစ်၏။ (مَاءٌ) ‘မာအ်’ “ရေ” ဟူသည် လူ့ကိုယ်ရည်ကိုယ်သွေး ရှင်သန်မှုကို ဖြစ်ပေါ်စေသည့် ဝဟ်ယ်-လမ်းညွှန်ကိုကိုယ်စားပြု၏။ (ظُلُمٰتٌ) ‘ဇုလုမားသ်’ “အမှောင်များ” ဟူသည် ဘဝ၌ အမိုက်အမှောင် ကျရောက် နေခြင်းကို ဆိုလိုသည်။ (بَرْقٌ) ‘ဘရ်က်ွ’ “လျှပ်ပြက်ခြင်း” ဟူသည် ကုရ်အာန်အရ ပုံပေါ်သော အလင်းရောင် (ဝါ) သက်သေ အထောက်အထားကို ဆိုလိုသည်။ ဤ အနေအထား များကို မျက်ကွယ် ပြု၍ မိမိ စိတ်တိုင်းကျ ဘဝတွင် နေထိုင်လိုခြင်း ကိုနားတွင်းသို့ လက်ချောင်းများ ထိုးထည့် ပိတ်ဆို့ခြင်း ဟုခိုင်းနှိုင်းပါသည်။#[30:24]"
48,"(اَللّٰهُ مُحِيْطٌ) ‘အလ္လာဟုမုဟီးတွ်’ “အလ္လာဟ် (၏ တုံ့ပြန် ရလဒ်) သည်ဝန်းရံထား၏” ဟူသည် အလ္လာဟ်က လူသား၏ လုပ်ရပ်မှ ရလဒ် ပုံပေါ် ဖြစ်ထွန်းရန် ပြဋ္ဌာန်းထားခြင်းကြောင့် ယင်း ရလဒ်မှ လွတ်လမ်း မရှိကြောင်းကို ပြဆိုသည်။# [7:182] [29:54] [79:36] [82:16]"
49,"အာယဟ်၌ တင်စား ထားပုံမှာ ဤသို့ဖြစ်၏။ အယောင်ဆောင်တို့၏ အမြင်၌ ဘဝ၏ စည်းစိမ်များသည် တင့်တယ် လျက်ရှိ၏။ သို့ရာတွင် ယင်းစည်းစိမ်များကို အလ္လာ့ဟ် ပြဋ္ဌာန်းချက် နှင့်အညီရယူ အသုံးချခြင်း မရှိပါက ဆိုးရွားသော အကျိုးဆက်များ ဖြစ်ပေါ်လာမည်။ ဤအန္တရာယ်ကို သူတို့ မရိပ်စားမိကြချေ။ [7:182-183] ဤသည် လက်ရှိ အသက်ရှင်မှု ကိုသာ ဘဝအဖြစ် မှတ်ယူ သူများ၏ စရိုက်ဖြစ်သည်။ ထိုသို့ဖြင့် ယာယီမျှ အကျိုးခံစားရပြီး၊ ရေရှည်တွင် ဆုံးရှုံးမှုများနှင့် ရင်ဆိုင်ရပေမည်။ ဤ အနေအထားနှင့် ဆန့်ကျင်ဘက် အဖြစ် မုအ်မင်န်၏ ဘဝရပ်တည်မှုမှာ လူဖြစ်မှုဘဝ၏ မြင့်မားသော စံနှုန်းများအား အခြေပြု သောကြောင့် အခြေခိုင်၍ တည်မြဲ၏။ [2:201] [11:15] [42:20] ဤဘဝ၏ အသက်ရှင် ရပ်တည်မှု ကိုသာ ပြီးပြည့်စုံသော ဘဝဟု ခံယူသူ၏ ဥပမာမှာ မိုးတိမ်များ အုံ့ဆိုင်းလျက် မှောင်မိုက် နေသော ည၌ လမ်းပျောက်သူနှင့် တူသည်။ လျှပ်ပြက်ရောင် လင်းလက် သည့်အခါတိုင်း ခြေတလှမ်း နှစ်လှမ်းမျှ လျှောက်လှမ်း သော်လည်း တစ်ဖန်ပြန်၍ မှောင်လေသော် ရပ်တန့်သွား၏။ မှောင်ခြင်း ဟူသည် ဘဝလျှောက်လှမ်းရန် လမ်းစဥ် ပျောက်နေခြင်း ဖြစ်၍ လင်းလက်ခြင်း ဟူသည် မိမိ အသိဉာဏ်မှ ဖြစ်ပေါ်လာသော အတွေးအမြင်ဖြစ်သည်။ လူ့ အသိဉာဏ်သည် စည်းဘောင် တစ်ခုအတွင်း တည်မှီနေသည် ဖြစ်ရာ ဘဝ၌ ကြုံတွေ့ရသော အကျပ်အတည်း အလုံးစုံကို ပယ်ရှား နိုင်စွမ်း မရှိချေ။ ထို့ကြောင့် လင်းလိုက် မှောင်လိုက်ဖြင့် ဘဝ ခရီးအား စမ်းတဝါးဝါး လျှောက်လှမ်း ပုံကို တင်စား ဖော်ပြခြင်း ဖြစ်၏။"
50,"(إِنَّ ٱللّٰهَ عَلٰى كُلِّ شَيْءٍ قَدِيْرٌ) ကို အများအားဖြင့် “ဧကန် အမှန် အလ္လာဟ်သည် အရာခပ်သိမ်းအပေါ် စွမ်းဆောင်နိုင်သော အရှင်ဖြစ်သည်” ဟုပြန်ဆိုကြသည်။ စင်စစ် (قَدِيْرٌ) ‘ကဒီးရ်’ ဟူသည် အရာဝတ္ထုတိုင်း၊ သက်ရှိတိုင်း၌ ပြဋ္ဌာန်း သတ်မှတ် ထားပြီး ဖြစ်သော အတိုင်းအတာ သတ်မှတ်ချက်များ ကို ညွှန်းဆိုသည်။ ဤသို့ သတ်မှတ်ရန် အခွင့်အာဏာသည် အလ္လာဟ်၌သာ ရှိကြောင်း ပြဆိုသည်။"
51,"(خَلَقَ) ‘ခလကွော့’ ကိုအများအားဖြင့် “ဖန်ဆင်းခြင်း” ဟု ပြန်ဆိုကြသည်။ စင်စစ် (خَلَقَ) ဟူသည် စကြဝဠာနှင့် သက်ရှိ လောက တို့ကို ဆန့်ကျင်ဘက် အရာများ ပေါင်းစည်းခြင်းဖြင့် အသစ်အသစ်တို့ ဖြစ်ထွန်းလာစေရန် ပြဋ္ဌာန်းခြင်းကို ရည်ညွှန်းသော ဝေါဟာရဖြစ်သည်။ ဤ ဝေါဟာရသည် ကုရ်အာန်၏ အခြေအမြစ် ဖြစ်သော ဝေါဟာရများအနက်မှ ဖြစ်ပေသည်။"
52,"(اُعْبُدُوْ) ‘အုအ်ဗုဒူး’ သည် ကြိယာ ဖြစ်၍ ၎င်း၏ ကြိယာနာမ်မှာ (عِبَادَةٌ) ‘အိဗာဒဟ်’ ဖြစ်၏။ ဤစကားလုံး၏ အနှစ်သာရမှာ တစ်စုံတစ်ဦးအား မိမိဘဝ၏ ချုပ်ကိုင်သူအဖြစ် အပ်နှင်းခြင်း ဖြစ်သည်။ [1:4] အောက်ခြေ (၆) တွင်ကြည့်ပါ)"
53,"(تَتَّقُوْنَ) ‘သတ်သ်သကူးန်’ သည် ကြိယာဖြစ်၍ ၎င်း၏ ဆင့်ပွားနာမ်မှာ (مُتَّقِيْنَ) ‘မုသ်သကီးန်’ ဖြစ်သည်။ ဤစကားလုံး ကိုအလ္လာဟ်၏ စည်းမျဥ်း ဥပဒေ များကိုနာခံ သူများ အတွက် အကြိမ်ကြိမ် သုံးနှုန်း ထားသည်။ ၎င်းကို မုစ်လင်မ်လောက၌ “သူတော်စင်များ” ဟုလူသိများသည်။ (تَتَّقُوْنَ) ကိုမူ “ဒုစရိုက် မှုများကို ရှောင်ကြဥ်ကြ၏” ဟူ၍ ပြန်ဆိုကြသည်။ ၎င်းမှ (تَقْوٰى) ‘သတ်က်ဝါ’ ကိုလည်း “ရှောင်ကြဥ်ခြင်း” ဟု အနက်ကောက် ကြသည်။ ဤစကားလုံး၏ ဇာစ်မြစ် အက္ခရာစုမှာ (و ق ي) ဖြစ်သည်။ အဓိပ္ပာယ်များတွင် “ထိန်းသိမ်းခြင်း” “ကာကွယ်ခြင်း” တို့ပါဝင်သည်။ (مُتَّقِيْنَ) ဟူသည် ဘဝတွင် ရင်ဆိုင် ကြုံတွေ့ ရမည့် နစ်နာ ဆုံးရှုံးမှုများမှ အကာအကွယ် ရရှိရန် နှင့် ဖွံ့ဖြိုး တိုးတက်မှုများ ရရှိ ခံစားနိုင်ရန် အလ္လာ့ဟ် လမ်းညွှန်မှုအားဖြင့် မိမိ ကိုယ်ကို ထိန်းသိမ်းသူ ဖြစ်သည်။ ၎င်းကိုကုရ်အာန်တွင် (اِتَّقُوا اللّٰهَ) ‘အိသ်သကွတ်လ္လာဟ်’ ဟူ၍ အကြိမ်ကြိမ် သုံးနှုန်း ထားသည်။ “အလ္လာဟ် ကို ကြောက်ရွံ့ကြ” ဟူသော အနက်ကောက်မှုမှာ ပြည့်စုံမှု မရှိချေ။"
54,"(بِنَاءٌ) ‘ဗိနားအ်’ ၏အဓိပ္ပာယ်မှာ “အဆောက်အအုံ” ဟူ၍လည်းဖြစ် ပေသည်။ ယင်းအနက်သဘောသည် လွန်စွာ ကျယ်ပြန့်၏။ အဆောက်အအုံ၏ အစိတ်အပိုင်းတိုင်းသည် တစ်ခုနှင့်တစ်ခု တည်မှီလျက် ရှိသကဲ့သို့ ကောင်းကင်ရှိ အရာခပ်သိမ်း တို့သည်လည်း တစ်ခုနှင့်တစ်ခု ဆက်စပ် တည်မှီ လျက်ရှိပုံကို ရည်ညွှန်းခြင်း ဖြစ်ပေသည်။ ယင်း၌ နေ၊ လ၊ ကြယ်များ အပါအဝင် ဂြိုဟ် အသီးသီး တို့၏ တည်မှီနေခြင်း ကိုညွှန်းထား၏။ ထို့ပြင် (فِرَاشٌ) ‘ဖှိရားရှ်’ ကို “အခင်း” ဟုအနက်ကောက်လျှင် (بِنَاءٌ) ‘ဗိနားအ်’ မှာ “အမိုးအကာ” ဟူ၍ ဖြစ်မည်။"
55,"(سَمَاءٌ) ‘စမားအ်’ သည် အနိမ့်ပိုင်း၏ ဆန့်ကျင်ဘက် “အမြင့်” ကိုရည်ညွှန်းသည်။ ယင်းတွင် အိမ်၏ အမိုးလည်း ပါဝင်သည်။ ထို့ပြင် ဤစကားလုံးကို မိုးတိမ် အတွက်လည်း သုံးနှုန်းသည်။ [2:19] အောက်ခြေ (၄၇)"
56,"(أَنْدَادٌ) ‘အန် (န်) ဒါးဒ်’ သည် (نِدٌّ) ‘နစ်ဒ်’ ၏ ဗဟုဝုစ်ဖြစ်သည်။ အဓိပ္ပာယ်မှာ “ပမာတူသူ” “အဆင့်တူသူ” ဟူ၍ ဖြစ်သည်။ စကြဝဠာနှင့် သက်ရှိ လောက ဖြစ်ထွန်း လာရန် ပြဋ္ဌာန်းခြင်း၊ ဆက်လက် ရှင်သန်ရန် လိုအပ်သော ရိက္ခာများကို စနစ်တကျ စီမံခြင်း၊ လူ အပါအဝင် အရာခပ်သိမ်းတို့ အဖို့ လမ်းညွှန်ချက် ထုတ်ပြန်ခြင်း၊ တုံ့ပြန် ရလဒ် ဖြစ်ထွန်းခြင်းဖြင့် ကြောင်းကျိုးဆက်စပ် ပုံပေါ်ခြင်း အတွက် ပြဋ္ဌာန်းခြင်း စသည်စသည် တို့၌ အလ္လာဟ်နှင့် ပမာတူ၊ အဆင့်တူ၊ ဂုဏ်ရည် တူများ မဖန်တီးကြရန် သတိပေးခြင်းဖြစ်၏။ ဤသို့ပြုလုပ်ခြင်းကို (شِرْكٌ) ‘ရှိရ်က်’ ဟုလည်း ရည်ညွှန်း သုံးနှုန်း၏။"
57,"(عَبْدٌ) ‘အဗ်ဒ်’ ၏ ဇာစ်မြစ် အက္ခရာစုမှာ (ع ب د) ဖြစ်သည်။ ဤစကားလုံးနှင့်စပ်လျဥ်း၍ [1:4] အောက်ခြေ (၆) နှင့် [2:21] အောက်ခြေ (၅၂) တို့တွင် ဖော်ပြခဲ့သည့်အတိုင်း လူသည် မိမိဘဝတစ်လျှောက်လုံး အလ္လာ့ဟ် ပြဋ္ဌာန်းချက် နှင့်အညီ စားသောက် နေထိုင်ခြင်း အမှုမှစ၍ အရေးကိစ္စတိုင်း၌ ဦးထိပ်ပန်ဆင် လိုက်နာခြင်း၊ ထို့ပြင် ယင်းစည်းမျဥ်း နှင့်အညီ ကောင်းကျိုးများ ဖြစ်ပေါ်လာရန် ယုံပုံအပ်နှင်းခြင်း စသည့် အနက်သဘောကိန်းဝပ်သည်။ အလ္လာဟ်၏ အဗ်ဒ်ဟု သုံးနှုန်းလျှင် အလ္လာ့ဟ်ထံ၌ မိမိကိုယ်ကိုယ် ဩဇာခံ အဖြစ်ခံယူခြင်း သဘောဖြစ်သည်။ ထို့ကြောင့် အလ္လာ့ဟ်ရစူလ် အားလုံးသည်ပင် အလ္လာ့ဟ် ဩဇာခံများ ဖြစ်ကြ၏။ ရစူလ်တို့သည် အလ္လာ့ဟ် လမ်းညွှန်မှုနှင့် ယှဥ်၍ မည်သည့် လမ်းညွှန်ကိုမျှ လက်ခံ နာယူ ကျင့်သုံး ကြသည် မဟုတ်ပေ။ ထို့အတူ ရစူလ်တို့၏ နောက်လိုက် ပီသသူများ သည်လည်း အလ္လာ့ဟ် ဩဇာခံများ ဖြစ်ကြ၏။"
58,"(فَأْتُوْا بِسُوْرَةٍ مِّنْ مِّثْلِهٖ) ကျမ်းမြတ် ကုရ်အာန်၌ ပါဝင်သော ကဏ္ဍနှင့် တူညီသည့် ကဏ္ဍတစ်စောင် ယူဆောင် လာကြရန် ဖိတ်ခေါ် ခြင်းသည် အလွန် လေးနက်သော အရှိတရား ဘက်သို့ ညွှန်းဆိုခြင်း ပင်ဖြစ်၏။ ဤဖိတ်ခေါ်မှုတွင် စာသားကို အဓိက ရည်ရွယ်ခြင်း မဟုတ်သည်ကို အထူး သတိပြု သင့်၏။ ကျမ်းမြတ် ကုရ်အာန်အားဖြင့် ပြဋ္ဌာန်းအပ်သော စည်းမျဥ်းများနှင့် ယင်းစည်းမျဥ်းများအရ ရလဒ် ပုံပေါ် ဖြစ်ထွန်းခြင်း ကိုအဓိက ရည်ရွယ်သည်။ လူသား သည်လည်း စည်းမျဥ်း ဥပဒေများ ရေးဆွဲခြင်း၊ ပြဋ္ဌာန်းခြင်း တို့ကို ပြုလုပ်နိုင်ပါသည်။ ဤအချက်တွင် အငြင်း ဝင်စရာမရှိပါ။ သို့သော် လူသားက ပြဋ္ဌာန်းသော စည်းမျဥ်းများ၌ အလိုအလျောက် ရလဒ် ပုံပေါ်လာရန် မစွမ်းနိုင် ဆိုသည်ကိုမူ ကျွန်ုပ်တို့ နားလည်ကြ၏။ စည်းမျဥ်း တစ်ရပ်မှ ရလဒ် ဖြစ်ထွန်းရန် စီမံနိုင်သော အရှင်သည်ကား အလ္လာဟ်သာလျှင် ဖြစ်၏။ အလားတူဖိတ်ခေါ်မှုကို [10:38] ၌ လည်းတွေ့ရ၏။ [11:13] ၌မူ ကဏ္ဍ ၁၀ခု ယူဆောင်လာရန် ကြေညာ ထားသည်။ [17:88] ၌ လူ့အနွယ်ဝင်အားလုံး စုပေါင်း၍ ကုရ်အာန်နှင့် တူညီသော ဥပဒေကျမ်းကို မဖန်တီး နိုင်ကြောင်း အတိအလင်း ကြေညာထား၏။ ကျမ်းတစ်ကျမ်း၊ ကဏ္ဍဆယ်ခု၊ ကဏ္ဍတစ်ခု စသည်တို့ကို မဖန်တီးနိုင်လျှင် ယုတ်စွအဆုံး ကုရ်အာန်နှင့် ထပ်တူ တူညီသော ဆင့်ပြန်ချက် - သတင်းစကား - တစ်ရပ်မျှကို ယူဆောင်လာကြရန် ဖိတ်ခေါ်ထား၏။ #[ကြည့်။ [52:34]] စင်စစ် ယင်းသည် စိန်ခေါ်မှု သက်သက်မဟုတ်ဘဲ၊ ပကတိ အရှိအား ဖွင့်ဆို ပြခြင်းသာ ဖြစ်ပေသည်။ လူသား၏ စွမ်းဆောင်နိုင်ရည် ပြင်ပမှဖြစ်သည်ဟု မီးမောင်း ထိုးပြခြင်း သာဖြစ်၏။ #ကုရ်အာန်တွင် တစ်စုံတစ်ခု နှင့်နှိုင်းယှဥ်ရန် အတွက် (مَثَلٌ) ‘မဆလ်’ နှင့် (مِثْلٌ) ‘မိဆ်လ်’ (၎င်းသည် ဇာစ်မြစ် အက္ခရာအားဖြင့်တူညီပါသည်) တို့ကို သုံးနှုန်း လေ့ရှိသည်။ (مَثَلٌ) ‘မဆလ်’ သည် ပမာတူခြင်း၊ အလားတူခြင်း ကိုရည်ညွှန်း၏။ (مِثْلٌ) ‘မိဆ်လ်’ မှာမူ ထပ်တူထပ်မျှ အလုံးစုံ တူညီခြင်းကို ရည်ညွှန်း၏။ အထက်တွင် ဆိုခဲ့သည့်အတိုင်း လူတို့သည် စည်းမျဥ်း ဥပဒေများ ရေးဆွဲ ပြဋ္ဌာန်း၍ တိုင်းပြည်များကို အုပ်ချုပ်ကြသည်။ ကုရ်အာန် သည်လည်း ဥပဒေ ဖြစ်ပေရာ ဤသည် ကုရ်အာန်နှင့် အလားတူ ဖန်တီးခြင်း ဖြစ်ပေသည်။ သတိပြုရမည့် အချက်မှာ ထပ်တူ ထပ်မျှ တူညီနိုင်ရန် မည်သူကမျှ မပြဋ္ဌာန်းနိုင်ချေ။ အဘယ်ကြောင့်ဆိုသော် ကုရ်အာန်၌ ဥပဒေနှင့် ထပ်တူ ရလဒ် ဖြစ်ထွန်းမှု ဟူသော အနှစ်သာရ ပါဝင်နေသည်။ ဤသို့ ပြဋ္ဌာန်းနိုင်ရန် ကမ္ဘာ့လူသား တစ်ရပ်လုံး ပေါင်းစည် လျှင်ပင် မဖြစ်နိုင်ကြောင်း ပြဆို လိုသောကြောင့် (مِثْلٌ) ‘မိဆ်လ်’ “ထပ်တူတူညီသော” နှင့်ရည်ညွှန်း သုံးနှုန်းခြင်း ဖြစ်၏။"
59,"(مِنْ دُوْنِ) ‘မင်န်ဒူးနိ’ ၏အဓိပ္ပာယ်များမှာ# (၁) မှလွဲ၍# (၂) တုပြိုင်# (၃) ရှေ့မှောက် စသဖြင့်ဖြစ်သည်။"
60,"(اَلنَّاسُ) ‘နားစ်’ သည် (إِنْسَانٌ) ‘အင်န်စားန်’ “လူ” ၏ ဗဟုဝုစ်ဖြစ်သည်။ ၎င်းကို လူသား တစ်ရပ်လုံး အတွက် အသုံးပြု သော်လည်း ၎င်းနှင့် ယှဥ်၍ (اَلْحِجَــارَةُ) ‘ဟိဂျာရဟ်’ ကို သုံးနှုန်း ထားသောကြောင့် (اَلـــنَّاسُ) ‘နားစ်’ ၌ “လူသာမာန်များ” “နောက်လိုက်နောက်ပါများ” ဟူသော အနက်သဘော ဖြစ်ပေါ်လာသည်။ [2:44] [9:34] [4:37] [57:24]"
61,"(اَلْحِجَارَةُ) ‘ဟိဂျာရဟ်’ သည် (حَجَرٌ) ‘ဟဂျရ်’ ၏ ဗဟုဝုစ် ဖြစ်သည်။ ဤစကားလုံးသည် အနက် အဓိပ္ပာယ် အားဖြင့် ကျယ်ဝန်း၏။ ဥပမာ- “တားဆီးခြင်း” “တားမြစ်ခြင်း” “အသိဉာဏ်” “မာကျောခြင်း” “ကျောက်ခဲ” “စိတ်ဓာတ်ခက်ထန်ခြင်း” “ဦးစီးခေါင်းဆောင်” စသဖြင့် ဖြစ်သည်။ ဤအာယဟ်တွင် (اَلنَّاسُ) ‘နားစ်’ နှင့်ယှဥ်၍ သုံးနှုန်း သောကြောင့် “ဦးစီးခေါင်းဆောင်များ” ဟူ၍ ဖြစ်သည်။ [89:5] [34:31-33]"
62,"(اَلنَّارُ) ‘နားရ်’ “မီး” ဟူသောသဘောတရား၌ “ဒေါသ” “သောက” “လောဘ” “ဒုက္ခ” စသည် တို့လည်း ပါဝင်သည်။ ထို့ပြင် ပျက်စီး ဆုံးရှုံးမှု မှန်သမျှ အတွက်လည်း ၎င်းကို သုံးနှုန်းသည်။ အရဗီတွင် (نَارُ الْحَرْبِ) ‘နားရွတ်လ်ဟရ်ဗ်’ ကို စစ်ကြေညာရန် တောင်ထိပ်တွင် မီးထွန်းညှိခြင်း အတွက် သုံးနှုန်းသည်။ (نَارُ الْقَوْمِ) ‘နားရွတ်လ်ကောင်းမ်’ ၏အဓိပ္ပာယ်မှာ “လူမျိုးစု၏ရှုံးနိမ့်မှု” ဟူ၏။ သွေဖည် ဆန့်ကျင်မှု၏ အဆုံးသတ်မှာ ပျက်စီး ဆုံးရှုံး ခြင်းသာ ဖြစ်သည်ဟု ကုရ်အာန်ကဆိုသည်။ ယင်းသည် ဤလောကမှ စတင်၍ အနာဂတ် ပြန်လည် ရှင်ထမှုအထိ အဓွန့်ရှည်မည်။ အချိန် မနှောင်းမီ နောင်တရ၍ ပြုပြင်လျှင်မူ လွတ်မြောက် နိုင်ပေမည်။"
63,"(اَلْأَعْمَالُ الصَّالِحَاتُ) ‘အလ်အအ်မာလွတ်ဆွ်ဆွော်လိဟားသ်’ ဟူသည် အားနည်း ချို့တဲ့မှု များကို ဖြည့်ဆည်းပေးခြင်း၊ ပျက်စီး နေမှုများကို ပြုပြင်ခြင်း ဟူ၍ဖြစ်သည်။ ထို့ပြင် ဟန်ချက် ပျက်နေမှုများကို မျှတ ညီညွတ် စေရန် ဆောင်ရွက်ခြင်း လည်းဖြစ်ပေသည်။ ဆိုလိုသည်မှာ အရာတစ်ခု၏ မူလတည်ရှိမှုသို့ ပြန်လည် သက်ရောက်စေရန် ပြုပြင်ခြင်း ဖြစ်သည်။ လုံခြုံမှုကို ယုံကြည်ချက်ဖြင့် တည်ဆောက်သော သူတို့သည် လူ့ဘောင်၏ ချို့ယွင်းချက်၊ အားနည်းချက် များကို ပြုပြင် ဖြည့်ဆည်း၍ ပြန်လည် မျှတညီညွတ် လာရန် ဆောင်ရွက် ကြကြောင်း အာယဟ်က ပြဆိုသည်။"
64,"(جَنَّاتٌ) ‘ဂျန္နားသ်’ သည် (جَنَّةٌ) ‘ဂျန္နဟ်’ ၏ဗဟုဝုစ်ဖြစ်သည်။ အဓိပ္ပာယ်မှာ “ဥယျာဥ်” ဟူ၍ဖြစ်သည်။ ဥယျာဥ်ဟု ဆိုရာ၌ သစ်ပင်များ ပေါများစွာဖြင့် သာယာဝပြောမှု အပြည့်ရှိသည့် သုခအဝဝ ဖြစ်ထွန်းမှုကို ရည်ညွှန်းခြင်းဖြစ်သည်။ ကုရ်အာ့န် လမ်းညွှန်မှု နှင့်အညီ ဘဝ တည်ဆောက်ခြင်းဖြင့် ဤလောက၌ပင် ဂျန္နဟ်၏ အခြေအနေများ ဖြစ်ထွန်း နိုင်ပါသည်။ ဂျန္နဟ်၏ ဘဝကိုခံစားနိုင် ပါသည်။ ၎င်းကို တည်ငြိမ် အေးချမ်းသော လူ့ဘောင်ဟု ဆိုအပ်သည်။ [14:25] ကွယ်လွန်ပြီးနောက် ကြုံဆုံရမည့် ဂျန္နဟ်နှင့် စပ်လျဥ်း၍ လူသား၌ အပြည့်အဝ နားလည် နိုင်စွမ်း မရှိချေ။ ထို့ကြောင့် ကုရ်အာန်က ဥပမာ ပုံဆောင်မှုများဖြင့် အာခိရဟ်၏ ဂျန္နဟ်ကို တင်စား ဖော်ပြလေ့ ရှိ၏။#[13:35]مَثَلُ الْجَنَّةِ الَّتِيْ وُعِدَ الْمُتَّقُوْنَ #“မုသ်သကီများ ကတိပြုခံရသော ဂျန္နဟ်၏ ဥပမာကား ......၊ ”#လောက၏ ဂျန္နဟ်ကို မတည်ဆောက်နိုင်သော သူတို့သည် အာခိရဟ် (အနာဂတ်ဘဝ) ၏ ဂျန္နဟ်ကို တည်ဆောက်နိုင်မည် မဟုတ်ပေ။ ဥပမာ-#[55:46] وَ لِمَنْ خَافَ مَقَامَ رَبِّهٖ جَنَّتٰنِ #“သူ့အား ပျိုးထောင်မှု စနစ်အားဖြင့် ဖွံ့ဖြိုး စေသော အရှင့်ခုံရုံးတွင် ရင်ဆိုင်ရမည့် အရေးကို စိုးရိမ်ကြသော သူတို့အဖို့ ဂျန္နဟ် (ဥယျာဉ်) သည်နှစ်ခုရှိ၏။ ”[55:46]#ဂျန္နဟ် တစ်ခုမှာ ဤလောကတွင်ဖြစ်၍၊ အခြား တစ်ခုမှာ ကွယ်လွန်ပြီးနောက် ကြုံဆုံရမည့် အနာဂတ် ဘဝတွင် ရှိ၏။"
65,"(اَلْأَنْهَارُ) ‘အန် (န်) ဟားရ်’ ၏ဧကဝုစ်မှာ (نَهْرٌ) ‘နဟ်ရ်’ ဖြစ်သည်။ အဓိပ္ပာယ်မှာ “စမ်းရေချောင်း” ဟူ၍ဖြစ်သည်။ ရေသည် သက်ရှိ အားလုံး စတင် ဖြစ်ထွန်း ရာတွင် မပါမဖြစ်သော အခြေခံ ဓာတ်သဘာဝ တခုဖြစ်သည်။ ထို့ပြင် သက်ရှိများ ဆက်လက် ရှင်သန်ရာတွင် မရှိမဖြစ် လိုအပ်သော အထောက်အပံ့ တစ်ခုလည်း ဖြစ်၏။ ဥယျာဥ်နှင့် ရေကို တွဲဖက် သုံးနှုန်း ခြင်းသည် ရရှိ စံစားရမည့် သုခများ ရှင်သန် မပြတ်ရှိပြီး၊ တည်တံ့ နေမည်ဟု ဆိုလိုသည်။"
66,"(ثَمَرَةٌ) ‘ဆမရဟ်’ “သစ်သီးဝလံ” ဟူသည် ကောင်းသော အကျိုးဆက်များ ကိုရည်ညွှန်းသည်။"
67,"(مِنْ قَبْلُ وَ أُتُوْا بِهٖ مُتَشَابِهًا) “ယခင်က ကျွန်ုပ်တို့ စားဖူးပါ၏” ဟူသည် ကောင်းရာ ကောင်းကြောင်း အားထုတ် ဆည်းပူးရာမှ ကောင်းကျိုးများ ထပ်ခါထပ်ခါ ခံစားရပုံကို သရုပ်ဖော်ပြခြင်း ဖြစ်သည်။"
68,"(أَزْوَاجٌ مُّطَهَّرَةٌ) ‘အဇ်ဝါဂျွန်မ်မုတွဟ်ဟရဟ်’ “သန့်စင်သောဘဝအဖော်မွန်များ” ဟူသည် အတွေးတူ၊ စိတ်တူ၊ ကိုယ်တူ မိတ်ဖွဲ့ ပေါင်းဖော် ကြသူများကို ဆိုလိုသည်။ လင်မယား လည်းဖြစ်နိုင်၍၊ အပေါင်း အသင်းများ၊ လုပ်ဖော် ကိုင်ဖက်များလည်း ဖြစ်နိုင်သည်။ သူတို့သည် ဤဘဝ၌လည်း အဖော်မွန်များ ဖြစ်ကြ၍ အာခိရဟ်၌လည်း အဖော်မွန်များဖြစ်ကြပေမည်။ သတိပြုရမည့် အချက်မှာ အာခိရဟ်၏ အကြင်လင်မယားပုံစံမှာ ဤဘဝ၏ ပုံစံနှင့်ခြားနားပေမည်။ အဘယ်ကြောင့် ဆိုသော် လောကသဘာဝနှင့် အာခိရဟ်၏ သဘာဝတို့ မတူသောကြောင့်ဖြစ်သည်။ ထိုသဘာဝကို ကျွန်ုပ်တို့၏ ဆင်ခြင်ဉာဏ်ဖြင့် စေစားနိုင်စွမ်း မရှိပါ။"
69,"(مَثَلًا) ‘မဆလ်’ သည် ဥပမာ ပုံဆောင်ခြင်းအား ရည်ညွှန်းသည်။ [2:23] အောက်ခြေ (၅၈) လူတို့ မကြုံဖူး သေးသော အရာများနှင့် စပ်လျဥ်း၍ အလ္လာဟ်သည် ဥပမာ ပုံဆောင်ချက်များဖြင့် နှိုင်းယှဥ် ဖော်ပြခြင်း အပေါ် အမြင်မတူသော သူတို့၌ ခြားနားစွာ နားလည်မှုများ ဖြစ်ပေါ်လာ၏။ လုံခြုံမှုကို တန်ဖိုးထား တည်ဆောက်မည့် သူတို့သည် ဤသည်ကို အပြုဟု ရှုမြင်ကြ၍၊ ဆန့်ကျင်ဘက် အုပ်စုများကမူ အပျက်သဘော ရှုမြင်ကြ၏။"
70,"(فَاسِقُوْنَ) ‘ဖှာစိကူးန်’ ဟူသည် “စည်းမျဥ်း ချိုးဖောက်သူများ” ကိုရည်ညွှန်းသည်။ ဤအာယဟ်တွင် အလ္လာဟ်၏ ဥပမာပြမှု အပေါ် အကြောင်းပြု၍ လူအုပ်စု နှစ်ခုအကြား ခြားနားစွာ အကျိုး သက်ရောက်ပုံကို ဖော်ညွှန်း ထားသည်။ ဤသည် နားလည်မှုမှ ဖြစ်ပေါ်လာသော အကျိုး သက်ရောက်မှုကြောင့် အပြု ရှုမြင်သူတို့သည် ဘဝလမ်းမှန်ကို တွေ့ရှိကြ၍ အပျက် ရှုမြင်သူတို့သည် လမ်းမှန်မှ တိမ်းပါး သွားကြသည်။ ဤသည် အကျိုးဆက် သာလျှင် ဖြစ်ကြောင်း (فَاسِقُوْنَ) ‘ဖှာစိကူးန်’ ကပြဆိုသည်။ ဆိုလိုသည်မှာ အပျက် ရှုမြင်သူတို့၏ စည်းမျဥ်း ချိုးဖောက်မှု ကြောင့်သာလျှင် ဘဝ လမ်းမှန်မှ တိမ်းချော်ခြင်း ဖြစ်သည်။"
71,"(عَهْدَ اللّٰهِ) ‘အဟ်ဒတ်လ္လာဟ်’ “အလ္လာဟ်နှင့် ပြုထားသည့်ပဋိညာဥ်” ဟူသည် လူသားဝါဒ အခြေခံ စည်းမျဥ်းများ အတိုင်း ပြုကျင့် နေထိုင်ရန် ဖြစ်သည်။ ထိုသို့ဖြင့် ဤလောကီ၌ပင် ဂျန္နဟ်၏ အနေအထားကို ဖြစ်ပေါ် စေနိုင်သည်။ [9:111] [13:21] [13:25] စင်စစ်တွင် အလ္လာဟ်၏ ပျိုးထောင်မှုစနစ်သည် လူအချင်းချင်း နှီးနွယ် နေကြသည်ကို အကြောင်းပြု၍ ညီညွတ်သော လူ့ဘောင်တစ်ရပ်ကို တည်ဆောက်ရန် ရည်ရွယ်သည်။ ထိုသို့အားဖြင့် သစ်ပင်တစ်ပင်မှ ဖြာထွက်လာသော သစ်ကိုင်းများပမာ ဝေဆာစေ လိုသည်။ ထိုဝေဆာမှု အားဖြင့် အချင်းချင်း နားလည် လက်ခံ နိုင်ကြရန် ဖြစ်ပေသည်။ [2:213] [10:19] [31:28]"
72,"(اَلْخَاسِرُوْنَ) ‘ခါစိရူးန်’ “ပျက်စီးဆုံးရှုံးသူများ” သည် ခေတ်ကာလ၏ တောင်းဆိုမှု ဖြစ်သော တည်ငြိမ် လုံခြုံမှုနှင့် ပြုပြင်မှု တို့ကို မျက်နှာလွှဲ၍၊ ကြံ့ခိုင်စွာ ရပ်တည်ခြင်းနှင့် သစ္စာတရားအပေါ် ရပ်တည်ခြင်း တို့အား ဆော်ဩမှု မပြုခြင်း၏ အကျိုးဆက်ဖြစ်သည်။ [103:1-3] ဤသည်ပင်လျှင် မညီမျှမှုနှင့် ဆုတ်ယုတ်မှု တို့ကို ဖန်တီးခြင်း မည်ပေသည်။"
73,"သက်ရှိ လောကတစ်ခွင်လုံး၏ လှုပ်ရှား သက်ဝင်မှုနှင့် အဆုံးသတ်ရပ်တန့်မှု တို့အတွက် ပြဋ္ဌားထားသည့် ဥပဒေသည် (مَوْتٌ، حَيَاةٌ) ‘မောဝ်သ်၊ ဟယားသ်’ “သေခြင်း၊ ရှင်ခြင်း” ပင်ဖြစ်သည်။ လူသား၏ သေခြင်း၊ ရှင်ခြင်း အတွက် ရှုထောင့်အချို့ ရှိသည်။ # (၁) သဘာဝ အရ မွေးဖွား ရှင်သန်ခြင်းနှင့် ကွယ်လွန်သေဆုံးခြင်း၊ #ဤသည် အသက်နှင့်ဆိုင်သည်။ လူအဖြစ် မမွေးဖွားမီ ကာလ၏ အခြေအနေကို (مَوْتٌ) ‘မောဝ်သ်’ ဟုရည်ညွှန်းသည်။ ထိုအခြေအနေတွင် လူသားသည် ပြောပလောက်သော အနေအထား၌ မရှိသေးချေ။ [76:1] # (၂) လူ့အရည်အသွေး ရှင်သန်ခြင်းနှင့် ကျဆင်း ဆုတ်ယုတ်ခြင်း၊ #ဤသည် ဘဝနှင့်ဆိုင်သည်။ ကုရ်အာန်က အသက်ရှင်၍ အရည်အသွေး ကျဆင်း ဆုတ်ယုတ်ခြင်း ကိုလည်း (مَوْتٌ) ‘မောဝ်သ်’ ဟု ရည်ညွှန်းသည်။ # (၃) အသိဉာဏ်၊ ဆင်ခြင် တုံတရားကို အသုံမချသူသည် လည်း (مَوْتٌ) ‘မောဝ်သ်’ ၏ အခြေအနေတွင် ရှိသည်။ #အလ္လာဟ် ပြဋ္ဌာန်းအပ်သော လူ့ဘဝ တည်ဆောက်မှုစနစ် အပေါ်အသိဉာဏ်၊ ဆင်ခြင်မှု ကိုစေစား၍ လျှောက်လှမ်းခြင်းဖြင့် ရှင်သန်မည်ဟု ကုရ်အာန်က သွန်သင်သည်။ #မည်သို့ဆိုစေ (مَوْتٌ) ‘မောဝ်သ်’ “သေခြင်း” တိုင်းမှ ရှင်သန်ရန် အလ္လာဟ်၏ ဥပဒေသများက သက်ဝင်ပုံဖော်လျက်ရှိ၏။ [37:58] [40:11] [44:56] သေဆုံးခြင်းဖြင့် လူ့ဘဝ အဆုံးသတ်ခြင်း မရှိသည်ကို အထူး သတိပြုအပ် ပေသည်။"
74,"(تُرْجَعُوْنَ) ‘သွတ်ရ်ဂျအူးန်’ “သင်တို့ဦးလှည့်ကြရမည်” ဆိုသည်ကို (إِلَيْهِ) ‘အိလိုက်ဟ်’ “သူ့ထံ” နှင့်တွဲဖက် သုံးနှုန်းထားသည်။ ၎င်းကို တိုက်ရိုက် “အလ္လာ့ဟ်ထံ” ဟု ပြန်ဆိုကြသည်။ ဤပြန်ဆိုမှုမှာ အလ္လာဟ်၏ မူလတည်ရှိမှုနှင့် အံဝင်ခြင်း မရှိချေ။ အဘယ်ကြောင့်ဆိုသော် အလ္လာဟ်သည် အချိန်နှင့် နေရာတို့မှ ကင်းလွတ်နေသည်။ အချိန်နှင့် နေရာ ဟူသော ဘောင်အတွင်း ကန့်သတ်ခံထားရသည့် လူသားမှာ အချိန်နှင့်နေရာ ကင်းလွတ်သော အရှင့်ထံသို့ မည်သို့ဦးလှည့်ရအံ့။ (رَجَعْتُ إِلَى اللّٰهِ) ‘ရဂျအ်သုအိလလ္လာဟ်’ ဟူသည် “ဘဝ၌ ရင်ဆိုင်ရသော ရှုထောင့်အသီးသီး တို့ကို ဖြေရှင်းဖို့ရန် အလ္လာဟ် ပြဋ္ဌာန်းထားသည့် စည်းမျဥ်းများသို့ လှည့်ခြင်း” ဖြစ်သည်။ ထို့ပြင် “အလ္လာ့ဟ်ထံမှ အကူအညီ ရရှိရန် ဦးတည်ခြင်း” ဟူ၍လည်းဖြစ်သည်။ (رَجْعٌ) ‘ရဂ်ျအ်’ ၏ အဓိပ္ပာယ်တွင် “ရလဒ် သတ်မှတ် ပြဋ္ဌာန်းခြင်း” လည်း ပါဝင်သည်။ ဖော်ပြပါ အနက်သဘောများ အပေါ် ထောက်ရှုသော် လူသည် အလ္လာ့ဟ် ပြဋ္ဌာန်းချက် အားဖြင့် ဘဝတွင် နေထိုင်လျှင် အရှင် ပြဋ္ဌာန်းထားသည့် အကူအညီများရရှိပြီး၊ အရေးကိစ္စတိုင်းကို အရှင့်ပြဋ္ဌာန်းချက် အားဖြင့် ကိုင်တွယ်ဖြေရှင်း၍ အရှင့် ဥပဒေသအရ ဖြစ်ပေါ်သော ရလဒ်များဆီသို့ တစ်ဖန်ပြန်၍ ဦးလှည့်ကြရမည် ဟုဆိုလိုသည်။"
75,"(ثُمَّ) ‘ဆွန်မ္မ’ “တစ်ဖန်” ၌ အစီစဥ်အလိုက် ဖြစ်ပေါ်မှုကို ဖော်ပြသည့်သဘောအပြင် “နှင့်” “ထို့နောက်” ဟူသည့် သဘောလည်း ပါဝင်သည်။ ဤအာယဟ်တွင် နဂိုမူလက ရှိပြီးသား အာကာသသို့ တစ်ဖန် ဦးတည်ခြင်းကို ရည်ညွှန်း၏။ ထို့ကြောင့် ကမ္ဘာဂြိုဟ်ကို ဖြစ်ထွန်း စေပြီးမှ အာကာသကို ဖြစ်ထွန်းစေသည် ဟုမဆိုလိုပါ။"
76,"အရဗီဘာသာတွင် (سَبْعٌ) ‘စဗ်အ်’ “ခုနစ်” ဟူသော အရေအတွက်အား မရေမတွက်နိုင်သော သဘောတရားကို ဖော်ပြရန် သုံးနှုန်းလေ့ရှိသည်။ ထို့ကြောင့် အာကာသ ခုနစ်ခု ဟူသည် မရေမတွက်နိုင်သော အနန္တစကြဝဠာကို ညွှန်းဆိုခြင်း ဖြစ်သည်။ အာကာသဟူသည် အထက် ကောင်းကင်နှင့် အောက်မြေသား ဆက်စပ်နေသည့် တစ်ခုတည်းသော အရာဖြစ်၏။ [2:22] ဤသည်ကို အာကာသခုနစ်ခု၊ ကမ္ဘာဂြိုဟ်နှင့် အလားတူများ ဟုဆိုထားသည်။ [65:12] ကမ္ဘာဂြိုဟ်နှင့် အလားတူသော ဂြိုဟ်များ ရှိသည်ဟု ဆိုလိုသည်။ ကမ္ဘာဂြိုဟ် တစ်ခုတိုင်း အတွက် အထက် ကောင်းကင် တစ်ခုစီ ရှိသည်ဟု ဆိုသည်။ [23:17] ၌မူ ဂြိုဟ်ပတ် လမ်းကြောင်းများ အကြောင်းကို ဖော်ပြထားရာတွင် “သင်တို့၏ အထက်၌ လမ်းကြောင်း ခုနစ်ခုကို စီမံဖြစ်ထွန်းစေ၏” ဟုဆိုသည်။ # (ဆက်စပ်အာယဟ်များ [57:1-2] [53:31] [11:7])"
77,"(مَلَائِكَةٌ) ‘မလာအိကဟ်’ ဟူသောပုဒ်သည် (مَلَكٌ) ‘မလတ်က်’ ၏ ဗဟုဝုစ်ဖြစ်သည်။ ရင်းမြစ် အဓိပ္ပာယ်မှာ “စွမ်းအား၊ စိုးပိုင်မှု၊ အခွင့်အာဏာ” စသဖြင့် ဖြစ်သည်။ ကုရ်အာန်မှ သုံးနှုန်းထားမှု၌ (مَلَائِكَةٌ) ‘မလာအိကဟ်’ ဟူသည် -# (၁) သဘာဝ စွမ်းအားစုများ# (၂) အပြုစွမ်းရည်များ# (၃) နာခံမှု အရည်အသွေးများ# (၄) လူ့ဘောင် တစ်ခု၏ ကောင်းရာ ကောင်းကြောင်းများကို ဖော်ဆောင်သော အစုအဝေး၊# (၅) စွမ်းအား ဖြစ်တည်မှု နိယာမနှင့်အညီ ဖြစ်ထွန်းသော စိတ် စွမ်းအား ဖြစ်ထွန်းမှုများ (တစ်နည်း) တုံ့ပြန် ရလဒ်ကို ဖြစ်ထွန်းစေသော နိယာမ စွမ်းအားစုများ စသည်တို့အား ရည်ညွှန်းသည်။ ကောင်းကင်တမန်များ ဆိုသည့် သဘောတရားမှာ သမ္မာကျမ်းစာမှ စိမ့်ဝင်လာသော အယူအဆ မျှသာဖြစ်ပေသည်။ (مَلَكٌ) ‘မလတ်က်’ နှင့် (مَالِكٌ) ‘မာလစ်က်’ [[1:3] အောက်ခြေ (၅) တွင်ရှုပါ] တို့သည် ဇာစ်မြစ် တစ်ခုတည်းမှ ဆင့်ပွားသောပုဒ်များ ဖြစ်၏။ ဤအာယဟ်တွင် ရည်ညွှန်းသော (مَلَائِكَةٌ) ‘မလာအိကဟ်’ ဟူသည် -# (၁) သဘာဝ စွမ်းအားစုများ၊ သို့မဟုတ်# (၂) နာခံမှု အရည်အသွေး များကို ဆိုလိုသည်။"
78,"(خَلِيْفَةٌ) ‘ခလီဖှဟ်’ ၏အဓိပ္ပာယ်များမှာ-# (၁) အုပ်ချုပ်သူ၊ သမ္မတ# (၂) အရိုက်အရာဆက်ခံသူ# (၃) ကိုယ်စား လှယ်စသဖြင့် ဖြစ်သည်။#အုပ်ချုပ်သူ၊ သမ္မတ ဟူသည့် အနက်သဘောအရ အစုအဖွဲ့တစ်ခု၊ စံပြနိုင်ငံ တစ်ခု တည်ဆောက်ရန် လိုအပ်လာပုံကို ပြဆိုသည်။ အရိုက်အရာ ဆက်ခံသူ ရှုထောင့်အရ ရှေးက နေထိုင်ခဲ့ကြသော သက်ရှိများ၏ နောက်တွင် ၎င်းတို့၏ အရိုက်အရာကို ဆက်ခံသူဟု ဆိုလိုသည်။ ကိုယ်စားလှယ် ဟူသော သဘောတရားတွင် လူမှုလူ့ဘောင်မှ တာဝန်ပေး အုပ်ချုပ်စေသည့် အနက်သဘောဖြစ် ပေါ်သည်။ ဤ နေရာတွင်ကုရ်အာန်က (خَلِيْفَةُ اللّٰهِ) ‘ခလီဖှသွတ်လ်လာဟ်’ “အလ္လာဟ်၏ ကိုယ်စားလှယ်” ဟု သုံးနှုန်းခြင်း မဟုတ်သည်ကို အထူး သတိပြုအပ်သည်။ (خَلِيْفَةٌ فِى الْأَرْضِ) ‘ခလီဖှသွန် (န်) ဖှစ်လ်အရ်ဿွ်’ ကမ္ဘာမြေ၏ အရိုက်အရာ ဆက်ခံသူ၊ အုပ်ချုပ်သူ၊ ကိုယ်စားလှယ် ဟူ၍သာ ဆိုသည်။ လူသားတွင် အလ္လာဟ်၏ ကိုယ်စားလှယ် ဖြစ်နိုင်စရာ အကြောင်းပင် မရှိချေ။"
79,"(نُسَبِّحُ) ‘နုစဗ္ဗိဟု’ ကိုဘာဝနာစီးဖြန်းခြင်း၊ သန့်ရှင်းကြောင်း မြွက်ဟခြင်း စသဖြင့် ပြန်ဆိုကြ၏။ စင်စစ် ၎င်း၏ အနက်သဘောမှာ ‘ကျင်လည် ကျက်စားရမည့် နယ်ပယ်၌ အပြည့်အဝ စွမ်းဆောင်ခြင်း’ (တစ်နည်း) ‘တာဝန်ကျရာ အခန်းကဏ္ဍ၌ အပြည့်အဝ ဆောင်ရွက်ခြင်း’ ‘တစ်စုံတစ်ခုကို ရရှိရန် ရှိသမျှ စွမ်းရည်ဖြင့် မနားမနေ ကြိုးစားခြင်း’ စသည်တို့ ဖြစ်ပေသည်။ # (حَمْدٌ) ‘ဟန်မ်ဒ်’ ကိုအလ္လာ့ဟ်ဘက် ရည်ညွှန်း သုံးနှုန်းလျှင် လူသားက မိမိ စွမ်းဆောင်နိုင်ရည် ပြင်ပမှ ဖြစ်သော အစီအမံများအား အသိအမှတ်ပြု ဝန်ခံခြင်း သဘောသက်ရောက်သည်။ ၎င်းကို ‘အရှင်၏ အံ့မခန်းဖွယ် စီမံမှု’ ဟု အနက်ကောက် ထားသည်။ [3:190-191]# (نُقَدِّسُ) ‘နုကတ်ဒ္ဒိစု’ ဟူသည် အလ္လာဟ်၏ စီမံကိန်းများကို အဆုံးသတ် သက်ရောက် စေရန် ဆောင်ရွက်ခြင်း အနက်သဘောဖြစ်သည်။ ထိုသို့ဖြင့် အလ္လာဟ်၏ မြင့်မြတ် တည်ကြည်မှုအား ဖော်ထုတ်ခြင်း ဖြစ်၏။ #ဤအာယဟ်လာ ဖြစ်စဥ်သည် တင်စား သုံးနှုန်းမှုသာ ဖြစ်သည်ကို သတိပြုအပ်သည်။ ၎င်းကို မြန်မာမှု နယ်ပယ်တွင် ပြဇာတ်စာပေဟု ခေါ်ဆိုသည်။ ဤသည် လူဖြစ်မှု အရည်အသွေး စတင် တိုးတက်လာပြီး၊ ယဉ်ကျေးသော လူ့ဘောင်၏ အုပ်ချုပ်မှု တစ်ခု စတင်လာပုံကို ပမာပြခြင်း မျှဖြစ်သည်။ ရှေ့ အာယဟ်များကို လေ့လာခြင်းဖြင့် ရှင်းလင်းစွာ နားလည်နိုင်မည် ဖြစ်၏။ [ဆက်စပ်အာယဟ်များ [15:27] [16:49-50]]#လူဖြစ်မှု ဖွံ့ဖြိုး တိုးတက် လာသော အခြေအနေမှန်များ အတွက် အောက်ပါ အာယဟ်များကို လေ့လာသင့်သည်။ #[6:2] [7:189] [22:5] [23:12-13] [25:54] [32:7-9] [35:11] [37:11] [71:17]"
80,"(ءَادَمُ) ‘အာဒန်မ်’ ဟူသော အမည်နာမကို ကမ္ဘာဦးဖခင်ဟု အနက်ဖွင့်ကြသည်။ ကုရ်အာန်တွင် အာဒန်မ်သည် ကမ္ဘာဦးဖခင် ဖြစ်ကြောင်း အထောက်အထား တစ်စုံတစ်ရာမျှ မရှိချေ။ ယင်းသည် သမ္မာကျမ်းစာ၏ ဖော်ပြချက်သာ ဖြစ်၏။ ကုရ်အာန်၌ အာဒန်မ်နှင့် စပ်လျဥ်း၍ ဖော်ပြချက်များတွင် ဥယျာဥ်ကိုပါ တွဲဖက်ဖော်ပြ ထားသည်။ ယင်းသည် သာယာဝပြောသော လူ့ဘောင်၊ ငြိမ်းချမ်း သာယာသော လူ့အဆောက်အအုံကို ရည်ညွှန်းခြင်း ဖြစ်၏။ ထို့ပြင် စိုက်ပျိုးရေး ထွန်းကားစလည်း ဖြစ်နိုင်သည်။ အာဒန်မ် ဟူသောပုဒ်တွင်-# (၁) ယဥ်ကျေးသော လူ့ဘောင်ကိုစတင် ဦးဆောင်သူ၊ # (၂) အုပ်ချုပ်မှုစနစ်ကို စတင်တည်ထောင်သူ၊ # (၃) အသုံးအဆောင် ပစ္စည်းများကို စနစ်တကျ အမည်တတ် သုံးစွဲသူ၊ # (၄) အသက်ရှင် ရပ်တည်ရေးတွင် လိုအပ်သည့်အသိ၊ အတတ်ပညာများကို စတင် ရှာဖွေဖော်ထုတ်သူ (တစ်နည်း) စဦး တီထွင်သူ စသည့် သဘောတရားများ ကိန်းဝပ်သည်။ ဤအနက် သဘောအရ အာဒန်မ်သည် ခေတ်တိုင်း၌ ရှိနေနိုင်သည်ကို သတိပြုပါလေ။"
81,"(عَلَّمَ ءَادَمَ الْأَسْمَاءَ) ‘အလ္လမအာဒမလ်အတ်စ်မားအ်’ ၎င်းကို တိုက်ရိုက် ပြန်ဆိုလျှင် “အရှင်သည် အာဒန်မ်အား အမည်နာမများ ကို သင်ကြားပေးသည်” ဟူ၍ဖြစ်၏။ အလ္လာဟ်က သင်ကြားပေးသည် ဆိုသည်မှာ လူ့ပင်ကိုယ် ဗီဇ၌ အသိ ပညာများကို ကိန်းဝပ် စေခြင်းအား ရည်ညွှန်းသည်။ ထိုသို့ဖြင့် လူသည် ခေတ်အဆက်ဆက် ဖြတ်သန်းလာရင်း ပတ်ဝန်းကျင်၏ တောင်းဆိုမှုအပေါ် အကြောင်းပြု၍ လိုအပ်သော အသိ၊ အတတ်ပညာများကို တစတစ ဖော်ထုတ်လာခြင်း ဖြစ်သည်။ # (أَسْمَاءٌ) ‘အတ်စ်မားအ်’ သည် (اِسْمٌ) ‘အိစ်မ်’ ၏ ဗဟုဝုစ်ဖြစ်သည်။ အဓိပ္ပာယ်များမှာ “နာမည်” “အသိအမှတ်ပြုခြင်း” ဟူ၍ဖြစ်သည်။ ဤစကားလုံး၏ ဇာစ်မြစ် အက္ခရာစုမှာ (س م و) ဖြစ်သည်။ နိမ့်သော အရာတိုင်း၏ ဆန့်ကျင်ဘက် “မြင့်သော” ဟူသည့် အနက်လည်း ဖြစ်ပေါ်သည်။ ထို့ကြောင့် “အာကာသ” “မိုးကောင်းကင်” ဟူသည့် အဓိပ္ပာယ်လည်း ဖြစ်ပေါ်သည်။ ‘အရာဝတ္ထုတိုင်း၏ အမည်နာမ’ ဟူသည့် ရှုထောင့်အရ ဆန်းသစ် တီထွင်ရာတွင် လိုအပ်သော ဝေါဟာရများ သတ်မှတ်နိုင်သည့် အရည်အချင်းကို ရည်ညွှန်းသည်။#[[1:0] အောက်ခြေ (၁) နှင့် တွဲဖက် လေ့လာပါရန်]"
82,"(سِجْدَةٌ) ‘စစ်ဂ်ျဒဟ်’ ဟူသော စကားလုံးတွင် “ဦးချခြင်း” ရိုကျိုးခြင်း” “ကျိုးနွံခြင်း” အပြင် “အပြည့်အဝနာခံခြင်း” ဟူသော အနက်သဘောလည်း ပါဝင်သည်။ မလာအိကဟ်က အာဒန်မ်အား နာခံခြင်း၌ ရှုထောင့် နှစ်ရပ်ရှိသည်။# (၁) လူသားက သဘာဝ စွမ်းအားစုများကို ချုပ်ကိုင် အသုံးချ နိုင်ခြင်း၊# (၂) လူ၏ ပင်ကိုယ်ဗီဇ တွင်ရှိသော နာခံမှု အရည်အသွေးများ အကျိုး သက်ရောက်ခြင်း၊#ကုရ်အာန်၏ တင်ပြချက်အရ မလာအိကဟ်၌ သွေဖည်နိုင်စွမ်း မရှိကြောင်း အထူးသတိ ပြုအပ်သည်။ [66:6] ထို့ကြောင့် မလာအိကဟ် အုပ်စုတွင် အိဗ်လီးစ် ပါဝင်သည် ဆိုသော အယူအဆ မခိုင်လုံကြောင်း ထင်ရှား၏။"
83,"(إِبْلِيْسُ) ‘အိဗ်လီးစ်’ သည် (أَبْلَسَ) ‘အဗ်လစ’ မှဆင့်ပွားသော ပုဒ်ဖြစ်သည်။ အဓိပ္ပာယ် များမှာ “မျှော်လင့်ချက်ကင်းသူ” “တွေဝေသူ” “စိတ်ဓာတ် အင်အား ယုတ်လျော့သူ” စသဖြင့် ဖြစ်သည်။ ကုရ်အာန်၏ တင်ပြချက်များ အရ လူ၌ ဖြစ်ပေါ်သော အပျက်စိတ် အားလုံးကို ရည်ညွှန်းသည်။ ယင်းစိတ်သည်ပင် လူသား အားလမ်းလွဲ၊ လမ်းမှားသို့ ရောက်ရှိ စေရန် တွန်းပို့ခြင်း ဖြစ်သည်။ လူ့ဘောင်၏ တည်ငြိမ်မှု တို့ကို ဖျက်ဆီးရန် လှုံ့ဆော်သည်။ ဤတွင် တင်ပြ ထားသော သုံးပွင့်ဆိုင် အဖြစ်အပျက်သည် လူ့ဘောင်၌ ဖြစ်ပျက်လာသော အုပ်ချုပ်မှု စနစ်များနှင့် စပ်လျဥ်း၍ ပမာဆောင် တင်စားပြခြင်းသာ ဖြစ်ပေသည်။ ဤအဖြစ်အပျက်သည် အုပ်ချုပ်မှုတစ်ခုဖြင့် စတင် အခြေချ နေထိုင်စဥ်မှစ၍ ယခုတိုင် ဖြစ်ပေါ်နေဆဲ ဖြစ်၏။ နောင်လည်း ဖြစ်ပျက် နေဦးမည်သာ။"
84,"(زَوْجُكَ) ‘ဇောက်ဝ်ဂျုက’ “သင်၏အဖော်” ကို ဘာသာပြန် ပညာရှင်များက ဇနီးဟု အနက်ဖွင့်ကြပြီး၊ သမ္မာကျမ်းလာ ဧဝ ဖြစ်ကြောင်း ထောက်ခံကြ၏။ ကုရ်အာန်တွင် ဧဝ (ဟောက်ဝါ) ဟူသောအမည် နာမ ကိုပင် သုံးနှုန်းမထားချေ။ အဖော် ဟူသော သဘောတွင် ဇနီး၊ ခင်ပွန်း အပြင် အပေါင်းအသင်း၊ မိတ်ဆွေ၊ လုပ်ဖော်ကိုင်ဖက် အားလုံး အကျုံးဝင်သည်။ အရဗ်လောကတွင် လင် ခင်ပွန်း အတွက် (زَوْجٌ) ‘ဇောက်ဝ်ဂ်ျ’ ကိုသုံးနှုန်း၍ ဇနီးအတွက် (زَوْجَةٌ) ‘ဇောက်ဝ်ဂျဟ်’ ကို သုံးနှုန်းသည်။ သို့ရာတွင် ကုရ်အာန်၌ (زَوْجَةٌ) ‘ဇောက်ဝ်ဂျဟ်’ ဟူ၍ တစ်ကြိမ်မျှပင် သုံးနှန်းထားခြင်း မရှိချေ။ ဤတွင် ဆိုထားသော (زَوْجُكَ) ‘ဇောက်ဝ်ဂျုက’ “သင်၏အဖော်” ဟူသည် အာဒန်မ်၏ အုပ်ချုပ်မှု၌ တွဲဖက် ပါဝင်သူ ဖြစ်သည်။ သူသည် ယင်းအုပ်ချုပ်မှု၌ အရေးပါသူ လည်းဖြစ်၏။#အာဒန်မ်သည် မြေကမ္ဘာ၌ အုပ်ချုပ်သူ တစ်ဦး ဖြစ်သည့် အားလျော်စွာ အာဒန်မ်နှင့် သူ့အဖော်တို့ အခြေချနေ ထိုင်ကြသော (اَلْجَنَّةُ) ‘ဂျန္နဟ်’ သည်လည်း မြေကမ္ဘာ၌သာ ရှိရပေမည်။ ယင်း၌ စားသုံးစရာ အလျှံပယ် ပေါကြွယ်ဝစွာ ရှိသည့် အပြင် သာယာဝပြောသော လူ့ဘောင်တစ်ရပ်လည်း ဖြစ်ကြောင်း (اَلْجَنَّةُ) ‘ဂျန္နဟ်’ ဖြင့် ဖော်ပြ ခြင်းဖြစ်၏။"
85,"(كُلَا) ‘ကုလာ’ သည် (أَكَلَ) ‘အကလ’ မှဆင့်ပွားသော ပြုမိန့်ကြိယာဖြစ်သည်။ ဤစကားလုံးတွင် စားသုံးခြင်း ဟူသော အနက် သဘောအပြင် အသုံးချခြင်း၊ အုပ်ချုပ်ခြင်း စသည့် အနက်သဘောများ လည်းပါဝင်သည်။ ဤနေရာတွင် အုပ်ချုပ်ခြင်း သဘောက ပို၍ လျှော်ကန် သင့်မြတ်၏။"
86,"(الشَّجَرَةُ) ‘ရှဂျရဟ်’ “သစ်ပင်” ဟူသည် တင်စား သုံးနှုန်းမှု ဖြစ်ကြောင်း သတိပြုသင့်သည်။ သို့မဟုတ်ပါက ပန်းသီးစားပြီး ဈာန်လျှောသွားသည် ဟူသော သမ္မာကျမ်းလာ ဒဏ္ဍာရီကို အဟုတ်ထင်ရမည့် ကိန်းဆိုက်လိမ့်မည်။ ကုရ်အာန်က မည်သည့်အပင် ဖြစ်ကြောင်း မဖော်ပြသကဲ့သို့ အသီး ဟူသည့် အသုံးအနှုန်း ကိုလည်း သုံးနှုန်း ထားခြင်းမရှိချေ။ ဤသည် ထူးခြားချက် ဖြစ်ကြောင်း သတိပြုပါလေ။ အပင်နား မကပ်ကြနှင့် ဟူသော သဘောမှာ -# (၁) သစ်ပင်ဟူသည် လူအုပ်စုခွဲခြားမှု၊ လူမျိုးခွဲခြားမှု၊ ဘာသာရေး ခွဲခြားမှု စသည့် ခွဲခြားမှုတို့နှင့် ထိုခွဲခြားမှု တို့ကြောင့် ဖြစ်ပေါ်လာသော အငြင်းပွားမှုများ အတွက်လည်း ကုရ်အာန်က သုံးနှုန်း၏။ ဥပမာ- [4:65] တွင် - #...فِيْمَا شَجَرَ بَيْنَهُمْ... #“...အကြင်အရာနှင့် စပ်လျဥ်း၍ သူတို့ အငြင်းပွားခဲ့ကြ၏။ ...” # (ဤအာယဟ်တွင် အငြင်းပွားမှုကို (شَجَرَ) ‘ရှဂျရ’ ဖြင့်သုံးနှုန်းထားသည်) # (၂) သစ်ပင် ဟူသည် အမြစ် တွယ်လေ့ ရှိ၏။ ထို့ကြောင့် မကောင်းမှု၊ စိတ်ဝမ်းကွဲမှု၊ မိရိုးဖလာ အစွဲကြီးမှု စသည်တို့ အမြစ်မတွယ်အပ်ကြောင်း ရည်ညွှန်းခြင်း လည်းဖြစ်နိုင်သည်။#ဂျန္နဟ်-သုခဘုံ၌ မစားသုံးအပ်သော အပင်ဟူ၍ မရှိသင့်။ ရှိပါသည်ဟု ဆိုလျှင် ယင်းအပင်ကြောင့် သုခဘုံသားတို့ စိတ်အနှောင့်အယှက် ဖြစ်မည်။ မတော်တဆ စားသုံးမိက မည်သည့် မြေကမ္ဘာသို့ ပြန်လည်ကြရမည်နည်း။ ကွယ်လွန် ပြီးနောက် ကောင်းမြတ်သော အကျိုးဆက်အဖြစ် ချီးမြှင့် ခံရမည့် ဂျန္နဟ်-သုခဘုံ၌ မစားသုံးအပ်သော အပင်ရှိသည် ဟူ၍ ကုရ်အာန်၏ မည်သည့်အာယဟ်ကမျှ ဖော်ပြ ထားခြင်းမရှိ။ ဤအချက်ကို နှလုံးသွင်းသင့်၏။ ထို့ကြောင့် ဤအာယဟ်တွင် ဆိုထားသော ဂျန္နဟ်ဟူသည် မြေကမ္ဘာ၌ ရှိသည့် သာယာဝပြောသော လူမှု အဆောက်အအုံ ဖြစ်၍၊ လယ်ယာမြေ ဖြစ်ထွန်းသော နေရာဒေသသာလျှင်ဖြစ်၏။"
87,"[2:34] ၌ ဆိုထားသော (إِبْلِيْسُ) ‘အိဗ်လီးစ်’ ကိုပင် ဤအာယဟ်၌ (شَيْطَانٌ) ‘ရှိုက်သာန်’ ဟု ပြောင်းလဲ သုံးနှုန်းထားခြင်း ဖြစ်၏။ စင်စစ် (إِبْلِيْسُ) ‘အိဗ်လီးစ်’ နှင့် (شَيْطَانٌ) ‘ရှိုက်သာန်’ ဟူသည် ဒင်္ဂါးတပြား၏ ခေါင်းနှင့်ပန်းပမာဖြစ်၏။ (إِبْلِيْسُ) ‘အိဗ်လီးစ်’ ဟူသည် အပျက်စိတ်မှ ဖြစ်ပေါ်သော သွေဖည်မှုဖြစ်၍ (شَيْطَانٌ) ‘ရှိုက်သာန်’ ဟူသည် အဖျက်လုပ်ရပ်ကို လက်တွေ့ ပြုလုပ်၍ ပုန်ကန်ခြင်းကို ရည်ညွှန်းသည်။ [2:14] အောက်ခြေ (၄၃)၊ [2:34] အောက်ခြေ (၈၃) #အုပ်ချုပ်မှု တစ်ရပ်ဖြင့် တည်ဆောက် အပ်သော လူမှုအဆောက်အအုံတွင် အုပ်ချုပ်သူ (ءَادَمُ) ‘အာဒန်မ်’ နှင့်သူ့အဖော် (زَوْجٌ) ‘ဇောက်ဂျ်’၊ သွေဖည်သူ (إِبْلِيْسُ) ‘အိဗ်လီးစ်’၊ ဖျက်ဆီးသူ (شَيْطَانٌ) ‘ရှိုက်သာန်’ နှင့်အပြုစွမ်းရည် (مَلَائِكَةٌ) ‘မလာအိကဟ်’ အစရှိသူတို့၏ အားပြိုင်မှုအား ဤအာယဟ်များ၌ ဖော်ပြခြင်းဖြစ်သည်။"
88,"(اِهْبِطُوْا) ‘အိဟ်ဘိတူး’ “ဆင်းသွားကြလော့” ဆိုသည်မှာ မိုးကောင်းကင်ရှိ သုခဘုံမှ မြေကမ္ဘာသို့ ဆင်းခိုင်းခြင်း မဟုတ်ပါ။ သုခဘုံ၌ ရှိုက်တွော်န်သည် အဘယ်သို့ရှိအံ့။ အထူးသတိပြုအပ်သော အချက်မှာ ကွယ်လွန်ပြီးနောက်တွင် ကောင်းမြတ်သော လုပ်ရပ်များ၏ အကျိုး ဆက်အဖြစ်ရရှိမည့် (جَنَّةٌ) ‘ဂျန္နဟ်’ မှာ ယခုတိုင် မရှိသေးချေ။ အကျိူးဆက် ရရှိမည့် အခါမှသာ ပုံပေါ်ဖြစ်ထွန်း လာမည်ဖြစ်သည်။ အထက်တွင် ဖော်ပြခဲ့သည့် အတိုင်းယင်း (جَنَّةٌ) ‘ဂျန္နဟ်’ သည် မြေကမ္ဘာ၌ သာရှိရပေမည်။ ၎င်း၌ စားသုံးစရာ အလျှံပယ် ပေါကြွယ်ဝသည့် အပြင် သာယာဝပြောသော လူ့ဘောင် တစ်ရပ်လည်း ရှိရပေမည်။ ဤတွင် ဆိုထားသော ဆင်းသွားကြလော့ ဟူသည် သာယာဝပြောသော လူ့ဘောင်အား အုပ်ချုပ်ရာမှ ရာထူးကျသွားခြင်း ကိုရည်ညွှန်းသည်။"
89,"(بَعْضُكُمْ لِبَعْضٍ عَدُوٌّ) “သင်တို့ အချင်းချင်း ရန်ဘက်များ ဖြစ်ကြအံ့” ဟူသည် အုပ်ချုပ်မှု ယန္တရား ပျက်စီး သွားခြင်းဖြင့် အုပ်စုများကွဲ၍ စစ်မက်များ ဖြစ်ပွားခြင်းကို ရည်ညွှန်းသည်။ လူတို့၏ မိုက်မှားမှုတို့ အပေါ် ချက်ချင်း အရေးမယူဘဲ ပြုပြင်ရန် အခွင့်အရေး ပေးထားခြင်းအား မြေကမ္ဘာ၌ သတ်မှတ်ချက် တစ်ခုတိုင် နေရာထိုင်ခင်း နှင့် အကျိုးခံစားမှုတို့ ရှိမည်ဟု ပြောဆိုခြင်း ဖြစ်၏။"
90,"လူသည် မိမိချွတ်ချော်မှု ကိုပြုပြင်လိုသည် ဆိုပါက အရှင်၏ လမ်းညွှန်မှုကို မလွဲမသွေ လက်ခံ ရမည်သာ ဖြစ်၏။ ယဥ်ကျေးသော လူ့ဘောင်အား အုပ်ချုပ်သူတစ်ဦး အနေဖြင့် မိမိ၏ ချွတ်ချော်မှုကို ပြန်လည် ပြုပြင်ရန် အရှင့် လမ်းညွှန်ဥပဒေ အတိုင်းကျင့်သုံးရန် သာရှိ၏။ ၎င်းကို ဤအာယဟ်၌ လမ်းညွှန်ထားခြင်း ဖြစ်ပေသည်။"
91,"(ءَايٰتٌ) ‘အာယားသ်’ သည် (ءَايَةٌ) ‘အာယဟ်’ ၏ ဗဟုဝုစ် ဖြစ်သည်။ ကုရ်အာန်ကျမ်းလာ ပုဒ်များ၊ ဝါကျများကို (ءَايَةٌ) ‘အာယဟ်’ ဟု ခေါ်ဆို ရခြင်းမှာ ၎င်းသည် သက်သေ အထောက်အထားနှင့် တကွ တည်ရှိနေသော လမ်းညွှန်မှု ဖြစ်သော ကြောင့်တည်း။ ဤသည်ပင် အာဒန်မ် မည်သော ယဥ်ကျေးသည့် လူ့ဘောင်၏ အုပ်ချုပ်မှု စတင်ပုံကို တင်စားပြခြင်း ဖြစ်၏။"
92,"(بَنِيْ إِسْرَائِيْلَ) ‘ဗနီအိစ်ရာအီးလ်’ ၏ လုံးကောက် အဓိပ္ပာယ်မှာ “အိစ်ရာအီလ်၏ သားမြေးများ” ဟူ၍ ဖြစ်သည်။ ၎င်းကို ဘာသာပြန် ပညာရှင်အများစုက “ဂျူးဘာသာဝင်များ” ဟု အနက်ကောက်ကြသည်။# အမှန်စင်စစ် ဂျူးအတွက် (اَلْيَهُوْدُ) ‘ယဟူးဒ်’ကို ကုရ်အာန်၌ ၉ ကြိမ်သုံးနှုန်း၍၊ ကြည့်။ [2:113] [2:120] [5:18] [5:51] [5:64] [5:82] [9:30] (هُوْدٌ) ‘ဟူးဒ်’ ကို နှစ်ကြိမ် သုံးနှုန်းထားပြီး၊ ကြည့်။ [2:111] [2:135] (يَهُوْدِيٌّ) ‘ယဟူဒီ’ ကို တစ်ကြိမ် သုံးနှုန်းပြီး ဖြစ်၏။ ကြည့်။ [3:67]။# စင်စစ်တွင် (إِسْرَائِيْلُ) ‘အိစ်ရာအီးလ်’ ဟူသည် “အလ္လာဟ်၏ ဩဇာခံ” (ဝါ) “အလ္လာဟ်လမ်းညွှန်မှု၌ ဘဝကို ပုံအပ်သူ” ကို ဆိုလိုသည်။ ၎င်းကို ယအ်ကူးဗ် ရစူလ် (A.S) ၏ ဘွဲ့ဟူ၍လည်း ဖော်ပြကြသည်။ #မည်သို့ဆိုစေ (بَنِيْ إِسْرَائِيْلَ) သည် ဂျူးဘာသာဝင်များကို ရည်ညွှန်းခြင်း မဟုတ်ကြောင်း သိထားရပေမည်။ ကျမ်းမြတ်ကုရ်အာန်တွင် အုပ်ချုပ်မှု၌ လူမျိုး၊ ဘာသာခွဲခြားခြင်းဖြင့် ငြိမ်းချမ်းမှု ပျက်ပြား နိုင်ကြောင်း ဖော်ပြထား၏။ ‘ဗနီအိစ်ရာအီးလ်’ အုပ်စုသည် အာဏာရှင် ဖှိရ်အောင်န်၏ လက်အောက် ကျရောက်နေပုံနှင့် ထိုမှ မူဆာ ရစူလ် (A.S) နှင့် ဟာရူးန် ရစူလ် (A.S) တို့၏ ကယ်တင်မှုကြောင့် လွတ်မြောက်လာပုံတို့ကို များစွာသော အာယဟ်များ၌ တွေ့ရ၏။#[ဆက်စပ်အာယဟ်များ [2:61] [9:111]"
93,"အချို့က (مُصَدِّقٌ) ‘မုဆွဒ္ဒစ်က်’ ကို ထောက်ခံသည်ဟု အနက်ကောက်ကြ၏။ ထိုသို့ဖြင့် ရစူလ် လက်ထက်ရှိ မူရင်း ပျက်နေသော သမ္မာကျမ်းစာကို ကုရ်အာန်က ထောက်ခံသယောင် ဖြစ်လာသည်။ စင်စစ်၌ မူရင်း ပျက်နေသောကျမ်း ကိုပြန်လည် မှန်ကန်လာ စေရန် ပြုပြင် ခြင်းသာ ဖြစ်ပေသည်။"
94,"အနည်းငယ်သော အဖိုးအခဖြင့် မဖလှယ်ကြနှင့် ဟူသည် အလ္လာ့ဟ်စည်းမျဥ်း ဥပဒေများကို ယာယီအကျိုး ရှေးရှု၍ ဥပေက္ခာ မပြုကြရန် သတိပေးခြင်း ဖြစ်ပေသည်။ ယင်းစည်းမျဥ်းများ အားလိုက်နာခြင်း ဖြင့်သာ လူဖြစ်မှု အရည်အသွေးများ ပုံပေါ်လာနိုင်မည် ဖြစ်၏။ ထို့ပြင် လူ့ကိုယ်ရည်ကိုယ်သွေးများ ကျဆင်း မသွားစေရန် အတွက်လည်း ထိုစည်းမျဥ်းများဖြင့် ကာကွယ် စောင့်ထိန်း ရပေသည်။#ဆက်စပ်အာယဟ်များ [10:69] [29:25]"
95,"(زَكٰوةٌ) ‘ဇကာဟ်’ ဟူသည် “ဖူးပွင့်ခြင်း” “ရှင်သန်ခြင်း” “ကြီးထွားခြင်း” “သန့်စင်ခြင်း” “ဖွံ့ဖြိုးခြင်း” စသည်တို့ကို ဖော်ပြသောပုဒ် ဖြစ်သည်။ လူမှုဘဝ ဖွံ့ဖြိုးလာရန် မိမိတို့၏ ပိုင်ဆိုင်မှုများဖြင့် ဖေးမ ကူညီကြရန်၊ လုပ်ကိုင် ဆောင်ရွက် ကြရန် ညွှန်ကြားရာ၌ ဤစကားလုံးကို ဆွလာဟ်ဖြင့် တွဲ၍ အကြိမ်ကြိမ် သုံးနှုန်းထားသည်။ အထူး သတိပြုရမည့် အချက်မှာ လူမှုဘဝ ဖွံ့ဖြိုးစေခြင်း မရှိသော အလှူဒါနမျိုးကို ကုရ်အာန်က ဇကာဟ်ဟု သတ်မှတ်ခြင်း မရှိချေ။ ပိုင်ဆိုင်မှုဟု ဆိုရာတွင် ငွေကြေး တစ်ခုတည်း မျှမဟုတ်၊ ကာယ၊ ဉာဏ စွမ်းအား အလုံးစုံ ပါဝင်သည်။ ထိုသို့ဖြင့် လူတိုင်း ပါဝင်လာနိုင်သည်။#ဆွလာဟ်နှင့် ဇကာဟ်တို့သည် အစ္စလာ့မ် လမ်းညွှန်ချက်၏ အခြေခံ ထောက်တိုင် နှစ်ခု ဖြစ်သည်။ ဆွလာ့ဟ် တည်ဆောက် သူတိုင်း ဇကာ့ဟ် ကိုလည်း ပုံဖော် ဆောင်ရွက်ရ ပေသည်။ ဆွလာဟ်တည်း ဟူသော လူ့အရည်အသွေး ပြည့်မီရေးတွင် ဖွံ့ဖြိုး တိုးတက်မှု ဟူသည့် ဆောင်ရွက်ချက် မပါဘဲ ဖြစ်နိုင်ချေ မရှိသည်ကို အထူး သတိပြုအပ်သည်။ ဆွလာဟ်တိုင်း အတွက် ဇကာဟ်လို၏။ ဇကာဟ်တိုင်း အတွက် ဆွလာဟ်လို၏။"
96,"(رُكُوْعٌ) ‘ရုကူးအ်’ ၏ အနက်သဘော တစ်ရပ် ဖြစ်သော “ဦးညွတ်ခြင်း” ကိုသာ ကျွန်ုပ်တို့ သိကြ၍ ဆောင်ရွက်လျက် ရှိကြသည်။ စင်စစ် ရုကူးအ်၌ အလ္လာ့ဟ် လမ်းညွှန်အား နာခံခြင်းတည်း ဟူသော အနက်သဘော လည်းပါဝင်၏။ ကုရ်အာန်၏ သုံးနှုန်းပုံများ အရ စစ်ဂ်ျဒဟ် တွင် ရွေးချယ် ခွင့်မရှိသည့် နာခံမှု ကိန်းဝပ်၍ ရုကူးအ် တွင် မူရွေးချယ်၍ နာခံခြင်း သဘော ကိန်းဝပ်ပါသည်။ အဘယ်ကြောင့်ဆိုသော် စစ်ဂ်ျဒဟ်သည် လူသားအပါအဝင် စကြဝဠာနှင့် သက်ရှိအားလုံး၏ နာခံမှုကို ကိုယ်စားပြု၍ ရုကူးအ်မှာကား လူသားနှင့်သာ သက်ဆိုင်သောနာခံမှု ကို ကိုယ်စားပြု၏။ ယင်းနာခံမှုတွင် လူသည် မိမိဆန္ဒအရ ရွေးချယ်နိုင်ခွင့်ကို ချီးမြှင့်ထား၏။ ထို့ပြင် ဤအာယဟ်၌ အလ္လာ့ဟ် စည်းမျဥ်းအား နာခံခြင်းဖြင့် ရစူလ်၏ သစ္စာခံ ဖြစ်ကြရန် ညွှန်ကြား ထားခြင်းလည်း ဖြစ်ပေသည်။ #ဆက်စပ်အာယဟ်များ [9:119]"
97,"(بِرٌّ) ‘ဘိရ်ရွန်’ သည် အနက်သဘော ကြွယ်ဝသော စကားလုံး ဖြစ်၏။ အဓိက အားဖြင့် “အမြင်ကျယ်ခြင်း၊ အကောင်းမြင်ခြင်း၊ စိတ်သဘောထား ကြီးမြတ်ခြင်း” “ကျယ်ပြောခြင်း” “တိုးတက်ခြင်း” တို့အတွက် အသုံးဖြစ်၏။"
98,"ကျမ်းတတ် ပါရဂူ အချို့သည် လူတို့ကို ဟောပြောရန် အတွက်သာလျှင် ကျမ်းဂန်ကို အသုံးပြု ကြ၏။ မိမိတို့ ကိုယ်တိုင်ကမူ ကျမ်း၏ အဆုံးအမ များကို ကျင့်သုံး ကြသည် မရှိချေ။ ဤသည်ကို ‘အသိဉာဏ် စေစားမှု ကင်းခြင်း’ ဟု ကုရ်အာန်ကဆိုသည်။ သူတို့က “ငါပြောသလို လုပ်၊ ငါလုပ်သလို မလုပ်နှင့်” ဟူ၍ပင် ဆိုကြသေး၏။"
99,"(يَظُنُّوْنَ) ‘ယဇွန္နူးန’ သည် “ထင်မြင်ယူဆခြင်း” အနက်ကို ပေးသော်လည်း ၎င်းနှင့်အတူ (أَنَّ، أَنْ) တို့ တွဲဖက် တည်ရှိလျှင် “ယုံကြည်ခြင်း” “အမှတ်ရခြင်း” “မျှော်လင့်ခြင်း” စသည့် အနက်သဘော ဖြစ်ပေါ် ပါသည်။"
100,"(اَلْعَالَمِيْنَ) ‘အာလမီးန်’ ဟူသည် “လောကများ” “စကြဝဠာများ” “လူမျိုးစုများ” ဟူ၍ဖြစ်သည်။ ဤအာယဟ်တွင် “ခေတ်ပြိုင် လူမျိုးစုများ” ဟူသော အနက်သဘော ဖြစ်ပေါ်သည်။"
101,"ဤအာယဟ်တွင် အလ္လာဟ်၏ တုံ့ပြန်ရလဒ် ဖြစ်ထွန်းမှု၏ အရှိတရားကို ရှင်းလင်းစွာ ဖော်ပြထား၏။ လူတိုင်းသည်ပင် မိမိ၏ လုပ်ရပ်မှ အစားပေးသည်ကိုသာ ခံရပေမည်။ ယင်း၌ အခြားတစ်ဦးကို ကိုယ်စားခံရန်၊ သူတော်ကောင်းတို့၏ ကြားဝင်မှုဖြင့် လွတ်ကင်းရန်၊ အလျော်အစားဖြင့် ဖြေရှင်းရန်၊ တစ်ဦးတစ်ယောက်၏ အကူအညီကို ရရှိရန် လုံးဝ မဖြစ်နိုင်တော့ချေ။ #ဆက်စပ်အာယဟ် [2:164]"
102,"(فِرْعَوْنُ) ‘ဖှိရ်အောင်န်’ (ဖာရိုး) သည် အီဂျစ်ပြည် သမိုင်း တလျှောက် နှစ်ပေါင်း (၆၀၀၀) ကျော် ရှိခဲ့သည့် ဘုရင်များ၏ ဘွဲ့ဖြစ်သည်။ ဤအာယဟ်၌ ဖော်ပြထားသော ဖှိရ်အောင်န်မှာ မူဆာရစူလ် (A.S) နှင့် ခေတ်ပြိုင် ဖြစ်၏။"
103,"(يُذَبِّحُوْنَ أَبْنَاءَكُمْ) ‘ယုဇဗ္ဗိဟူးနအဗ်နားအကွန်မ်’ ကို “သင်တို့၏ သားများကို သတ်ဖြတ်ကြသည်” ဟူ၍လည်းကောင်း၊ (يَسْتَحْيُوْنَ نِسَاءَكُمْ) ‘ယတ်စ်သဟ်ယူးနနိစာအကွန်မ်’ ကို “သင်တို့၏ သမီးများကို အသက်ဆက်ခွင့်ပေးသည်” ဟူ၍ လည်းကောင်း တိုက်ရိုက် ပြန်ဆိုကြ၏။ (أَبْنَاءٌ) ‘အဗ်နာအွန်’ သည် (اِبْنٌ) ‘အိဗ်နွန်’ ၏ ဗဟုဝုစ် ဖြစ်သည်။ ၎င်း၏ ဇာစ်မြစ် အက္ခရာစုမှာ (ب ن و-ي) ‘ဘာအ်၊ နူးန်၊ ဝေါဝ်’ သို့မဟုတ် ‘ဘာအ်၊ နူးန်၊ ယာအ်’ ဖြစ်သည်။ အဓိပ္ပာယ်များတွင် “သား” “တည်ဆောက် နိုင်စွမ်းရှိသူ” “ကိုယ်စွမ်းကိုယ်စ ရှိသူ” စသည်တို့ ပါဝင်သည်။ (يُذَبِّحُوْنَ) ‘ယုဇဗ္ဗိဟူးန’ ၏ ဇာစ်မြစ် စကားလုံးမှာ (ذِبْحٌ) ‘ဇိဗ်ဟွန် (န်)’ ဖြစ်သည်။ ၎င်း၌ “လှီးဖြတ်ခြင်း” “ချိုးနှိမ်ခြင်း” “ချုပ်ကိုင်ခြင်း” “ချုပ်ချယ်ခြင်း” စသည့်အနက် သဘောများ ပါဝင်သည်။ ထို့ကြောင့် ကိုယ်စွမ်းကိုယ်စ ရှိသူများကို ချိုးနှိမ်ခြင်း၊ ချုပ်ကိုင်ခြင်း၊ ချုပ်ချယ်ခြင်း၊ ဖိနှိပ်ခြင်းစသည့် သဘောတရားများက ပို၍လျော်ကန်၏။ အာဏာရှင် ဖှိရ်အောင်န်က သူ့အာဏာကို ထိပါးမည်စိုး၍ အစွမ်းအစ ရှိသူတို့ကို ချိုးနှိမ်ကန့်သတ် ဖိနှိပ်လေ့ရှိကြောင်း ပြဆို ပါသည်။ ထို့ပြင် (نِسَاءٌ) ‘နိစားအွန် (န်)’ တွင် “အမျိုးသမီးများ” ဟူသည့် အဓိပ္ပာယ်အပြင် “အားနွဲ့ခြင်း” “အစွမ်းအစမဲ့ခြင်း” “တည်ဆောက်မှု စွမ်းရည်မရှိခြင်း” “မေ့လွယ်ခြင်း” “အမှီအခို မဲ့ခြင်း” စသည့် သဘောတရားများလည်း ပါဝင်သည်။ (يَسْتَحْيُوْنَ) ‘ယတ်စ်သဟ်ယူးန’ ၏ ဇာစ်မြစ် စကားလုံးမှာ (حَيٌّ) ‘ဟိုက်ယွန် (န်)’ ဖြစ်သည်။ အဓိပ္ပာယ်များမှာ “ရှင်သန်ခြင်း” “ကွန့်မြူးခြင်း” “လှုပ်ရှားခြင်း” စသဖြင့် ဖြစ်သည်။ ၎င်းမှ (اِسْتِحْيَاءٌ) ‘အိစ်သိဟ်ယားအ်’ ဟူ၍ ကြိယာဂိုဏ်းစဥ် ပြောင်းလဲခြင်းဖြင့် တစ်စုံ တစ်ဦးအား အကြောင်းပြု၍ ရှင်သန်မှုကို ဆည်းပူးခြင်း ဟု ဖြစ်ပေါ်သည်။ အာယဟ်တွင် ဖှိရ်အောင်န်က အစွမ်းအစမဲ့ သူတို့ကို အကြောင်းပြု၍ မိမိ အာဏာရှင်သန်ရန် အားထုတ် ခြင်းကို ရည်ညွှန်းခြင်း ဖြစ်၏။"
104,"(بَلَاءٌ) ‘ဗလာအ်’ ကို “စမ်းသပ်ခြင်း” ဟု သာဘာသာပြန် ကြ၏။ ဘေးဒုက္ခ တစ်စုံတစ်ရာ သက်ရောက်လာတိုင်း အလ္လာဟ်၏ စမ်းသပ်မှုဟု ဆိုကြ ခြင်းမှာ အံ့ဖွယ် အယူအဆ ဖြစ်၏။ ဤစကားလုံးတွင် “စမ်းသပ်ခြင်း” “အခြေအနေမှန်ကို သိရှိဖို့ရန် ကြိုးစားခြင်း” “အကျပ်အတည်းများ သက်ရောက်ခြင်း” “အရည်အသွေး ထင်ရှားလာဖို့ရန် စီမံခြင်း” “ကျေးဇူးပြုခြင်း” “ဆုလာဘ်” စသည့် အနက်သဘော များပါဝင်သည်။ အထူးသဖြင့် အလ္လာ့ဟ် ဘက်မှပြုလုပ် သည့်အခါ “အရည်အသွေး ထင်ရှားလာဖို့ ရန်စီမံခြင်း” ဆိုသည့် အနက်သဘောကသာ သင့်မြတ် လျော်ကန် ပေသည်။ ဒုက္ခသည် လူ့အရည်အသွေး ဖြစ်ထွန်းရန် အကြောင်းတရား တစ်ရပ် ဖြစ်ပေသည်။ ဒုက္ခမှ လွတ်မြောက်ရန် ကြိုးစားရင်း အရည်အသွေးများ တိုးတက် လာလေ့ရှိ၏။ ဤအခြင်းအရာကို ကျွန်ုပ်တို့ ကောင်းစွာ နားလည်ကြ၏။ အာယဟ်တွင် ဖိနှိပ်ချုပ်ချယ် ခြင်းမှ လွတ်မြောက်ရန် ကြိုးစားခိုင်းခြင်း ဖြစ်သည်။ ထိုသို့ ကြိုးစားရင်းဖြင့် အိစ်ရာအီလ်၏ သားမြေးတို့၌ လွတ်လပ်ခြင်း၊ ဂုဏ်သိက္ခာ၊ အရည်အချင်းများ စသည်တို့ တိုးတက်လာသည်ဟု ဆိုလိုသည်။#ဆက်စပ်အာယဟ်များ [28:4-5] [40:25] [27:34] [7:141]"
105,"(بَحْرٌ) ‘ဘဟ်ရ်’ ၏ အဓိပ္ပာယ်တွင် “ပင်လယ်” “မြစ်” “ကမ်းခြေတည်ရှိသောမြို့” စသည်တို့ ပါဝင်သည်။ အိစ်ရာအီးလ်၏ သားမြေးတို့နှင့် ဖှိရ်အောင်န်နှင့်သူ့ နောက်လိုက် တို့၏ အခင်းဖြစ်ရာ နေရာသည် ပင်လယ်နီ၏ မြောက်ဘက် အစွန်ဆုံး အပိုင်း၌ ဖြစ်၏။ ၎င်း၌ ရှေးနှစ်ပေါင်း များစွာက ကျွန်းစုတန်း များစွာ ရှိခဲ့၏။ ဒီရေ အတက်အကျ ဖြစ်လေ့ရှိ၏။ ပင်လယ်နီ၏ မြောက်ဘက် အစွန်ဆုံး အပိုင်းသည် ကျွန်းစုများ ကြားရှိ ရေလက်ကြား ဖြစ်၍ ရေနက်ပိုင်း မဟုတ်ပေ။ ဒီရေကျစဥ် ရေခမ်းပြီး ကုန်းပေါ်၍ ဒီရေ တက်သောအခါ ရေပြည့် လျှံခြင်း ဖြစ်ပေသည်။ မူဆာရစူလ် (A.S) နှင့် နောက်လိုက် များ ဖြတ်သန်းစဥ် ဒီရေခမ်း၍ လမ်းပေါ်နေပြီး၊ [[20:77] တွင် (طَرِيْقًا يَبَسًا) “ခြောက်သွေ့သောလမ်း” ဟုသုံးနှုန်းထား၏] ဖှိရ်အောင်န် နှင့် နောက်ပါတို့ ဖြတ်အကူးတွင် ဒီရေတက်လာခြင်း ဖြစ်၏။# (ဤသို့ လျှပ်တပြက် ဒီရေတက်၍ လူအများ သေကျေရသည့် အဖြစ်မျိုးကို မြန်မာနိုင်ငံ စစ်တောင်း မြစ်ဝ၌ မကြာခဏ ကြုံရလေ့ရှိ၏) #[ဆရာဦးဌေးလွင်ဦး ဘာသာပြန် ကုရ်အံ အောက်ခြေ (၅၈) ကိုမှီးသည်] #[ဆက်စပ်အာယဟ်များ [7:136] [10:90] [20:77] [26:63] [44:24]"
106,"(تَشْكُرُوْنَ) ‘သတ်ရှ်ကုရူးန’ သည် (شُكْرٌ) ‘ရွှတ်က်ရွန် (န်)’ ၏ ကြိယာ ဖြစ်သည်။ ဤစကားလုံးတွင် “ကြိုးစား အားထုတ်ခြင်းဖြင့် ရလဒ် ကောင်းများ ဖြစ်ထွန်းခြင်း” “မိမိ၏ ပိုင်ဆိုင်မှုများကို အများ ကောင်းကျိုး အတွက် အဆီးအတား မရှိ ဖွင့်ထားခြင်း” “ကျေးဇူးတင်ခြင်း” စသည့် အနက် သဘောများ ပါဝင်သည်။ ဤအာယဟ်တွင် အရည်အသွေး တိုးတက် လာစေရန် ဆောင်ရွက်ခြင်းဟု အနက်ကောက်ယူ ထားသည်။#ဆက်စပ်အာယဟ် [2:56]"
107,"(اَلْكِتَابُ) ‘ကိသားဗ်’ နှင့်စပ်လျဥ်း၍ [2:2] အောက်ခြေ (၁၆) ကိုပါ တွဲဖက်လေ့လာ ပါရန်။ ဤတွင်ဆိုထားသော (اَلْكِتَابُ) သည် မူဆာရစူလ် (A.S) ချီးမြှင့်ခံရသော ဥပဒေကျမ်း ဖြစ်သည်။ ယင်းသည် သောက်ဝ်ရားသ်ကျမ်း၏ တစ်စိတ်တစ်ပိုင်းမျှ ဖြစ်၏။ ဗနူအိစ်ရာအီလ်တွင် ပွင့်ပေါ်သော ရစူလ်များအားလုံး ချီးမြှင့်ခံရသည့် ကျမ်းအားလုံးကို စုပေါင်း၍ ‘သောက်ဝ်ရားသ်’ ဟု ခေါ်ဆိုခြင်း ဖြစ်သည်။ အထူး သတိပြုအပ်သည့် အချက်မှာ မည်သည့် ရစူလ်၊ နဗီ ဖြစ်စေ ကျမ်းရသူများသာ ဖြစ်ကြ၏။ ကျမ်းမရသော ရစူလ်၊ သို့မဟုတ် နဗီ ဟူ၍ အလျှင်းမရှိချေ။# (ကြည့်။ [2:213] [57:25])"
108,"(اَلْفُرْقَانُ) ‘ဖှုရ်ကားန်’ ဟူသည် “အမှားအမှန်ကို ပိုင်းခြားပေးသော အရာ” “အမှားအမှန်ကို ကွဲပြားစေသော အရာ” “မှတ်ကျောက်” ဟူ၍ ဖြစ်သည်။ အလ္လာ့ဟ်ထံမှ ပို့ချသမျှသော ဥပဒေကျမ်း (တစ်နည်း) ဘဝလမ်းညွှန် မှန်သမျှသည် (اَلْفُــــــرْقَانُ) ‘ဖှုရ်ကားန်’ ပင်ဖြစ်၏။ ထို့ကြောင့် ဤစကားလုံးကို ကျမ်းမြတ်ကုရ်အာန် အတွက်လည်း သုံးနှုန်းခြင်း ဖြစ်သည်။"
109,"(اَلْبَارِئُ) ‘ဘာရိအ်’ သည် ဖြစ်ထွန်းစေမှု၌ လွန်စွာ အရေးပါသော ဝေါဟာရတလုံး ဖြစ်သည်။ တစ်စုံတစ်ခု၏ ဖြစ်ထွန်းလာမှု၌ မလိုအပ်သော အစိတ်အပိုင်းများကို ဖယ်ရှား၍ လိုအပ်သော အစိတ်အပိုင်းများကို သင့်မြတ် လျော်ကန်စွာ ထားသိုခြင်း အမှုကို စနစ်တကျ ပြုလုပ်သူအား ခေါ်ဆိုသော ဝေါဟာရဖြစ်၏။"
110,"(فَاقْتُلُوْا أَنْفُسَكُمْ) ကိုအများအားဖြင့် “အသင်တို့ အချင်းချင်း သတ်ဖြတ်ကြ” ဟု အနက်ကောက် လေ့ရှိကြသည်။ စင်စစ် (نَفْسٌ) ‘နဖှ်စ်’ ဟူသော စကားလုံးတွင် “စိတ်ခံစားမှု” “စရိုက်” ဟူသည့် သဘောတရားလည်း ကိန်းဝပ်သည်။ ထို့ကြောင့် ဤနေရာတွင် စရိုက်ဟု အနက်ကောက်ခြင်း ဖြစ်သည်။ [[2:9] အောက်ခြေ (၃၆) တွင်ရှုပါ]#ဆက်စပ်အာယဟ် -[7:152]"
111,"လူ့စက္ခုအာရုံသည် အလ္လာဟ်ကို မြင်တွေ့နိုင်ရန် ဖြစ်နိုင်ချေ မရှိကြောင်း [6:104] ၌ အတိအလင်း မိန့်ထား၏။ သဘာဝ၏ ပြင်ပမှ ဖြစ်သော အရှင်ကို သဘာဝအတွင်းမှ ဖြစ်သော လူသားက မည်သို့ ကြည့်မြင်နိုင်အံ့။ စက္ခုအာရုံဖြင့် မမြင်နိုင်သော်လည်း အသိဉာဏ်ဖြင့်မူ အလ္လာဟ်ကို သိမြင် နိုင်ပါသည်။ သို့ရာတွင် ယင်းအသိဉာဏ်သည် ဝဟ်ယ် အပေါ် အခြေခံ ဖို့တော့ လိုပေမည်။"
112,"(اَلصَّاعِقَةُ) ‘ဆွော်အိကဟ်’ ဟူသည် ပြင်းထန်သော အသံကို ဖော်ပြသော ပုဒ်ဖြစ်သည်။ ဤနေရာတွင် ပြင်းထန်သည့် ပဋိပက္ခကြောင့် ဖြစ်ပေါ်သော ရုန်းရင်း ဆန်ခတ်မှု မှ မိုးထိ မြည်ဟီးသံ ကိုဆိုလိုသည်။ [7:155]"
113,"ဤအာယဟ်တွင် သုံးနှုန်းထားသော (مَوْتٌ) ‘မော်ဝ်သ်’ “သေခြင်း” သည် အသက်ကို ရည်ညွှန်းခြင်း မဟုတ်။ အဖိနှပ်ခံ ဘဝကြောင့် အရည်အချင်း ကင်းမဲ့ခြင်း၊ အချင်းချင်း စိတ်ဝမ်း ကွဲမှုကြောင့် အင်အား ယုတ်လျော့ခြင်း စသည့် အခြေအနေများကို ရည်ညွှန်းခြင်း ဖြစ်ပေသည်။"
114,"(غَمَامٌ) ‘ဂမားမ်’ ဟူသည် “မိုးတိမ်များ” “သောကများ” ဟူ၍ ဖြစ်သည်။ မိုးတိမ်များဟု အနက်ကောက်လျင် အရှင်က ဗနူအိစ်ရာအီလ် တို့ကို ဟင်းလင်းပြင်၌ ၎င်းဖြင့် အရိပ်ပေးခဲ့သည် ဟုနားလည် ရပေသည်။ သောကများဟု ဆိုလျင် ကျွန်ဘဝမှ လွတ်မြောက် စေ၍ လွတ်လပ်မှုတည်း ဟူသော ခိုနားရာ အရိပ် အာဝါသကို ရရှိစေခြင်း ဟု နားလည်နိုင်သည်။ (مَنٌّ) ‘မန္န’ ဟူသည် အရသာထူးကဲသော စားဖွယ်ကို ရည်ညွှန်း သကဲ့သို့ ကျေးဇူးပြုခြင်း ဟူ၍လည်း ဖြစ်ပေသည်။ (سَلْوٰى) ‘စလ်ဝါ’ သည် ငုံးငှက်ကို ခေါ်ဆို သကဲ့သို့ စိတ်၏ ကျေနပ်ခြင်း အတွက်လည်း သုံးနှုန်းသော ပုဒ်ဖြစ်သည်။ မည်သို့ဆိုစေ အာယဟ်၌ ခန္ဓာကိုယ်၏ လိုအပ်ချက်ဖြစ်သော အစာအာဟာရနှင့် အတူ စိတ်ပိုင်းဆိုင်ရာ လိုအပ်ချက်များပါ ပြည့်ဝစွာ ရရှိသည့် သဘော ပါဝင်ပေသည်။"
115,"(طَيِّبَاتٌ) ‘တိုက်ယိဘားသ်’ တွင် ကောင်းခြင်း အစုစုတို့ ပါဝင်သည်။ ၎င်းတွင် အရသာရှိမှု၊ အာဟာရ ဖြစ်မှုနှင့် ဆွဲဆောင်မှု အနက်သဘော ကိန်းဝပ်သည်။ သို့ဖြစ်၍ ခန္ဓာကိုယ်၌ ဓာတ်သဘာဝ ကြွယ်ဝစေရန်နှင့် အာဟာရ ဖြစ်စေရန် တို့အပြင် နှစ်သက်ရာကို စားသုံးရန်၊ သုံးစွဲရန် အခွင့်အရေးရှိကြောင်း အာယဟ်က ပြဆိုသည်။ သို့သော် အလ္လာ့ဟ် စည်းမျဥ်းအရ ခွင့်ပြုချက်ရှိမှသာ သုံးစွဲ သင့်ကြောင်း သတိပြုရ ပေမည်။"
116,"(اَلْقَرْيَةُ) ‘ကရ်ယဟ်’ ၏ အဓိပ္ပာယ်များတွင် “ဒေသ” ဟူသော သဘောလည်း ပါဝင်သည်။ ဤအာယဟ်၌မူ ပါလက်စတိုင်းကို ရည်ညွှန်းသည်။"
117,"(فَكُلُوْا مِنْهَا حَيْثُ شِئْتُمْ رَغَدًا) “ဆန္ဒရှိရာမှ ဖောဖောသီသီ သုံးစွဲကြလော့” ဟူသော သုံးနှုန်းပုံကို အာဒန်မ်၏ ဖြစ်စဥ်တွင်လည်း တွေ့ရပေသည်။ သို့ဖြစ်ရာ ယင်းသည် ဤလောက၏ ဂျန္နဟ် ကိုဆိုလိုကြောင်း ထင်ရှားပေသည်။ [2:35]"
118,"(قُوْلُوْا حِطَّةٌ) ‘ကူးလူးဟစ်တ်တွတွန် (န်)’ ကို တိုက်ရိုက် ပြန်ဆိုလျှင် “အသင်တို့ ဟစ်တ်တွတွန် (န်) ဟုဆိုကြလော့” ဟူ၍ ဖြစ်သည်။ (حِطَّةٌ) ‘ဟစ်တ်တွတွန် (န်)’ တွင် အဓိပ္ပာယ် နှစ်ခုရှိ၏။ # (၁) အပြစ်များမှ ချမ်းသာခွင့်တောင်းခြင်း၊ # (၂) နေရာဒေသ တစ်ခုတွင် အခြေချခြင်း ဟူ၍ ဖြစ်သည်။"
119,"ဘာသာပြန်ကျမ်း များတွင် (حِطَّةٌ) ‘ဟစ်တ်တွတွန် (န်)’ အစား (حِنْطَةٌ) ‘ဂျုံစေ့’ ဟု ပြောင်းလဲ ရွတ်ဆိုကြသည်ဟု ဖော်ပြကြ၏။ အမှန်စင်စစ် အာယဟ်၏ ရည်ညွှန်းမှုမှာ အလ္လာဟ်က (قُوْلُوْا حِطَّةٌ) “သင်တို့ အပြစ်များမှ ချမ်းသာခွင့်ရရန် ပန်ကြားကြလော့” ဟု ညွှန်ကြားခြင်းကို ပြောင်းလဲ၍ ကျူးကျော်ကြသည်ဟု ဆိုလိုသည်။# (ကြည့်။ [2:58])"
120,"(مِنَ السَّمَاءِ) ‘မိနတ်စ္စမာအိ’ ကို တိုက်ရိုက် ပြန်ဆိုလျှင် “မိုးကောင်းကင်မှ” ဟူ၍ ဖြစ်သည်။ ဆိုလိုရင်းမှာ ‘လူသား၏ ဝင်ရောက် စွက်ဖက်မှု မပြုနိုင်လောက်အောင် မြင့်မားခြင်း’ ဟူ၏။ ၎င်းကို ဆီလျော်စေရန် “အထက်မှ” ဟုအနက် ကောက်ထား၏။ # (ဆက်စပ်အာယဟ်များ [2:61] [5:22-24] [3:22] [5:26])"
121,"(عَصًا) ‘အဆွော်’ ၏ ဇာစ်မြစ် အက္ခရာစုမှာ (ع ص و) ဖြစ်သည်။ ရင်းမြစ် အဓိပ္ပာယ်မှာ “စုစည်းခြင်း” “စုပေါင်း ခြင်း” ဟူ၍ ဖြစ်သည်။ ဆိုလိုသည်မှာ အပြန်အလှန် တွေ့ဆုံ ပေါင်းစည်းခြင်း ဖြစ်သည်။ တောင်ဝှေးကို ဆုပ်ကိုင်ရန် လက်ချောင်းများ စုစည်း ရသောကြောင့် ၎င်းကိုလည်း (عَصًا) ‘အဆွော်’ ဟု သုံးနှုန်းခြင်း ဖြစ်သည်။ ထို့ပြင် (عَصًا) ‘အဆွော်’ ၏ အနက်သဘောမှာ “စွမ်းအား” “အားထားမှီခိုရာ” ဟူ၍လည်း ဖြစ်ပေသည်။ (عَصًا) ‘အဆွော်’ ကို “လူစု-အစုအဖွဲ့” အတွက်လည်း သုံးနှုန်းသည်။ ဥပမာ- (شَقَّ الْعَصَا) ‘ရှန်က္ကလ် အဆွော်’ ဟူသည် “အစုအဖွဲ့တွင် ကွဲလွဲမှုကို ဖန်တီးသည်” “အစုအဖွဲ့မှ သီးခြား ခွဲထွက်သည်” ဟူ၍ ဖြစ်သည်။ [ရာဃိဗ်] သာဂျုလ် အုရူးစ် ကျမ်းရှင်က (اَلْعَصَا) ‘အဆွော်’ ကို (جَمَاعَةُ الْإِسْلَامِ) “အိစ်လာ့မ်လူ့ အဖွဲ့အစည်း” ဟု ဖော်ပြသည်။ ထို့ကြောင့် ဤအာယဟ်တွင် (عَصًا) ‘အဆွော်’ ကို အစုအဖွဲ့-အုပ်စု ဟူ၍ အနက်ကောက်ခြင်း ဖြစ်သည်။"
122,"(اِضْرِبْ) ‘အိဿွ်ရိဗ်’၏ ကြိယာနာမ်မှာ (ضَرْبٌ) ‘ဿွရ်ဗ်’ ဖြစ်သည်။ ဤစကားလုံးသည် လွန်စွာ အနက် သဘောကြွယ်ဝ ပေသည်။ ယေဘုယျအားဖြင့် “ရိုက်ခြင်း” ကို ဖော်ပြ၏။ ၎င်း၌ “ဖြတ်သန်းခြင်း” “ခရီးသွားခြင်း” အနက်သဘောလည်း ပါဝင်သည်။ ဥပမာ-#...إِذَا ضَرَبْتُمْ فِيْ سَبِيْلِ اللّٰهِ... (4:94) #“...သင်တို့ အလ္လာဟ် ပြဋ္ဌာန်းထားသည့် လူ့ဘဝ လမ်းစဉ်၌ ဖြတ်သန်းကြသောအခါ...” [4:94]#ဤအာယဟ်တွင် (ضَرَبْتُمْ) ‘ဿွော်ရဗ် သွန်မ်’ ကို “ဖြတ်သန်းခြင်း” အနက်ဖြင့် သုံးနှုန်းထားသည်။ #... إِنْ أَنْتُمْ ضَرَبْتُمْ فِى الْأَرْضِ ...#“သင်တို့ မြေကမ္ဘာတွင် ခရီးသွား နေကြစဉ်…”[5:106]#ဤအာယဟ်တွင် ‘ဿွော်ရဗ် သွန်မ်’ ကို “ခရီးသွားခြင်း” အနက်ဖြင့် သုံးနှုန်း ထားသည်။ ထို့ကြောင့် [2:60] တွင် သုံးနှုန်းထားသော (اِضْرِبْ) ‘အိဿွ်ရိဗ်’ကို “ခရီးနှင်လော့” ဟု ပြန်ဆိုခြင်း ဖြစ်သည်။"
123,"(يَقْتُلُوْنَ النَّبِيِّيْنَ) ကို “သူတို့ နဗီများအား သတ်ဖြတ် ကြသည်” ဟူ၍ ပြန်ဆို ကြသည်။ စင်စစ် နဗီများ ဟူသော အသုံးအနှုန်းမှာ နဗီများ ယူဆောင် လာသော လမ်းညွှန်ချက်၊ သို့မဟုတ် နဗီများ၏ လုပ်ငန်း (ဝါ) အစ္စလာမ်ကို ပုံဖော်သော အစီအစဉ်ကို ရည်ညွှန်းခြင်း ဖြစ်ပေသည်။ ၎င်းကို အဓွန့် မရှည်စေရန် ဖိနှိပ် ချုပ်ချယ်ခြင်းကို ဆိုလိုသည်။"
124,"ဤအာယဟ်တွင် လွန်စွာ အရေးပါသော အရှိတရား တစ်ရပ်ကို မီးမောင်းထိုးပြ ထားသည်။ အလ္လာဟ်သည် ဝဟ်ယ် (လူ့ဘဝလမ်းညွှန်မှု) အားဖြင့် လူသား ဆန်သော စနစ် (ဝါ) အစ္စလာမ်ကို ပြဋ္ဌာန်းထား၏။ ထိုစနစ် အားဖြင့် လူသားဝါဒကို တည်ဆောက်နိုင် ပါသည်။ သို့ဖြစ်ရာ လူသားဝါဒကို တည်ဆောက်သူ မည်သူမဆို အလ္လာဟ်ကို ယုံကြည်သူသာ ဖြစ်ပေသည်။ ဤသည်ကို (مَنْ ءَامَنَ بِاللّٰهِ) “မည်သူမဆို အလ္လာဟ်ကို ယုံကြည်လျှင်” ဟု ရည်ညွှန်းခြင်း ဖြစ်၏။ ဒုတိယ တချက်မှာ ယင်းစနစ်အားဖြင့် လုပ်ရပ်တိုင်းမှ ရလဒ် အပြည့်အဝ ပုံပေါ်ရန် ပြဋ္ဌာန်းထားခြင်း ဖြစ်သည်။ ဤသည်ကို (وَالْيَوْمِ الْآخِرِ) “နောက်ဆုံးနေ့ကို ယုံကြည်လျှင်” ဟု ညွှန်းဆို ထားသည်။ သို့ဖြစ်ရာ မည်သူမဆို ဤနှစ်ချက်ကို ယုံကြည်သည်ဖြစ်မူ သူသည် အပြုဆောင်သော လုပ်ရပ်များကိုသာ ကျင့်သုံး ဖော်ဆောင်မည် ဖြစ်သည်။ ဤသို့ဖြင့် ထိုသူ၏ ပစ္စုပ္ပန်ဘဝနှင့် အနာဂတ်ဘဝ တို့သည် စိုးရိမ်ခြင်းနှင့် ပူဆွေးခြင်းတို့ ကင်းရှင်းပေမည်။# (صَابِئِيْنَ) ‘ဆွော်ဗိအီးန်’ နှင့် ပတ်သက်၍ အဆိုအမျိုးမျိုး တွေ့ရသည်။ အချို့က နူးဟ် ရစူလ် (A.S) ၏ နောက်လိုက်များဟု ဆိုကြသည်။ အချို့က ခရစ်ယာန် ဂိုဏ်းကွဲတစ်ခုဟု ဆိုကြသည်။ အချို့က ကြယ်တာရာများကို ကိုးကွယ်သူများဟု ဆိုကြသည်။ အချို့က ဟိန္ဒူများဟု ဆိုကြသည်။ ကုရ်အာန်က အမည်နာမကိုသာ ဖော်ပြထားရာ ကျွန်ုပ်တို့ အနေဖြင့် ဤမျှ သိထားလျှင်ပင် လုံလောက်ပါသည်။# (ဆက်စပ်အာယဟ်များ [5:18] [2:111] [2:137])"
125,"(رَفَعْنَا فَوْقَكُمُ الطُّورَ) “သင်တို့ အပေါ် တောင်ကို မြှောက်ခဲ့၏” ဟူသည် မုချအနက်ဖြစ်မူ၊ သိနတောင် အားဖြင့် သူတို့အားလုံးကို အကာအကွယ် ဖြစ်စေခြင်း၊ သို့မဟုတ် သိနတောင် အားဖြင့် သူတို့ လူမျိုးစု အသီးသီးတို့ကို ကျော်ကြားစေခြင်း ဟူ၍ ဖြစ်မည်။ ဥပစာအနက်ဖြစ်မူ၊ အလ္လာဟ်နှင့် ပြုခဲ့သော ပဋိညာဉ် အားဖြင့် လူ့ဘဝ၏ မြင့်မားသော အဆင့်အတန်း သို့ တက်လှမ်းစေခြင်း ဟူ၍ ဖြစ်မည်။ ဤ ဘာသာပြန် ကျမ်းတွင် ဥပစာအနက်ကို ဦးစားပေးထားသည်။"
126,"(مَا ءَاتَيْنَاكُمْ) “သင်တို့အား ငါချီးမြှင့်သောအရာ” ဟူသည် မူဆာ ရစူလ် (A.S) ကို ချီးမြှင့်ခဲ့သည့် သောက်ဝ်ရားသ်ကျမ်း၏ အစိတ်အပိုင်းများကို ဆိုလိုသည်။"
127,"ကျေးဇူးပြုမှုနှင့် လုံခြုံမှု ပါဝင်သော ထောက်ပံ့ မြှင့်တင်မှု ဟူသည် ပြစ်မှုနှင့် စပ်လျဉ်း၍ ပြန်လည် ပြုပြင်နိုင်ရန် အချိန်ကာလ တစ်ရပ်ကို ပြဋ္ဌာန်းခြင်းနှင့် အရည်အသွေး တိုးတက်စေရန် လိုအပ်သော အထောက်အပံ့များကို စီမံခြင်းအား ရည်ညွှန်းသည်။"
128,"(اَلسَّبْتُ) ‘စဗ်သ်’ ၏ အဓိပ္ပာယ်များမှာ “အနားယူခြင်း” “တည်ငြိမ်စွာ ရှိခြင်း” “ဖြတ်တောက်ခြင်း” “လက်စ သတ်ခြင်း” “ရပ်စဲခြင်း” စသဖြင့် ဖြစ်သည်။ ဤတွင် “အားလပ်ရက်” ကို ရည်ညွှန်းသည်။ ယဟူဒီတို့ အပေါ် အားလပ် ရက်တွင် ငါးမဖမ်းရန် တားမြစ်ထား သော်လည်း သူတို့သည် ထို တားမြစ် ချက်အား ဖောက်ဖျက် ခဲ့ကြ၏။ အားလပ်ရက် သတ်မှတ်ခြင်း၏ သဘောမှာ လူတစ်ဦးချင်းစီ၏ ပုဂ္ဂလိက အကျိုးကို ယာယီ ရပ်ဆိုင်း၍၊ အများနှင့်ဆိုင်သော ကောင်းကျိုးများသို့ ရှေးရှုနိုင်ရန် ဖြစ်ပေသည်။#[7:163-167] [4:154] [16:124] [5:60] [4:47] [62:9]"
129,"(كُوْنُوْا قِرَدَةً) ‘ကူးနူ ကိရဒဟ်’ “မျောက်များ ဖြစ်ကြ” ဟူသည် လူစင်စစ်မှ မျောက်သတ္တဝါသို့ ထပ်တူ ပြောင်းလဲ သွားခြင်းကို မဆိုလို။ လူစင်စစ်နှင့် မျောက် စိတ်ပေါက်ခြင်းကို ဆို၏။ ဥပမာ- “စိတ်ဂနာမငြိမ်ခြင်း” “ကိုယ်ပိုင် အစွမ်းအစ မဲ့၍ အတုခိုးခြင်း” စသဖြင့် ဖြစ်သည်။ ဤသည် နှိုင်းယှဉ်မှုသာ ဖြစ်သည်ကို သတိပြုသင့်သည်။ ဤသို့ နှိုင်းယှဉ်မှု များကို အခြားအာယဟ်များတွင်လည်း တွေ့ရပေသည်။ ဥပမာ - [7:179] ခြေလေးချောင်း အိမ်မွေးတိရိစ္ဆာန်များ၊ ဥပမာ - ကျွဲ၊ နွား၊ သိုး၊ ဆိတ် စသည်တို့ဖြင့် ခိုင်းနှိုင်း၍၊ [62:5] တွင် မြည်းသတ္တဝါ၊ [5:60] တွင် မျောက်အပြင် ဝက်များ ဖြင့်လည်း ခိုင်းနှိုင်းထား ပေသည်။"
130,"(أَنْ تَذْبَحُوْا بَقَرَةً) “နွားမတစ်ကောင် လှီးကြရန်” ဟူသော ညွှန်ကြားချက်သည် ယဟူဒီတို့က အီဂျစ်နိုင်ငံရှိ ကိပ်တီ လူမျိုးတို့ထံမှ အတုယူခဲ့ကြသော နွားကိုးကွယ်မှု စရိုက်ကို ပပျောက်စေရန် ဖြစ်သည်။#[2:54] [7:152]"
131,"(إِنْ شَاءَ اللّٰهُ) ‘အင်န်ရှာအလ္လာဟ်’ ကို “အလ္လာဟ် အလိုတူလျှင် - အလိုတော်ရှိလျှင် - သဘောတူလျှင်” ဟု ပြန်ဆို လေ့ရှိကြသည်။ ဆိုလိုရင်း အနက်မှာ အလ္လာဟ်သည် အရာတိုင်းကို စံချိန်များဖြင့် တိုင်းတာ ပြဋ္ဌာန်းထားရာ၊ ထိုစံချိန်နှင့် ကိုက်ညီမှသာ ထိုအရာသည် မိမိရောက်ရမည့် အခြေအနေသို့ အပြည့်အဝ သက်ရောက်မည် ဖြစ်၏။ ဥပမာ- ရေခဲရန် စံချိန် သတ်မှတ်ထားရာ ထိုစံချိန်သို့ ရောက်ရှိမှသာ ရေသည် ခဲ၏။ ရေဆူပွက်ရန် အတွက်လည်း စံချိန်ရှိ၏။ ဤစံချိန် များသည် ရေမခဲမီ၊ မဆူမီကတည်းက သတ်မှတ် ပြဋ္ဌာန်းပြီး ဖြစ်၏။ ဤနေရာတွင် (مَشِيَّةٌ) ‘မရှိယဟ်’ “စံချိန်သတ်မှတ် ချက် ဥပဒေသ” ၏ အဆင့်သုံးဆင့်ကို အကျဉ်းချုံး၍ ဖော်ပြလိုသည်။#1. (مَشِيَّةٌ) ‘မရှိယဟ်’ “စံချိန်သတ်မှတ်ချက် ဥပဒေသ” ၏ ပထမအဆင့်-#ဤအဆင့်တွင် အလ္လာဟ်မှလွဲ၍ မည်သည့် အရာမျှ မရှိသေးပေ။ စကြဝဠာများ၊ ကမ္ဘာဂြိုဟ်နှင့် သက်ရှိတို့ စတင် ဖြစ်ထွန်းလာစေရန် စီမံသော အဆင့်ဖြစ်ပေသည်။ ဤစီမံမှုတွင် အရာတိုင်းအတွက် စံချိန်၊ စံနှုန်းများကို တိကျစွာ ပြဋ္ဌာန်းပေး ခဲ့သည်။ (ဥပမာ- ရေခဲမှတ်၊ ရေဆူမှတ် စသည်တို့ အပါအဝင် မီးသည် ပူ၍ လောင်ကျွမ်းရမည်။ လေသည် ပေါ့ပါး၍ လွင့်ပါးရမည်။ ရေသည် အထက်မှ အောက်သို့ စီးဆင်းရမည် စသဖြင့်) ဤပြဋ္ဌာန်းမှု၌ လူသားက အဘယ်ကြောင့် ထိုသို့ ဖြစ်ရသနည်း၊ ဤသို့ ဖြစ်သင့်သည် ဟူ၍ ဝင်ရောက် စွက်ဖက်ခွင့် မရှိချေ။ ဤအဆင့်၌ပင် မည်သူမည်ဝါ သည် မည်သူမည်ဝါ၏ သားသမီး ဖြစ်ရမည်။ မည်သူမည်ဝါသည် ရစူလ်၊ သို့မဟုတ် နဗီဖြစ်ရမည် ဟူ၍လည်း ရွေးချယ် ထားပြီးဖြစ်သည်။ အထူးသဖြင့် လူသား၏ ကြိုးစားအားထုတ်မှု မပါဘဲ ဖြစ်လာသော ချီးမြှင့်မှုများကို ဤအဆင့်၌ ပြဋ္ဌာန်းထားခြင်း ဖြစ်သည်။ ဤအဆင့်ကို မည်သည့်လူသားမျှ သိနိုင်စွမ်း မရှိချေ။ ဝင်ရောက် စွက်ဖက်နိုင်စွမ်းလည်း မရှိချေ။ ဤအဆင့်ကို (عَالَمُ الْأَمْرِ) ‘အာလမုလ်အမ်ရ်’ “စည်းမျဉ်း ဥပဒေ စတင်ရာ လောက” ဟု နားလည် နိုင်သည်။#2. (مَشِيَّةٌ) ‘မရှိယဟ်’ “စံချိန်သတ်မှတ်ချက် ဥပဒေသ” ၏ ဒုတိယအဆင့်-#ဤအဆင့်တွင် သဘာဝလောက တစ်ခုလုံး ကြောင်းကျိုး တိကျစွာ ဆက်စပ် ဖြစ်ပေါ်သည်။ ထိုသို့ဖြင့် ပထမအဆင့် ပြဋ္ဌာန်းချက်များ ပုံပေါ် ဖြစ်ထွန်းလာသည်။ ဤပြဋ္ဌာန်းချက်များ၌ ပြောင်းလဲမှု တစ်စုံတစ်ရာ မဖြစ်ပေါ်နိုင်ပါ။ ဤအဆင့်တွင် သက်ဝင်နေသော ဥပဒေသများကို လူသားက ဆည်းပူးလေ့လာ အသိပွား၍ အသုံးချ နိုင်သည်။ မူလရှိပြီးသား ဥပဒေသများအပေါ် အခြေခံ၍ ဆတိုးတီထွင် ဖန်တီးနိုင်သည်။ ပြဋ္ဌာန်းပြီးဖြစ်သော ဥပဒေသများအား ပြောင်းလဲနိုင်စွမ်း မရှိ ဆိုသည်ကိုမူ အထူး သတိပြုအပ်သည်။ #3. (مَشِيَّةٌ) ‘မရှိယဟ်’ “စံချိန်သတ်မှတ်ချက် ဥပဒေသ” ၏ တတိယအဆင့်-#ဤအဆင့်သည် လူနှင့်သာ သက်ဆိုင်သည်။ ထို့ကြောင့် လူသားလောကဟု ဆိုရမည်။ ရုပ်ပိုင်းဆိုင်ရာ အတွက် နာခံမှုသည် သဘာဝလောက ဥပဒေသများသာ ဖြစ်သည်။ ၎င်းသည် ဒုတိယအဆင့်၌ အပါအဝင် ဖြစ်သည်။ လူဖြစ်မှု အရည်အသွေးအတွက်မူ သဘာဝ၏ ပြင်ပမှ ဖြစ်သော လူ့ဘဝ လမ်းညွှန်တစ်ရပ် လိုအပ်သည်။ ၎င်းကို နဗီ-ရစူလ်များမှတဆင့် ဝဟ်ယ်အဖြစ် ပို့ချပေးခဲ့၏။ လက်ရှိကာလတွင် ကုရ်အာန်အဖြစ် ကျွန်ုပ်တို့ထံတွင် ရှိနေ၏။ ထို စံချိန်များနှင့်အညီ ပြုကျင့် နေထိုင်သော သူကို မုအ်မင်န်၊ သို့မဟုတ် မုစ်လင်မ်ဟု မည်တွင်စေသည်။ ကုရ်အာန်သည် ပြောင်းလဲမှု အလုံးစုံတို့မှ ကင်းရှင်းသည်။ လူသည် ထိုလမ်းညွှန်မှုအား လွတ်လပ်စွာ ရွေးချယ်ရန် အခွင့်အရေးပေး အပ်ခံထား ရသည်။ သို့ရာတွင် လူတိုင်းသည် မိမိ၏ ရွေးချယ်ခွင့်အရ ကျင့်သုံးမှု အပေါ်မှ ကျိုးပြစ် ခံစံကြရမည်။ ဖြစ်ပေါ်လာသော အကျိုးဆက်ကိုမူ ရွေးချယ်ခွင့် မရှိတော့ကြောင်း အထူး သတိပြုအပ် ပေသည်။"
132,"(نَفْسًا) ‘နဖှ်စ်’ ကို လူတစ်ယောက်ဟု ဘာသာပြန်ကြရာမှ မလိုအပ်သော အကြောင်းအရာ တစ်ရပ်ကို အကျယ်ချဲ့၍ ဒဏ္ဍာရီဆန်ဆန် ဖော်ပြရန် အကြောင်းဖန်လာ တော့၏။ စင်စစ် ဤအာယဟ်လာ (نَفْسًا) ‘နဖှ်စ်’သည် နွားမ ကိုးကွယ်ဖို့ရန် တိုက်တွန်းသော ဉာဉ်စရိုက်ကို ရည်ညွှန်းခြင်းမျှ ဖြစ်၏။ ၎င်းကို ဖိနှိပ်ရာတွင် အချင်းချင်း သဘောထား ကွဲလွဲ ကြသည်မှာ ဖြစ်ရိုးဖြစ်စဉ် တစ်ခုသာ ဖြစ်၏။"
133,"“အလ္လာဟ်သည် သင်တို့ ထိမ်ချန်ကြသည်ကို ဖော်ထုတ်ခဲ့လေပြီ” ဟူသည် သူတို့ ဆောင်ရွက်ရန် ဆန္ဒမရှိဘဲ နွားမ လှီးဖြတ်ခဲ့ကြရသည့် အဖြစ်အပျက်ကို ဆိုလိုပါသည်။"
134,"(اِضْرِبُوْهُ بِبَعْضِهَا) ဟူသော အာယဟ်၏ ဤအစိတ်အပိုင်းကို “သင်တို့ သူသေကို နွားမ၏ အစိတ်အပိုင်းဖြင့် ရိုက်ခတ်ကြ” ဟု ပြန်ဆိုကြသည်။ ((ضَرَبَ) နှင့်စပ်လျဉ်း၍ [2:60] အောက်ခြေ (၁၂၁) ကို တွဲဖက်လေ့လာပါရန်) စင်စစ် ရိုးရာ အစဉ်အလာ ဖြစ်ခဲ့သော နွားမ, ကိုးကွယ်မှုနှင့် စပ်လျဉ်း၍ တော်လှန် ပြောင်းလဲရာတွင် သဘောထား ကွဲလွဲ ခဲ့ကြသည့် ကိစ္စနှင့် စပ်လျဉ်း၍ နည်းလမ်း ရှာခိုင်းခြင်းသာ ဖြစ်၏။ #လူသည် သက်ရှိအားလုံးတွင် အမြင့်မြတ်ဆုံး သက်ရှိဖြစ်ပေရာ၊ နွားကိုးကွယ်မှုက လူ့ကိုယ်ရည်သွေး ဖြစ်ထွန်းမှုအား ရှင်သန်မှု မဲ့စေပါသည်။ အရှင်သည် ရှင်သန်မှု မဲ့ရာများကို ရှင်သန် လာစေရန် ကျစ်လျစ် ခိုင်မာသည့် ဥပဒေသကို ပြဋ္ဌာန်းထား ပေသည်။ ယင်းဥပဒေသသည်ကား ဉာဏ်ကို စေစား အသုံးချ သူ များအတွက်သာ အသုံးဝင်၏။#[ဆက်စပ်အာယဟ်များ [22:31] [2:179] [13:11]]"
135,"(فَرِيْقٌ مِّنْهُمْ) “သူတို့အနက်မှ အုပ်စုတစ်စု” ဟူသည် စိတ်နှလုံး ခက်ထန် မာကျောသွားသူတို့ကို ရည်ညွှန်းသည်။ သူတို့သည် မုဟမ္မဒ် ရစူလ် (ﷺ) ဦးဆောင်သော မုအ်မင်န် အုပ်စုထံ လာရောက်ကြ၍ ကျမ်းမြတ် ကုရ်အာန်ကို ကြားနာကြ၏။ ဤကြားနာမှု အပေါ် အကြောင်းပြု၍ မုအ်မင်န်အုပ်စုက သူတို့ ယုံကြည် လာကြမည်ဟု လိုလား တောင့်တနေ ကြ၏။"
136,"(كَلَامُ اللّٰهِ) ‘ကလာမွတ်လ္လာဟ်’ “အလ္လာဟ်၏ စကား” တွင် ရစူလ် အသီးသီးတို့ ရရှိခဲ့ကြသည့် ကျမ်းဂန် အားလုံး ပါဝင်သော်လည်း ဤအာယဟ်၌မူ ကျမ်းမြတ် ကုရ်အာန်ကို အဓိက ရည်ညွှန်းပါသည်။ ရှေးကျမ်းရ အုပ်စုများရှိ ဘာသာရေး ခေါင်းဆောင် အချို့သည် အလ္လာ့ဟ်ကျမ်းလာ စည်းမျဉ်းအချို့ကို ပြောင်းလဲ ပစ်ခဲ့ကြသည်။ ယခုလည်း မုဟမ္မဒ် ရစူလ် (ﷺ) က ပို့ချလာသော ကုရ်အာန်ကျမ်းလာ စည်းမျဉ်းများကို မိမိတို့ကျမ်းလာ ပြောင်းလဲပြီးသား အချက်များနှင့် ရောနှော၍ ဖွင့်ဆိုလျက် ရှိကြ၏။"
137,"(بِمَا فَتَحَ اللّٰهُ) “အလ္လာဟ်က ဖွင့်ဆို ပြသထားသည်များ” ဟူသည် သောက်ဝ်ရားသ်ကျမ်းလာ အကြောင်းအရာ များကို ဆိုလိုသည်။ ရစူလ်၏ နှုတ်မှ ကြားနာရသော အကြောင်းအရာ အချို့သည် သောက်ဝ်ရားသ်ကျမ်း၌ လည်းပါရှိနေရာ သူတို့က အချင်းချင်း တွေ့ဆုံကြစဉ် ဤသို့ မေးခွန်းထုတ်ကြ၏။ “သင်တို့သည် မုစ်လင်မ်များကို မိမိတို့ကျမ်းလာ အကြောင်းခြင်းရာများကို ဖွင့်ဟ ပြောပြ လိုက်ကြပြီလား” ဟူ၏။"
138,"“သင်တို့အား ပျိုးထောင်မှုစနစ် အားဖြင့် ဖွံ့ဖြိုးစေသော အရှင့်ပြဋ္ဌာန်းချက်နှင့် စပ်လျဉ်း၍ အချေအတင် ဆွေး နွေးလာနိုင်သည်” ဟူသည် သူတို့ကျမ်းလာ ပြောင်းလဲထားသည့် အကြောင်းအရာများကို မုစ်လင်မ်တို့က ကုရ်အာန်ဖြင့် အထောက်အထားပြ၍ ဆွေးနွေးလာကြမည့်အရေးကို ရည်ညွှန်းခြင်း ဖြစ်၏။"
139,"(أُمِّيُّوْنَ) ‘အွမ္မိယူးန်’ သည် (أُمِّيٌّ) ‘အွန်မ္မီ’၏ ဗဟုဝုစ်ဖြစ်သည်။ ၎င်းကို “စာမတတ်သူ” ဟုသာ အနက်ကောက် လေ့ရှိကြ၏။ မှန်ပေသည် “စာမတတ်သူ” ဟူသော အနက်လည်း ပါဝင်ပါသည်။ သို့ရာတွင် ထူးထူးခြားခြား ဤ အာယဟ်၌ (أُمِّيُّوْنَ) ကို (لَا يَعْلَمُوْنَ الْكِتَابَ) နှင့်တွဲဖက် သုံးနှုန်း၍ “ကျမ်းဂန်ကို တတ်ကျွမ်းမှု မရှိခြင်း” “ဥပဒေကို နားမလည်ခြင်း” စသည်တို့အား ရည်ညွှန်းကြောင်း ဖွင့်ဆိုပြသည်။ ထို့ကြောင့် (أُمِّيٌّ) ‘အွန်မ္မီ’ ဟုဆိုတိုင်း စာမတတ်သူဟုသာ အနက်ကောက်ခြင်းမှာ ဆီလျော်မှု မရှိပါ။ အထူးသဖြင် မုဟမ္မဒ် ရစူလ် (ﷺ) နှင့်ပတ်သက်လျှင် သတိပြုအပ်သည်။ ရစူလ်သည် ကျမ်းမြတ်ကုရ်အာန် မရရှိမီက (أُمِّيٌّ) ‘အွန်မ္မီ’ ဖြစ်သည်ဟု ကုရ်အာန်က ဆိုရာတွင် ကျမ်းတတ် ပါရဂူ မဟုတ်ကြောင်းကိုသာ ရည်ညွှန်းခြင်း ဖြစ်၍၊ စာပေမတတ်သူဟု မဆိုလိုပေ။ (သက်ဆိုင်ရာ အာယဟ်တွင် အကျယ်ဖော်ပြပါမည်)"
140,"ကြားဖူးနားဝ တစ်ဆင့်စကားနှင့် ထင်မြင်ယူဆချက် တို့သည် ကျမ်းဂန်၏ အသိပညာရှေ့၌ အသုံး မဝင်ကြောင်း အာယဟ်တွင် ပြဆိုသည်။"
141,"“မိမိတို့ လက်များဖြင့် ရေးသားသော ကျမ်းဂန်ကို တန်ဖိုး အနည်းငယ်ဖြင့် ရောင်းစားခြင်း” ဟူသည် မိမိတို့၏ ထင်မြင်ချက်များ၊ ကြားဖူးနားဝ ဒဏ္ဍာရီများ အားဖြင့် လူတို့၏ ဘဝများကို တန်ဖိုး ကျဆင်း သွားစေရန် ဖန်တီးခြင်း ကို ရည်ညွှန်းခြင်း ဖြစ်သည်။"
142,"(بِأَيْدِيْهِمْ) “မိမိတို့၏ လက်များဖြင့်” ဟူသည် မိမိတို့၏ အစွမ်းအစပေါ် မူတည်၍ ရေးသားခြင်းကို ဆိုလိုသည်။ ၎င်း၌ ကြားဖူးနားဝ တစ်ဆင့်စကားများ၊ ဒဏ္ဍာရီ ပုံပြင်များ၊ ထင်မြင် ယူဆချက်များ၊ ရလဒ် မဖြစ်ထွန်းနိုင်သော ဥပဒေများ စသဖြင့် အကျုံးဝင်သည်။"
143,"“ဤသည် အလ္လာ့ဟ်ပြဋ္ဌာန်းချက်မှ ဖြစ်သည်” ဟူသော ပြောဆိုပုံမှာ ယနေ့ခေတ် မုစ်လင်မ် လောကတွင် ရိဝါယဟ် - ဆင့်ပြန်ချက်ကျမ်း များကို (وحى خفى) ‘ဝဟီ ခဖှီ’ဟု ဝါဒဖြန့်ပုံနှင့် တထေရာတည်း တူပါသည်။ ရှေးကျမ်းရ အုပ်စုများတွင်လည်း ဤသို့ပင် အယူရှိကြ၍၊ ယင်းအယူကိုပင် မုစ်လင်မ်အများစုက လက်ဝေခံ ယူထားကြခြင်း ဖြစ်၏။"
144,"“ရက်အနည်းငယ်သာ အပူမီးသက်ရောက်မည်” ဟူသည် ကွယ်လွန်ပြီးနောက် ပြန်လည် ရှင်ထသောအခါ ကြုံရမည့် အပူဒုက္ခကို ဆိုလိုသည်။ [2:24] ကုရ်အာန်က ယင်းဒုက္ခနှင့် စပ်လျဉ်း၍ “ကာလမဲ့” ဟု ဆိုသောကြောင့် ရက်အနည်းငယ်သာ ခံရမည်ဟု ပြောဆိုခြင်းမှာ ထင်မြင် ယူဆချက် သက်သက် သာလျှင် ဖြစ်၏။ ဤ အယူအဆ မျိုးကို ရစူလ်အား ဆန့်ကျင်သူတို့က လက်ခံထားသကဲ့သို့ ယနေ့ခေတ် မုစ်လင်မ်တို့ကလည်း ဤသို့ပင် လက်ခံထား ကြသည်မှာ ဝမ်းနည်းဖွယ် ကောင်းလှ၏။"
145,"(لَا تُخْرِجُوْنَ أَنْفُسَكُمْ مِّنْ دِيَارِكُمْ) ကို “သင်တို့အချင်းချင်း အိုးအိမ်များမှ နှင်ထုတ်ခြင်း မပြုကြရန်” ဟု ပြန်ဆိုကြ၏။ စင်စစ် အာယဟ်၏ ရည်ညွှန်းမှုမှာ သွေးထွက်သံယိုမှု ပြုခြင်းဖြင့် မိမိတို့ ကိုယ်ကို တည်ငြိမ် လုံခြုံသော အခြေအနေများမှ နှင်ထုတ်သည့် အလား ဖြစ်သွားမည်ဟု ဆိုလိုပါသည်။"
146,"(رُوْحُ الْقُدُسِ) ‘ရူဟုလ် ကုဒုစ်’ကို အများအားဖြင့် ‘သန့်ရှင်းသော ဝိညာဉ်တော်’ ‘ကောင်းကင်တမန်’ စသဖြင့် အနက်ကောက်ကြ၏။ (رُوْحٌ) ‘ရူးဟ်’ကိုလည်း ‘အသက်-ဝိညာဉ်’ ဟု လွဲမှားစွာ ပြန်ဆိုကြ၏။ စင်စစ် (رُوْحٌ) ‘ရူးဟ်’သည် “ဆင်ခြင်မှုကို ပေါက်ဖွားစေသော စွမ်းရည်” နှင့် “ဆင်ခြင်ဉာဏ် အခြေခံသော ဝဟ်ယ်” ကို ဆိုလိုသည်။ ၎င်း၌ ရှုထောင့်နှစ်ခုရှိ၏။ ရှုထောင့်တစ်ခုမှာ လူ၌ မွေးရာပါ ပါရှိလာသော ဆင်ခြင်ဉာဏ် ဖြစ်၍၊ အခြားတစ်ခုမှာ လူ့ဆင်ခြင်ဉာဏ်၏ ပြင်ပမှ ဖြစ်သော ဝဟ်ယ်-လူ့ဘဝ လမ်းညွှန် ဖြစ်၏။ ၎င်း၏ တည်ရှိပုံမှာ ဒင်္ဂါးတပြား၏ ခေါင်းနှင့် ပန်းပမာ ဖြစ်သည်။ ထို့ကြောင့် လူသည် မွေးရာပါ ဆင်ခြင်ဉာဏ်တစ်ခုတည်းဖြင့် ဘဝကို တည်ဆောက်ရန် မလုံလောက်ချေ။ ပြင်ပမှ သက်ရောက် လာမည့် ဝဟ်ယ်-လူ့ဘဝ လမ်းညွှန်ဖြစ်သော ဆင်ခြင်ဉာဏ်ကိုပါ တွဲဖက် နာယူမှသာ ဘဝ တည်ဆောက်ရန် လုံလောက်ပေမည်။ ဤအာယဟ်တွင် သုံးနှုန်းထားသော (رُوْحُ الْقُدُسِ) ‘ရူဟုလ် ကုဒုစ်’ ဟူသည် “ထူးကဲသော ဉာဏ်စဉ် (ဝါ) ဝဟ်ယ်” ဟူ၍ ဖြစ်သည်။#[ရူးဟ်နှင့် ပတ်သက်၍ [32:9] [17:85] တို့ကိုပါ တွဲဖက် လေ့လာသင့်သည်]"
147,"[2:61] အောက်ခြေ (၁၂၃) တွင် ဖော်ပြခဲ့သည့် အတိုင်း (تَقْتُلُوْنَ النَّبِيِّيْنَ) နဗီများကို သတ်ဖြတ်ခြင်း ဟူသည် စင်စစ် နဗီများ ယူဆောင်လာသော လမ်းညွှန်ချက်၊ သို့မဟုတ် နဗီများ၏ လုပ်ငန်း (ဝါ) အိစ်လာမ်ကို ပုံဖော်သော အစီအစဉ် ကို ရှင်သန်မှုမဲ့စေရန် ပြုလုပ်ခြင်း ဖြစ်ပေသည်။#[ဆက်စပ်အာယဟ်များ [10:15] [11:113] [17:74] [68:9]]"
148,"(قُلُوْبُنَا غُلْفٌ) “စိတ်နှလုံးများ ဖုံးအုပ်လျက် ရှိနေပြီ” ဟူသည် [2:74] ၌ ဆိုထားသော “စိတ်နှလုံး ခက်ထန် မာကျောခြင်း” ကို ရည်ညွှန်းခြင်း ဖြစ်သည်။ ဤသို့သော စိတ်နှလုံးများ၌ အမှန်တရား သက်ရောက်ရန် ဖြစ်နိုင်ချေ မရှိတော့ပြီ။# (ဆက်စပ်အာယဟ်များ [5:13] [9:25] [41:5] [41:44])"
149,"(مُصَدِّقٌ) ‘မုဆွဒ္ဒစ်က်’နှင့်စပ်လျဉ်း၍ [2:41] အောက်ခြေ (၉၃) ၌ ဖော်ခဲ့ပြီး ဖြစ်သည်။ အထူး သတိပြုအပ်သော အချက်မှာ ကုရ်အာန်သည် မူရင်းပျက်နေသော မည်သည့် ကျမ်းဂန်ကိုမျှ ထောက်ခံမည် မဟုတ်ပါ။"
150,"ဗနူအိစ်ရာအီလ် (အိစ်ရာအီလ်၏ သားမြေး) တို့သည် မိမိတို့ ကျမ်းတွင် ဖော်ပြထားသည့် ရစူလ်တစ်ပါး ပွင့်မည့်အကြောင်းနှင့် ကျမ်းသစ် ချမှတ်မည့် အကြောင်း တို့ကို ဂုဏ်ယူ ပြောဆိုလေ့ ရှိကြ၏။ သူတို့ မျှော်လင့် နေသော ရစူလ် နှင့် ကျမ်းသစ် ရောက်လာသည့်အခါ သူတို့ထံ ရှိနှင့်ပြီးသား ကျမ်းစာကို ငြင်းဆန်သော သူတို့ အပေါ် အောင်နိုင်မည် ဟုလည်း ယုံကြည်ကြ၏။ အမှန်တကယ် မုဟမ္မဒ် ရစူလ် (ﷺ) ပွင့်ပေါ်၍ ကုရ်အာန် ရောက်ရှိ လာချိန်၌မူ သူတို့ ကိုယ်တိုင်ပင် ထိုရစူလ်နှင့် ထိုကျမ်းတို့ကို ငြင်းပယ်ကြကြောင်း အာယဟ်၌ ပြဆိုသည်။"
151,"(رَفَعْنَا فَوْقَكُمُ الطُّورَ) “သိနတောင်ကို ပင့်မြှောက်ခြင်း” နှင့်စပ်လျဉ်း၍ [2:63] အောက်ခြေ (၁၂၅) တွင် ရှုပါ။"
152,"(الَّذِيْنَ أَشْرَكُوْا) ‘မုရှ်ရစ်က်’ ဟူသော ဝေါဟာရ၌-# (၁) အလ္လာ့ဟ်စည်းမျဉ်း ဥပဒေများ၌ အခြားသော စည်းမျဉ်း ဥပဒေတို့ကို ထွေးရော ယှက်တင်ပြု၍ လက်ခံ နာယူသူ၊ # (၂) တစ်သင်းတစ်ဖွဲ့ ဖွဲ့စည်းထားသော အုပ်စုအတွင်း စိတ်ဝမ်းကွဲမှုကို ဖန်တီးသူ စသဖြင့် ပါဝင်သည်။"
153,"(جِبْرِيْلُ) ‘ဂျိဗ်ရီးလ်’သည် ဟီးဗရူး ဘာသာစကားဖြစ်၍ အရဗီမှုပြုထားသည့် အသံထွက် ဖြစ်သည်။ ဓမ္မဟောင်း ကျမ်း၌ ဂေါဗြေလ ဟုသုံးနှုန်း သည်။ ၎င်းကို မုစ်လင်မ်လောကတွင် ဖှရစ်ရှ်သဟ်၊ ကောင်းကင်တမန်၊ ဟု ဖွင့်ဆိုကြပြီး နတ်ဒေဝါအသွင် ပုံဖော်ကြသည်။ အလ်မနားရ်ကျမ်း၏ ဖော်ပြချက်အရ (جِبْرِيْلُ) ‘ဂျိဗ်ရီးလ်’ သည် (جِبْرٌ) ‘ဂျိဗ်ရ်’ “အစွမ်းသတ္တိ” “ချုပ်ကိုင်မှုစွမ်းရည်” နှင့် (اِيْلُ) ‘အီလ်’ “အလ္လာဟ်” တို့ ပေါင်းဖွဲ့ထားသော စကားလုံး ဖြစ်သည်။ သို့ဖြစ်၍ (جِبْرِيْلُ) ‘ဂျိဗ်ရီးလ်’၏ လုံးကောက် အဓိပ္ပာယ်မှာ “အလ္လာဟ်၏ အစွမ်းသတ္တိ-ချုပ်ကိုင်မှုစွမ်းရည်” ဟူ၍ ဖြစ်သည်။ ဆရာဦးဌေးလွင်ဦးက မိမိဘာသာပြန် ကုရ်အံ၌ ပရမတ်ဉာဏ်စဉ်ဟု ပြန်ဆို ထားသည်။ (၂:၉၇ - အောက်ခြေ ၈၉) တွင် ကြည့်ပါ] ကျွန်ုပ်၏ သုံးသပ်ချက်အရ ဤအာယဟ်တွင် သုံးနှုန်းထားသော (جِبْرِيْلُ) ‘ဂျိဗ်ရီးလ်’ သည် နဗီ၊ ရစူလ်များထံသို့ အလ္လာ့ဟ် ဥပဒေကျမ်းကို ချမှတ်ပေးသောစနစ်ကို ရည်ညွှန်းခြင်း ဖြစ်၏။ ဝဟ်ယ်၏ ပကတိတည်ရှိမှု၊ ဝဟ်ယ် သက်ရောက်မှု စသည်တို့ကို လူသာမာန်များ ခံစားနား လည်နိုင်စွမ်း မရှိသောကြောင့် ဝဟ်ယ်သယ်ဆောင်ရာ စနစ် ကိုလည်း ကျွန်ုပ်တို့ ခံစားနားလည်နိုင်မည် မဟုတ်ပေ။ #[(جِبْرِيْلُ) ‘ဂျိဗ်ရီးလ်’ ဟူသော အမည်ကို [2:97-98] နှင့် [66:4] တို့တွင် စုစုပေါင်း ၃ ကြိမ်တိတိ သုံးနှုန်းထားသည်]"
154,"(مِيْكَالُ) ‘မီကားလ်’ ဟူသော အသုံးအနှုန်းကို ကုရ်အာန်တွင် ဤနေရာ၌ တစ်ကြိမ်သာ သုံးနှုန်းထားသည်။ ၎င်းသည် ဟီးဗရူး ဘာသာစကားဖြစ်၍ အရဗီမှ မွေးစားသော စကားလုံး ဖြစ်သည်။ ၎င်း၏ ဆိုလိုရင်းအနက်ကို “လောက အပေါင်းအား စောင့်ရှောက်သော မင်းကြီး” ဟုဖော်ပြလေ့ ရှိသည်။ အလင်းပြကျမ်း တွင် “ကမ္ဘာ့စားနပ်ရိက္ခာ ကိစ္စအရပ်ရပ်ကို ဆောင်ရွက်သူ” ဟု ဖော်ပြထားသည်။ (၂:၉၈ အောက်ခြေ ၁၈၇ တွင် ရှု) ဆရာဦးဌေးလွင်ဦးက မိမိဘာသာ ပြန်ကုရ်အံ၌ “လောကပါလဓမ္မ” ဟု အနက် ဖွင့်ထားသည်။ (၂:၉၇ - အောက်ခြေ ၉၀ တွင်ရှု) ကျွန်ုပ်က ကောင်းသော အကျိုးဆက် ဖြစ်ပေါ်စေရန် ဟန်ချက်မျှမှုကို ထိန်းညှိပေးသော စနစ်ဟု ယူဆပါသည်။#မုစ်လင်မ်လောကတွင် (جِبْرِيْلُ) ‘ဂျိဗ်ရီးလ်’နှင့် (مِيْكَالُ) ‘မီကားလ်’ အပြင် (إِسْرَافِيْلُ) ‘အိစ်ရာဖှီးလ်’ “ကမ္ဘာပျက် ချိန်၌ တံပိုးခရာမှုတ်မည့် ကောင်းကင်တမန်” နှင့် (عِزْرَائِيْلُ) ‘အိဇ်ရာအီးလ်’ “အသက်နှုတ်သည့် ကောင်းကင်တမန်” တို့ကိုပါ ဖန်တီးထားကြသည်။ ဝမ်းနည်းစရာ ကောင်းသည်မှာ အိစ်ရာဖှီးလ်နှင့် အိဇ်ရာအီးလ်တို့ကို ကုရ်အာန်က မဖော်ပြရုံမက ထိုအယူအဆမျိုးကိုလည်း သွန်သင်ထားခြင်း လုံးဝ မရှိချေ။ ယင်းသည် ပုံတိုပတ်စ ဒဏ္ဍာရီမျှ ဖြစ်ပေသည်။"
155,"(عَدُوٌّ) ‘အဒုဝ်’ဟူသော စကားလုံး၏ ရင်းမြစ်အဓိပ္ပာယ်မှာ “ဝေးကွာခြင်း” “ရင်းနှီးကျွမ်းဝင်မှု မရှိခြင်း” “ဆန့်ကျင်ဖီလာဖြစ်ခြင်း” “အတိုင်းအတာထက် လွန်ကျူးခြင်း” စသည်တို့ ဖြစ်သည်။ “ရန်သူ” ဟူသော ဆင့်ပွားအနက်လည်း ဖြစ်ပေါ်သည်။ ၎င်းကို အလ္လာ့ဟ် ဘက်သို့ညွှန်းလျှင် “အလ္လာဟ် ပြဋ္ဌာန်းအပ်သော ကောင်းကျိုးများမှ ကင်းဝေခြင်း” “အလ္လာဟ် ပြဋ္ဌာန်းအပ်သော စည်းမျဉ်း ဥပဒေများကို ဆန့်ကျင်ခြင်း” “အလ္လာ့ဟ် စည်းမျဉ်း ဥပဒေများနှင့် ဝေးကွာခြင်း” စသဖြင့် ဖြစ်သည်။ “အလ္လာ့ဟ်ရန်သူ” ဟူသော အနက်ကောက်မှုမှာ ဆီလျော်မှု မရှိချေ။"
156,"ဤနေရာတွင် (مَلَكَيْنِ) ‘မလကိုင်းန်’ ကို “နတ်သားနှစ်ပါး” ဟု ပြန်ဆိုခြင်းမှာ အိစ်ရာအီလ်၏ သားမြေးတို့၏ အယူကောက်လွဲမှုကို ဖော်ပြရန် ဖြစ်သည်။ အမှန်စင်စစ် ကုရ်အာန်၏ သွန်သင်မှုတွင် နတ်သားရှိသည် ဟူသော အယူအဆ လုံးဝမရှိချေ။ ကုရ်အာန်ပြင်ပမှ အယူတစ်ခုကို ဖော်ပြရန် ကုရ်အာန် ကလက်ရှိ အရဗ်တို့၏ အသုံးအနှုန်းဖြင့်သာ ဖော်ပြ ရန် ရည်ရွယ်သည်။ စင်စစ်ကုရ်အာန်မှ ယုံကြည်ချက် တစ်ရပ်အဖြစ် ပြဋ္ဌာန်းအပ်သော (مَلَائِكَةٌ) ‘မလာအိကဟ်’ သည် “နတ်သားများ” မဟုတ်ကြောင်း အထူးပင် သတိပြုအပ်ပေသည်။ (مَلَائِكَةٌ) ‘မလာအိကဟ်’ နှင့်စပ်လျဉ်း၍ [2:30] အောက်ခြေ (၇၇) တွင် လေ့လာနိုင်ပါသည်။"
157,"(مَا أُنْزِلَ) ‘မာ အွန် (န်) ဇိလ’ တွင် သုံးနှုန်းထားသည့် (مَا) ‘မာ’ သည် (نَافِيَةٌ) ‘နာဖှိယဟ်’ “အငြင်းပုဒ်” ဖြစ်သည်။ #“ဘေဘီလုံမြို့ရှိ ဟာရူးသ်နှင့် မာရူးသ် နတ်သား နှစ်ပါးထံမှ စုန်းပယောဂ အတတ်ပညာများ သင်ယူခြင်း” ဟူသည် အိစ်ရာအီလ်၏ သားမြေးတို့က ဖန်တီးထားသော လုပ်ဇာတ် တစ်ပုဒ်သာ ဖြစ်ကြောင်း ကုရ်အာန်က မီးမောင်း ထိုးပြခြင်း ဖြစ်၏။ ဤသည်ကို ချေပရန် “ဘေဘီလုံမြို့ရှိ ဟာရူးသ်နှင့် မာရူးသ်အမည်ရှိသော နတ်သားနှစ်ပါးထံ စုန်းအတတ်ကို ချမှတ်ခဲ့သည် မဟုတ်” ဟူ၍ ဆိုခြင်း ဖြစ်သည်။"
158,"စုလိုင်မာန် ရစူလ် (A.S) အား အဖျက်သမားများက စုန်းပယောဂ အတတ်ပညာဖြင့် တိုင်းပြည်အုပ်ချုပ် မင်းလုပ် နေသည်ဟု စွပ်စွဲကြ၏။ စင်စစ် စုန်းအတတ်သည် သူတို့လေ့လာ လိုက်စားသော ကိစ္စမျှသာ ဖြစ်ပေသည်။ စုန်း ပယောဂသည် (كُفْرٌ) ‘ကုဖှ်ရ်’ “တည်ငြိမ် လုံခြုံမှုကို ဆန့်ကျင်သော” အတတ်ပညာသာ ဖြစ်ပေသည်။ ယင်းသည် အလ္လာဟ် ပြဋ္ဌာန်းအပ်သော အစ္စလာ့မ် လူနေမှုဘဝ အတွက် အဆိပ်အတောက်သာ ဖြစ်၏။ ထို့ကြောင့် အလ္လာ့ဟ် ဝဟ်ယ်-လမ်းညွှန်မှု အပေါ် ရပ်တည် နေသော စုလိုင်မာန်ကဲ့သို့ ရစူလ် တစ်ပါးနှင့် လားလားမျှ မအပ်စပ်ပေ။ ဤအချက်ကို အာယဟ်က ချေပလိုခြင်းဖြစ်သည်။ ထို့ပြင် အလ္လာ့ဟ် ဥပဒေနှင့် ညီညွတ်မှု မရှိသော စုန်းအတတ်ဖြင့် လူတို့အား နစ်နာ စေရန် ပြုလုပ်နိုင်မည် မဟုတ်ကြောင်း၊ ပြုလုပ်နိုင်ခဲ့သည် ရှိသော် ဤသည် စုန်းအတတ်ကြောင့် မဟုတ်ဘဲ၊ စိတ်ကို လှည့်စားမှုသာ ဖြစ်၍ စုန်းအတတ် ဆိုသည်မှာ လူတို့ နားလည်မှု လွဲ၍ အမည် သတ်မှတ်ခြင်းမျှ ဖြစ်ကြောင်း သတိပြု ဆင်ခြင်အပ် ပေသည်။"
159,"မုဟမ္မဒ် ရစူလ် (ﷺ) ကို ဆန့်ကျင်သော သူအချို့သည် (رَاعِنَا) ‘ရာအိနာ’ “ကျွန်ုပ်တို့ကို ထောက်ထားပါ” ဟူ သောပုဒ်ကို အနည်းငယ် ဆွဲငင်၍ (رَاعِيْنَا) ‘ရာအီးနာ’ “ကျွန်ုပ်တို့၏ တိရစ္ဆာန်များကို ထိန်းကျောင်းသူ” ဟူ၍ သိက္ခာချ လိုသည့်သဘောဖြင့် သုံးနှုန်းကြ၏။ ထို့ကြောင့် မုအ်မင်န်တို့ကို ဤစကားလုံးအစား (اُنْظُرْنَا) ‘အွန် (န်) ဇွတ်ရ်နာ’ “ကျွန်ုပ်တို့ကို ရှုပါ” ဟူ၍ ပြောဆိုကြရန် ညွှန်ကြားခြင်း ဖြစ်သည်။ သို့ဖြစ်ရာ ကျွန်ုပ်တို့အနေဖြင့် မည်သည့်အခါ၌မဆို အဓိပ္ပာယ် နှစ်မျိုးထွက်သော စကားဖြင့် မည်သူ့ကိုမျှ မစော်ကားသင့်ကြောင်း သတိပြု ဆင်ခြင်အပ်၏။ # (ဆက်စပ်အာယဟ် [4:46])"
160,"ဤတွင် သုံးနှုန်းထားသော (خَيْرٌ) ‘ခိုင်းရ်’ “ကောင်းကျိုး” ဟူသည် ကုရ်အာန်ကို ရည်ညွှန်းခြင်း ဖြစ်သည်။# (ဆက်စပ်အာယဟ် [3:72] [16:30])"
161,"(نَنْسَخْ) ‘နန် (န်) စခ်’ “ငါ ရပ်စဲသည်” ဟူသော အသုံးအနှုန်းပေါ် အခြေခံ၍ (نَاسِخٌ) ‘နာစိခ်’ “ရပ်စဲသော” နှင့် (مَنْسُوْخٌ) ‘မန် (န်) စူးခ်’ “ရပ်စဲခံရသော” ဟူသည့် အယူအဆ တစ်ခုကို ဖန်တီးကြ၏။ ထိုသို့ဖြင့် ရှေးပညာရှင်တို့က ကုရ်အာန်မှ အာယဟ် (၅၀၀) မျှလောက်ကို ရပ်စဲ-ပလပ်လိုက်ကြောင်း ဖော်ပြကြသည်။ ဤအရေအတွက်အား နောင်ပညာရှင်တို့က လျှော့ရင်း နောက်ဆုံး အရှ်ရှိုက်ခ် ရှာဝလီယွတ်လ္လာဟ်က ပလပ်ခံရသော အာယဟ်မှာ (၅) အာယဟ်သာ ဖြစ်သည်ဟု ဆိုခဲ့၏။ သို့ရာတွင် ဤအယူအဆ မှန်ကန်ကြောင်း ကုရ်အာန်၏ မည်သည့် အာယဟ်ကမျှ ထောက်ခံထား ခြင်းမရှိချေ။ သို့ဖြစ်ရာ ကုရ်အာန်တစ်ကျမ်းလုံးတွင် ပလပ်ခံရသည့် အာယဟ်ဟူ၍ တစ်ပုဒ်မျှ မရှိကြောင်း သိထားဖို့ လို၏။#ဤအာယဟ်၌ ဆိုထားသော “ရပ်စဲခြင်း” ဟူသည် ကုရ်အာန်ထက်အလျင် ပို့ချခံရသော ကျမ်းဂန်များ အနက်မှ ယာယီဖြစ်သော စည်းမျဉ်း အချို့ကို ရပ်စဲခြင်းသာ ဖြစ်၏။ ထိုရပ်စဲခြင်းအတွက် ပိုမိုကောင်းမွန်သော စည်းမျဉ်းတို့ဖြင့် အစားထိုးပေး ခဲ့ကြောင်း၊ ၎င်းသည် ကုရ်အာန်အားဖြင့် ရာသက်ပန် အတည် ဖြစ်မည်ဟု ဆိုထားခြင်းမျှဖြစ် ပေသည်။"
162,"(نُنْسِهَا) ‘နွန် (န်) စိဟာ’ “ငါ ၎င်းကို မေ့ပျောက်စေသည်” ဟူသော အသုံးအနှုန်းမှာ သဘာဝအရ လူတို့ လျစ်လျူ ရှုခံရသော အရာများသည် လူ့ဘောင်မှ ပျောက်ကွယ် နေတတ်ကြောင်း၊ ဤသဘာဝသည် အလ္လာဟ်၏ ပြဋ္ဌာန်းချက် ဖြစ်၍ လူတို့၏ လုပ်ဆောင်ချက်အရ ရလဒ်အဖြစ် ပုံပေါ်ကြောင်းကို ရည်ညွှန်းခြင်းမျှ ဖြစ်သည်။ အလ္လာဟ် ကိုယ်တော်တိုင်က တိုက်ရိုက် မေ့ပျောက်စေခြင်း မဟုတ်ကြောင်း နားလည်ဖို့ လိုသည်။#ရှေးကျမ်းရ ပုဂ္ဂိုလ်အချို့၏ ပယောဂ ကြောင့် အလ္လာ့ဟ် စည်းမျဉ်းအချို့ မေ့ဖျောက်ခံရ ပြီးနောက်တွင် ယင်းစည်းမျဉ်းနှင့် ထပ်တူဖြစ်သော စည်းမျဉ်းကိုပင် ကုရ်အာန်၌ ပြန်လည်ပို့ချ အတည် ဖြစ်စေကြောင်း အာယဟ်က ပြဆိုသည်။# (ဆက်စပ်အာယဟ်များ [22:52] [16:101] [5:48] [6:115] [15:9])"
163,"ဂျူးနှင့် ခရစ်ယာန်တို့ ပြောဆိုကြသော ဤစကားကိုပင် ကျွန်ုပ်တို့ မုစ်လင်မ်များက အတုယူ၍ “မုစ်လင်မ်များမှ အပ မည်သူမျှ ဂျန္နဟ်သို့ လုံးဝ ဝင်ရောက်နိုင်မည် မဟုတ်” ဟူ၍ အစဉ်အဆက် ပြောဆိုလာကြသည်။ ဂျန္နဟ်သည် ဘာသာတရား အပေါ် အခြေခံ မထားချေ။ လူတစ်ဦးချင်းစီ၏ ခံယူချက်၊ အကျင့်စရိုက်နှင့် လုပ်ဆောင်မှုသည်သာ အဓိကကျသည်။# (ကြည့်။ [2:62]၊ အောက်ခြေ (၁၂၄) #[ဆက်စပ်အာယဟ်များ [2:112] [2:135]]"
164,"(مَسَاجِدُ) ‘မစာဂျိဒ်’သည် (مَسْجِدٌ) ‘မတ်စ်ဂျိဒ်’ ၏ ဗဟုဝုစ် ဖြစ်သည်။ ဇာစ်မြစ် အက္ခရာစုမှာ (س ج د) ဖြစ်သည်။ ၎င်း၏ အဓိပ္ပာယ်များတွင် “ဦးချခြင်း” “အပြည့်အဝ လိုက်နာခြင်း” နှင့် “နာခံခြင်း” တို့ ပါဝင်သည်။ [2:43] အောက်ခြေ (၉၆) တွင် ဖော်ြပခဲ့သည့် အတိုင်း၊ ယင်းနာခံခြင်းတွင် ရွေးချယ်မှု မရှိချေ။ ပမာပြရသော် သရက်ပင်သည် သရက်သီးသာ သီး၍ ပန်းသီး မသီးနိုင်ချေ။ သို့ရာတွင် ဤနာခံမှုသည် လူသားနှင့် သက်ဆိုင်သည်ရှိသော် ရွေးချယ်ခွင့် မရှိသော်ငြား ပြုပြင်ခွင့်မှာမူ အနည်းနှင့် အများဆိုသလို ရှိနိုင်သည်။ ကျန်းမာခြင်းငှာ လမ်းလျှောက်ခြင်း၊ အစားအသောက်ကို ရွေး၍ စားသောက်ခြင်း၊ ထိုသို့ဖြင့် မိမိကျန်းမာမှုနှင့် ဆိုင်သော ပြဋ္ဌာန်းချက်ကို ပြုပြင်၍ နာခံခြင်း ဖြစ်လာသည်။ ထိုသို့မဟုတ်မူ စောစီးစွာ ကျန်းမာရေး ချို့တဲ့ လာမည်ဖြစ်၏။ လောကတွင် လူသား၏ နာခံရာ စည်းမျဉ်း၌ ရှုထောင့်နှစ်ရပ် ရှိပေသည်။ တစ်ရပ်မှာ အခြားသက်ရှိများ နည်းတူ သဘာဝ စည်းမျဉ်းတို့ကို နာခံခြင်းဖြစ်၍ အခြား တစ်ခုမှာ မည်သည့် သက်ရှိ၌မျှ မရှိသော လူဖြစ်မှုဘဝ ဖွံ့ဖြိုးစေရန် တည်ဆောက်ခြင်း ဖြစ်သည်။ ယင်းတည်ဆောက်မှု၏ အခြေခံမှာ ဆင်ခြင်တုံတရားပင် ဖြစ်၏။ ဆင်ခြင်တုံတရားတွင်လည်း ရှုထောင့်နှစ်ခု ရှိပါ၏။ တစ်ခုမှာ မွေးရာပါ ချီးမြှင့်ခံရသော လူ့အသိဉာဏ်မှ ပေါက်ဖွား၍ အခြား တစ်ခုမှာ လူ့အသိဉာဏ် ပြင်ပမှ ဖြစ်သော ဝဟ်ယ်-လမ်းညွှန်မှု ဖြစ်ပေသည်။ ၎င်းကို အလ္လာဟ်က ရွေးချယ်ခံ ပုဂ္ဂိုလ် (နဗီ၊ ရစူလ်) များမှ တစ်ဆင့် ချမှတ်ခဲ့၏။ မွေးရာပါ အသိဉာဏ် သည် လူ၏ ရုပ်ပိုင်းဆိုင်ရာ ဖြတ်သန်းမှုအတွက် လုံလောက် သော်လည်း လူဖြစ်မှုဘဝ (တစ်နည်း) လူ့ကိုယ်ရည်ကိုယ်သွေး ထွန်းတောက်၍ လူပီသမှု အတွက်မူ လုံလောက်ခြင်း မရှိချေ။ ထို့အတွက် ရည်ရွယ်၍ အလ္လာ့ဟ် ဝဟ်ယ်-လူ့ဘဝ လမ်းညွှန်ကို လိုက်နာရ၏။ ယင်းလမ်းညွှန်မှ ပြဋ္ဌာန်းအပ်သော စည်းမျဉ်းများ အရ လူသား၏ ဆောင်ရွက်ချက်တိုင်းမှ တိကျသေချာသော ရလဒ်များ ပုံပေါ်ပေသည်။ သို့ဖြစ်၍ လူဖြစ်မှုဘဝနှင့် စပ်လျဉ်း သော အလ္လာ့ဟ် စည်းမျဉ်းများအား နာခံခြင်းအတွက်လည်း ကုရ်အာန်က (سَجَدَ) ‘စဂျဒ’ကို သုံးနှုန်း၏။ ဤအာယဟ်တွင် သုံးနှုန်းထားသော (مَسَاجِدُ) ‘မစာဂျိဒ်’ သည် ယင်းစည်းမျဉ်းများကို နာခံဖို့ရန် တည်ဆောက်အပ်သော ဗိမာန်ကို ရည်ညွှန်း၏။ ထို့ကြောင့် အလ္လာဟ်နှင့် တွဲဖက်၍ (مَسَــــــــــاجِـــــــــــدُ اللهِ) ‘မစာဂျိဒွတ်လ္လာဟ်’ “အလ္လာ့ဟ်ဗိမာန်များ” ဟု သုံးနှုန်းခြင်း ဖြစ်ပေသည်။"
165,"ဤအာယဟ်တွင် ထူးထူးခြားခြား (مَسَاجِدُ) ‘မစာဂျိဒ်’၏ ဆိုလိုရင်းအနှစ်သာရကို ဖော်ြပထားသည်။ အလ္လာဟ်၏ မစာဂျိဒ် (ဝါ) အလ္လာဟ်၏ ဗိမာန်များသည် အလ္လာ့ဟ် လမ်းညွှန် အဆုံးအမများကို အသိအမှတ်ပြု ထုတ်ဖော်ရာဌာန ဖြစ်ပေသည်။ ထိုလမ်းညွှန်များ၌ အခြားမည်သူ၏ လမ်းညွှန်မှုမှ မပါဝင်စေရ။ ပါဝင် စွက်ဖက်လျှင် ယင်းဌာနများကို မစာဂျိဒွတ်လ္လာဟ်ဟု မခေါ်ဆိုအပ်။ ထို့ကြောင့်ပင် ကုရ်အာန်က မစာဂျိဒ် နှစ်မျိုး ရှိကြောင်း မီးမောင်းထိုးပြထား၏။ တစ်မျိုးမှာ သတ်က်ဝါ အခြေခံသော မစာဂျိဒ်ဖြစ်၍ ၎င်း၌ အလ္လာ့ဟ်တရား တစ်မျိုးတည်းကိုသာ အကောင်အထည်ဖော်ကာ လူ့အကျိုး ပတ်ဝန်းကျင်အကျိုး တို့ကို ဆောင်ရွက်ကြ၏။ အခြားတစ်မျိုးမှာ လူနှင့် လူ့ပတ်ဝန်းကျင်အကျိုးကို ပျက်ပြားစေသော ‘မတ်စ်ဂျိဒွန် (န်) ဿိရားရ်’ပင် ဖြစ်၏။# (ကြည့်။ [9:107-108]) #[ဆက်စပ်အာယဟ်များ [9:17-19] [9:107] [72:18]]"
166,"(لِلّٰهِ الْمَشْرِقُ وَ الْمَغْرِبُ) “နေထွက်ရာ နေဝင်ရာတိုင်းသည် အလ္လာဟ်၏ အချုပ်အခြာအောက်၌ ရှိသည်” ဟူသော ညွှန်းဆိုမှုသည် လွန်စွာ အရေးပါ၏။ ဤညွှန်းဆိုမှုတွင် အလ္လာဟ်သည် နေရာနှင့် အချိန်တို့မှ ကင်းရှင်းကြောင်းကို ဖော်ပြနေသည်။ အချိန်နှင့် နေရာတည်းဟူသော ဘောင်အတွင်း ရှိသူတို့သည် အရပ်ဒေသတိုင်းကို မစိုးမိုးနိုင်ပါ။ အရပ်ဒေသတိုင်းကို စိုးမိုးသူသည် အချိန်နှင့် နေရာဟူသော ကန့်သတ်မှုမှ ကင်းလွတ်ဖို့ လိုသည်။ အချိန်နှင့် နေရာတွင် အိုခြင်း၊ နာခြင်း ဟူသော မတည်မြဲခြင်းတို့ ကိန်းဝပ်၏။ ဤသည်ပင် လူသားက အရပ်ဒေသတိုင်း အပေါ် မစိုးမိုးနိုင်ခြင်း အတွက် အကြောင်းတရား ဖြစ်ပေသည်။"
167,"(وَجْهُ اللهِ) ‘ဝဂျ်ဟွတ်လ္လာဟ်’ ကို တိုက်ရိုက် ပြန်ဆိုလျှင် “အလ္လာ့ဟ်မျက်နှာ” ဟူ၍ဖြစ်သည်။ မျက်နှာဟူသော အသုံးအနှုန်းသည် ဘာသာစကားတိုင်း၌ လွန်စွာ အနက်သဘော ကြွယ်ဝသော ဝေါဟာရ တစ်လုံး ဖြစ်သည်။ သို့ဖြစ်၍ ဝဂျ်ဟွန် (န်) ကို ကြည့်၍ အလ္လာဟ်၌လည်း ကျွန်ုပ်တို့ကဲ့သို့ မျက်နှာရှိသည်ဟု မယူဆအပ်ပေ။ အရဗီ၌ သုံးနှုန်းသော (وَجْهٌ) ‘ဝဂျ်ဟွန် (န်)’ ၏ ရင်းမြစ် အဓိပ္ပာယ်မှာ “ရှေ့မှောက် ရောက်ရှိ၍ အထင်အရှား ပေါ်လွင်ခြင်း” ဖြစ်သည်။ ဆင့်ပွား အဓိပ္ပာယ်များတွင် “ခေါင်းဆောင်” “ဂုဏ်သိက္ခာ” “ဇာတိတည်ရှိမှု” “အဆင့်အတန်း” “ရာထူး” “စွမ်းရည်ပြည့်ဝခြင်း” “အရှိန်အဝါရှိခြင်း” “ခံ့ညားခြင်း” “တစ်စုံတစ်ခု၏စတင်မှု” “စိတ်ပြဋ္ဌာန်းခြင်း” “ရည်မှန်းချက်ပန်းတိုင်” “ဦးတည်ခြင်း” “အာရုံတွင် သိမြင် ခံစားနိုင်သောအရာ” “လမ်းကြောင်း” “ရည်မှန်းချက် ရောက်ရှိရန် ရွေးချယ်ထားသည့်လမ်း” “အရပ်မျက်နှာ” စသည်တို့ ပါဝင်သည်။ ဤအာယဟ်တွင် အလ္လာဟ်၏ ဆိတ်ကွယ်ရာ၌ မည်သည့်အရာမျှ မရှိကြောင်း၊ အရာ တိုင်းသည် အလ္လာဟ်၏ မျက်မှောက်၌သာ ရှိနေကြောင်းကို ပြဆိုသည်။ ထို့ပြင် မည်သည့် အရပ်ဒေသ၌မဆို လူသားက ကျင့်မူသော ကိစ္စတိုင်းသည် အလ္လာ့ဟ် တုံ့ပြန်ရလဒ် ဖြစ်ထွန်းမှုနှင့် အညီ ပုံပေါ်လာမည် ဆိုသည်ကိုလည်း သတိပေးထားခြင်း ဖြစ်ပေသည်။"
168,"(وَلَدًا) ‘ဝလဒ်’ ၏ အဓိပ္ပာယ်မှာ “သား-လူကလေး” ဟူ၍ ဖြစ်သည်။ ရှေးကျမ်းရ ပုဂ္ဂိုလ်တို့သည် အလ္လာဟ်တွင် သားရှိသည်ဟု ယူဆကြသည်။ ဥပမာ-အီစာ ရစူလ် (A.S) ကို ခရစ်ယာန်တို့က အလ္လာ့ဟ်သားဟု အယူရှိကြ၍ ဂျူးတို့က အုဇိုင်ရ် ရစူလ် (A.S) ကို အလ္လာ့ဟ်သားဟု ဆိုကြသည်။ (ကြည့်။ [9:30]) ဤအယူအဆ မှားယွင်းကြောင်း ဤအာယဟ်၌ ချေပခြင်း ဖြစ်ပေသည်။ အလ္လာဟ်သည် Procreation “မွေးဖွားမှု” စနစ်ဖြင့် လုံးဝ ကင်းစင်သည်။ မိမိကိုယ်တိုင်လည်း မွေးဖွား ခံရသူ မဟုတ်ဘဲ၊ အခြား မည်သည်ကိုမျှလည်း မွေးဖွားခြင်း မဟုတ်ပါ။# (ကြည့်။ [112:3]) အရာခပ်သိမ်းတို့ ဖြစ်ထွန်း ပေါ်ပေါက်လာရန် စည်းမျဉ်း ဥပဒေများ ပြဋ္ဌာန်းပေးခြင်းသာ ဖြစ်၏။ [2:21] အောက်ခြေ (၅၁) တွင် ရှု)"
169,"(بَدِيْعٌ) ‘ဘဒီးအ်’၏ ကြိယာနာမ်မှာ (بَدَعَ) ‘ဘဒအ’ ဖြစ်သည်။ အဓိပ္ပာယ်မှာ “ဆန်းသစ်တီထွင်ခြင်း” ဖြစ်သည်။ ဤစကားလုံးကို အလ္လာဟ်ဘက် ညွှန်းလျှင် “ပုံစံတူ မရှိ၊ တီထွင်ဖန်တီး၊ ဖြစ်ထွန်းစေခြင်း” အနက်ကို ပေးသည်။ အိမာမ်ရာဃိဗ်က မိမိ၏ မုဖှ်ရဒါးသ် (ကုရ်အာန်အဘိဓာန်) ၌ ဤသို့ ဖော်ပြထား၏။ #اَلْإِبْدَاعُ: إِنْشَاءُ صَنْعَةٍ بَلَا احْتِذَاءٍ وَاقْتِدَاءٍ...وَإِذَا اسْتُعْمِلَ فِى اللهِ تعالى فَهُوَ إِيْجَادُ الشَّيْءِ بِغَيْرِ آلَةٍ وَلَا مَادَّةٍ وَلَا زَمَانٍ وَلَا مَكَانٍ وَلَيْسَ ذٰلِكَ إِلَّا لِلّٰهِ. (راغب) #“တစ်ဦး တစ်ယောက်ကို မှီငြမ်းမှု၊ လိုက်နာမှု မရှိဘဲ စဦးတီထွင် ခြင်းကို (إِبْدَاعٌ) ဟု သုံးနှုန်းသည်။#... ဤစကားလုံးကို အလ္လာဟ်အတွက် သုံးနှုန်းလျှင် ‘ဝတ္ထုပစ္စည်း မရှိဘဲ၊ ကိရိယာတန်ဆာပလာ မပါဘဲ၊ ကာလဒေသ မလိုဘဲ တီထွင် ဖန်တီးခြင်း’ အနက်ကို ဖြစ်ပေါ်စေသည်။ ဤအနက်အဓိပ္ပာယ်မှာ အလ္လာ့ဟ် အတွက်သာ ဖြစ်ပေသည်။” (ရာဃိဗ်)"
170,"(كُنْ فَيَكُوْنُ) ‘ကွန် (န်) ဖှယကူးန်’ “ဖြစ် (ဟု ဆိုရုံမျှဖြင့်) ဖြစ်ပေါ်လာ၏” ဟူသော အာယဟ်၏ အစိတ်အပိုင်း သည် (بَدِيْعٌ) ‘ဘဒီးအ်’ကို ဖွင့်ဆိုခြင်း ဖြစ်သည်။ ဆိုလိုသည်မှာ ဝတ္ထုပစ္စည်း မရှိဘဲ၊ ကိရိယာ တန်ဆာပလာ မပါဘဲ၊ ကာလဒေသ မလိုဘဲ၊ ပုံစံတူ မရှိ တီထွင် ဖန်တီးခြင်းကို ရည်ညွှန်းသည်။ ဤနေရာတွင် “ဖြစ်” ဟု ပြောဆိုခြင်းကလည်း ပမာပြ တင်စားခြင်းသာ ဖြစ်၍၊ ဖြစ်စေရန် ပြဋ္ဌာန်းခြင်းကို ဆိုလိုသည်။ သတိပြုရမည်မှာ တစ်စုံတစ်ခု၏ ဖြစ်ပေါ်မှုမှာ တစ်ပြိုင်နက် အလုံးစုံ ဝုန်းဒိုင်း ဖြစ်လာသည် မဟုတ်။ အချိန်ကာလ အပိုင်းအခြားနှင့် သတ်မှတ် ထားသည့် အတိုင်း တစ်ဖြေးဖြေး တစ်စစ ပုံပေါ်လာခြင်းသာ ဖြစ်ပေသည်။ (يَكُوْنُ) သည် ဖြစ်ပေါ်မှု အဆုံးမသတ် သေးကြောင်း ကိုပြဆို၏။#171, (يُكَلِّمُنَا اللهُ) “အလ္လာဟ်နှင့် စကားပြောဆိုခြင်း” ဟူသော သဘောတရားကို ရှင်းလင်းစွာ နားလည်ဖို့ လိုသည်။ (كَلَامٌ) ‘ကလာမ်’ ဟူသည် “စကား” ကို ရည်ညွှန်းသည်မှာ မှန်သော်လည်း ယင်းစကားလုံးအား အလ္လာ့ဟ်ဘက် ရည်ညွှန်း သုံးနှုန်းလျှင်မူ ကျွန်ုပ်တို့ ပြောဆိုသကဲ့သို့ နှုတ်လျှာ အရင်းပြု၍ အလ္လာဟ်ကလည်း စကားပြောဆိုသည်ဟု မယူဆအပ်။ [42:11] တွင် “အလ္လာဟ်နှင့်ထပ်တူ တူညီသောအရာမရှိ” ဟု ယတိပြတ် ဆိုထားသောကြောင့် အလ္လာဟ်၏ သိခြင်း၊ မြင်ခြင်း၊ ကြားခြင်း၊ ပြောဆိုခြင်း စသည်တို့ကို ကျွန်ုပ်တို့၏ သိခြင်း၊ မြင်ခြင်း၊ ကြားခြင်း၊ ပြောဆိုခြင်း စသည် တို့နှင့် မနှိုင်းယှဉ်အပ်ပေ။ ကျွန်ုပ်တို့သည် ကုရ်အာန်ကို (كَلَامُ اللهِ) ‘ကလာမွတ်လ္လာဟ်’ “အလ္လာ့ဟ်စကား” ဟု ပြောဆိုခြင်းမှာ “အလ္လာဟ် ပြဋ္ဌာန်းအပ်သော ဥပဒေစည်းမျဉ်း” ဟုရည်ညွှန်း ခြင်းသာ ဖြစ်ပေသည်။ အဘယ်ကြောင့် ဆိုသော် (كَلَامٌ) ‘ကလာမ်’ ၏ အဓိပ္ပာယ်များတွင် “စည်းမျဉ်းဥပဒေ” နှင့် “ပေးအပ်ထားသောတာဝန်” တို့လည်း ပါဝင်သည်။ #နဗီ-ရစူလ် ဖြစ်မှုသည် လူသား၏ စွမ်းဆောင်နိုင်မှု ပြင်ပမှ ဖြစ်ပေသည်။ ထို့ကြောင့် “သင်က နုဗုဝဟ် (နဗီဖြစ်မှု) ကိုရရှိ၍ ကျွန်ုပ်တို့ အဘယ်ကြောင့် မရရှိသနည်း” ဟူသော မေးခွန်းပင် ထွက်စရာ မရှိ။ မည်သည့် လူမျိုး၊ မည်သည့်ဒေသ၊ မည်သူမည်ဝါ သာလျှင် နဗီ-ရစူလ် ဖြစ်မှုနှင့် ထိုက်တန်သည်ဟု ကျွန်ုပ်တို့တွင် ဆုံးဖြတ်ပိုင်ခွင့် မရှိချေ။ အလ္လာဟ်၏ ရွေးချယ်မှုကိုသာလျှင် ကျေနပ်စွာ လက်ခံထိုက်၏။#[ဆက်စပ်အာယဟ်များ [42:51] [18:29] [76:3]]"""
172,"(حَقَّ تِلَاوَتِهٖ) “ပကတိအတိုင်း လေ့လာလိုက်စားခြင်း” ဟူသော ညွှန်ကြားချက်မှာ လွန်စွာ အရေးပါသည်။ ဤညွှန်ကြားချက်၌-# (1) ကုရ်အာန်၏ ညွှန်ကြားချက်များကို ကုရ်အာန်ဖြင့်သာ နားလည်ဖို့ ကြိုးစားရမည်။ ထင်မြင်ချက်ပေါ် အခြေခံသော ဆင့်ပြန်ချက်ကျမ်းများ၏ အကူအညီ မယူအပ်ပေ။# (2) ကုရ်အာန်က သုံးနှုန်းသော ဝေါဟာရများကို အဘိဓာန်မှ ဖော်ပြထားသည့် အဓိပ္ပာယ်များအပြင် ကုရ်အာန် ကိုယ်နှိုက်က ပြန်လည် ရှင်းလင်းပြသည့် သဘောတရားနှင့်ပါ တိုက်ဆိုင် စစ်ကြော၍ နားလည်ရပေမည်။# (3) ကုရ်အာန်ကို လေ့လာရာတွင် မိမိဖြစ်လိုသော ဆန္ဒများကို ဘေးဖယ်ထားဖို့ လိုသည်။ ထို့အတူ မိရိုးဖလာ လက်ဆင့်ကမ်း သယ်ဆောင် လာသော အယူအဆများကို ကုရ်အာန်အတွင်း မသွတ်သွင်းမိဖို့လည်း လိုပေသည်။# (4) အရဗီဘာသာ၊ အထူးသဖြင့် ကုရ်အာန် ကျရောက်စဉ်က ကုရိုက်ရှ်များ သုံးနှုန်းသော ဘာသာစကားများကို လေ့လာဖို့ လိုသည်။ ထိုအတွက် ကုရ်အာန်အဘိဓာန်များ (အထူးသဖြင့် ဂန္ထဝင် အဘိဓာန်များ) ကို လေ့လာဖို့ လိုပေသည်။# (5) အရဗီသဒ္ဒါကို နားလည်ဖို့ လိုသည်။ အရဗီသဒ္ဒါ မတတ်ဘဲ ကုရ်အာန်၏ ဝါကျဖွဲ့ထုံးများနှင့် စကားလုံးဗေဒ အသုံးအနှုန်း များကို နားလည်နိုင်မည် မဟုတ်ပေ။#ဤအချက်များနှင့် ညီညွတ်မှသာ (حَقَّ تِلَاوَتِهٖ) “ပကတိအတိုင်း လေ့လာ လိုက်စားခြင်း” မည်ပေသည်။ ဤနေရာ တွင် (حَقَّ) ကို တာဝန်ရှိသည့် အတိုင်းဟူ၍လည်း အနက်ကောက်နိုင်သည်။"
173,"(إِبْرٰهِيْمُ) ‘အိဗ်ရာဟီမ်’ရစူလ် (A.S) ၏အမည်နာမကို ကုရ်အာန်တွင် (၆၉) ကြိမ် သုံးနှုန်းထားသည်။ အိဗ်ရာဟီမ်၏ အဓိပ္ပာယ်မှာ “လူမျိုးတို့၏ဖခင်” ဟူ၍ဖြစ်သည်။ အိဗ်ရာဟီမ်၌ (إِسْمٰعِيْلُ) ‘အိစ်မာအီလ်’ (A.S) နှင့် (إِسْحٰقُ) ‘အိစ်ဟားက်’ (A.S) ဟူ၍ သားတော်နှစ်ပါး ရှိသည်။ သားအဖ သုံးဦးစလုံးမှာ ရစူလ်များ ဖြစ်ကြသည်။ ကာလအစဉ်အဆက် အရ အိဗ်ရာဟီမ် ရစူလ်သည် နူးဟ် (A.S)၊ ဟူးဒ် (A.S)၊ ဆွာလိဟ် (A.S) အစရှိသည့် ရစူလ်များ နောက်မှ ပွင့်သော ရစူလ်တစ်ပါး ဖြစ်သည်။ သူသည် ကအ်ဗဟ်အား ပြန်လည် ပြုပြင် မွမ်းမံသူ ဖြစ်သည်။ ဤသို့ဖြင့် အိဗ်ရာဟီမ် ရစူလ်၏ အရေးပါမှုကို တွေ့နိုင်သည်။ ကုရ်အာန်တွင် သူ့ဘဝ၏ ရှုထောင့် များစွာကို ဖော်ပြထားသည်။ သမိုင်းကြောင်းအရ အိဗ်ရာဟီမ် ရစူလ်၏ ခေတ်မှာ (B.C 2200) ခန့် ရှိမည်ဟု ယူဆရ၏။ သူ၏ မျိုးတူစုသည် ရုပ်ဝတ္ထုအပေါ် အားထားသူများ ဖြစ်ကြပြီး၊ နေ၊ လ၊ နက္ခတ်တို့အား ကိုးကွယ်ဆည်းကပ်ကြသည်။ ရစူလ်သည် (نُبُوَّةٌ) “နဗီဖြစ်မှု” ချီးမြှင့်ခံရပြီးနောက် အစ္စလာမ်ကို ဖခင်ဖြစ်သူအား ပထမဆုံး တင်ပြဟောပြော ခဲ့သည်။"
174,"(اِبْتَلٰى) ‘အိဗ်သလာ’ကို ဘာသာပြန် ပညာရှင် အများစုက “စမ်းသပ်သည်” ဟုသာ ပြန်ဆိုကြသည်။ ဤစကား လုံးတွင် ထိုအဓိပ္ပာယ် ပါဝင်သော်ငြားလည်း အလ္လာ့ဟ်ဘက် ရည်ညွှန်း သုံးနှုန်းသောအခါ ယင်းအဓိပ္ပာယ်နှင့် ဆီလျော်မှု မရှိချေ။ အခြားအဓိပ္ပာယ် တစ်ခုဖြစ်သော “အရည်အသွေး ဖော်ထုတ်ခြင်း” နှင့်သာ အပ်စပ်ပေသည်။ ထို့ကြောင့် ကျွန်ုပ် သည် ယင်းအဓိပ္ပာယ်ကိုသာ ကောက်ယူထားပါသည်။# (ကြည့်။ [2:49] အောက်ခြေ (၁၀၄) #[ဆက်စပ်အာယဟ်များ [37:83-97] [60:4]]"
175,"(اَلْبَيْتُ) ‘ဗိုက်သ်’ “အိမ်တော်” ဟူသော ရည်ညွှန်း မှုတွင် လူသားဝါဒ အခြေခံ၍ တည်ဆောက်အပ်သော အဆောက်အအုံနှင့် လူသားဝါဒ အခြေခံလူမှု အဆောက်အအုံ ဆိုသော အနက်သဘော နှစ်မျိုးလုံး ကိန်းဝပ်သည်။ ဤသဘောတရားကို (مَثَابَةً لِّلنَّاسِ) ဟူသော အာယဟ်၏ အစိတ်အပိုင်းကလည်း ထောက်ခံထားသည်။ ဆိုလိုသည်မှာ “လူသားတစ်ရပ်လုံး၏ စုရပ်” ဟူသတည်း။ ဤအိမ်တော်ကို မက္ကဟ်၌ အိဗ်ရာဟီးမ် ရစူလ် မတိုင်မီကတည်းက တည်ဆောက် ထားပြီး၊ အိဗ်ရာဟီမ် ရစူလ် လက်ထက်၌ ပြန်လည် မွမ်းမံခြင်း ဖြစ်ပေသည်။ ၎င်းကို (كَعْبَةٌ) ‘ကအ်ဗဟ်’ ဟု ခေါ်တွင်သည်။ ဤနေရာတွင် (كَعْبَةٌ) ‘ကအ်ဗဟ်’ ကို “လူ့ဂုဏ်သိက္ခာ မြင့်မြတ်မှုအတွက် ရှေးရှုရသောနေရာ” ဟူ၍လည်း အနက်ကောက်နိုင်သည်။ ကျွန်ုပ်သည် ထိုအနက်သဘောကို ပို၍ နှစ်ခြိုက်သည်။"
176,"ဤနေရာတွင် အထူးသတိပြုဖို့လိုသော အချက်မှာ လူသားတစ်ရပ်လုံး၏ စုရပ်ဖြစ်သော အိမ်တော်မှာ လူသား တစ်ရပ်လုံးအဖို့ လုံခြုံဘေးကင်းရာအတွက်လည်း ဖြစ်ပေသည်။ ဤရှုထောင့်အရ ဟဂျ်ကျင့်စဉ် ဟူသည် လူသားတစ်ရပ်လုံး ဘေးကင်း လုံခြုံရေးအတွက် ညှိနှိုင်းတိုင်ပင် ဆွေးနွေး အဖြေရှာြခင်းသာ ဖြစ်ပေသည်။"
177,"(بَيْتِيَ) “ငါ၏ အိမ်တော်” ဟု အလ္လာဟ်က မိမိဘက်သို့ ညွှန်း၍ သုံးနှုန်းရခြင်းမှာ တိုင်းပြည်တစ်ပြည်၊ သို့မဟုတ် လူတစ်စု၊ သို့မဟုတ် တစ်ဦးတစ်ယောက်၏ ပိုင်ဆိုင်မှုတွင် မရှိကြောင်းနှင့် ကမ္ဘာသူ ကမ္ဘာသား အားလုံး၏ အရေးကိစ္စများကို အလ္လာ့ဟ်လမ်းညွှန် စည်းမျဉ်း ဥပဒေနှင့်အညီ ကိုင်တွယ် ဖြေရှင်းနိုင်ရန် ရည်ရွယ်သောကြောင့် ဖြစ်သည်။"
178,"(اَلطَّائِفُوْنَ) “လှည့်လည်သူများ” ဟူသည် လူမှုလူ့ဘောင် ဘေးကင်းလုံခြုံရေး အတွက် ကမ္ဘာမှ တာဝန်ပေးအပ် ခံကြရသော စောင့်ကြပ်ရေးသမားများ ဖြစ်ကြပေသည်။ သူတို့သည် ကမ္ဘာ့အရေးအရာများကို လှည့်လည် စောင့်ကြပ် သူများ ဖြစ်ကြ၏။"
179,"(اَلْعَاكِفُوْنَ) “ဖယ်ခွာမှု မပြုသူများ” ဟူသည် လူမှုလူ့ဘောင် ဘေးကင်းလုံခြုံရေး အတွက် ကမ္ဘာမှ ပေးအပ်ထားသော တာဝန်များအား စိုက်လိုက်မတ်တတ် ထမ်းရွက်နေသူများကို ဆိုလိုသည်။ သူတို့သည် ကမ္ဘာ့ အရေးအရာ များကို ထမ်းရွက်ရာတွင် မိမိတို့၏ ကိုယ်ရေးကိုယ်တာ ကိစ္စများအား ဦးစားမပေးသူများ၊ ပေးအပ်ထားသော တာဝန်မှ ဖယ်ခွာမှု မပြုသူများ ဖြစ်ကြသည်။"
180,"(اَلرُّكَّعُ) ‘ရွတ်က္ကအ်’သည် (اَلرَّاكِعُوْنَ) ‘ရာကိအူးန်’နှင့် အနက်တူ ဖြစ်သည်။ ဤစကားလုံးတွင် ရိုကျိုးနာခံခြင်း နှင့်အတူ ရွေးချယ်ခြင်း အနက်သဘောလည်း ကိန်းဝပ်ပေသည်။# ([2:43] အောက်ခြေ (၉၆) တွင် ရှု)"
181,"(اَلسُّجُوْدُ) ‘စုဂျူးဒ်’ နှင့်ပတ်သက်၍ အကြိမ်ကြိမ် ရေးသားခဲ့ပြီး ဖြစ်သည်။#[[2:34] အောက်ခြေ (၈၂)၊ [2:43] အောက်ခြေ (၉၆)၊ [2:114] အောက်ခြေ (၁၆၄) တို့တွင် ရှု]"
182,"(أَنْ طَهِّرَا) “သန့်ပြန့်စွာထားရှိကြရန်” ဟူသည် “အလ္လာ့ဟ် လမ်းညွှန်မှု၌ အခြားခြားသော အယူအဆများ သွတ်သွင်းမှုကို တားဆီးကြရန်” ညွှန်ကြားခြင်း ဖြစ်သည်။ #[ဆက်စပ်အာယဟ်များ [3:96] [5:97] [14:35] [22:25] [2:143]]"
183,"(بَلَدًا) ‘ဘလဒ်’ဟူသည် “မြို့” “ဒေသ” စသည်တို့ကို ခေါ်ဆိုသော ပုဒ်ဖြစ်သည်။ ဤနေရာတွင် ရည်ညွှန်းသော ဒေသကို အစ္စလာ့မ် ပညာရှင်များက “မက္ကဟ်” ဟု အနက်ကောက်ကြသည်။ ကျွန်ုပ်၏ ယူဆချက်အရ (بَلَدًا) ‘ဘလဒ်’ တွင် ဘေးကင်းလုံခြုံသော မြို့တိုင်း အကျုံးဝင်သည်။ ဆိုလိုသည်မှာ လူသားဝါဒ အခြေခံ တည်ဆောက်သော ဒေသတိုင်း၊ မြို့တိုင်း ဘေးကင်း လုံခြုံစေ လိုသော ဆန္ဒကို ဖော်ကျူးပြခြင်း ဖြစ်ပေသည်။ ရစူလ်တို့၏ ဓမ္မဓိဋ္ဌာန်ကျသော ဆန္ဒဟု သုံးသပ်မိပါသည်။"
184,"(فَأُمَتِّعُهٗ قَلِيْلًا) “အနည်းငယ်မျှသောအကျိုး” ဟူသည် ယာယီဖြစ်သော လောကီအကျိုးကို ရည်ညွှန်းခြင်း ဖြစ်သည်။#[ဆက်စပ်အာယဟ်များ [95:3] [22:25] [14:37] [17:18-20]]"
185,"(الْقَوَاعِدَ) ‘ကဝါအိဒ်’၏ အနက်သဘောတွင် “နံရံများ” “အခြေအမြစ်များ” “စည်းမျဉ်းများ” စသည်တို့ ပါဝင်သည်။ ဤနေရာတွင် အိမ်တော်ကို ရုပ်ဝတ္ထုဟု ယူဆလျှင် ‘နံရံများ’ ဟူသော အနက်သဘော ဖြစ်ပေါ်မည်။ လူ့အရည် အသွေးဖွံ့ဖြိုးရာ လူ့မှုလူ့ဘောင်ဟု ယူဆလျှင် ‘စည်းမျဉ်းများ’ ဟူသော အနက်သဘော ဖြစ်ပေါ်မည်။ ကျွန်ုပ်အနေဖြင့် အိမ်တော် ဟူသည် လူ့ဘောင်ကို ရည်ညွှန်းသည်ဟု ယူဆ ပါသည်။ ထို့ကြောင့် စည်းမျဉ်းဟူသည့် သဘောတရားကို ပို၍ နှစ်သက်သည်။ အိမ်တော်ကို တည်ဆောက်ရသည့် အကြောင်းရင်းမှာလည်း သာယာချမ်းမြေ့သော လူ့ဘောင်တစ်ရပ် ပုံပေါ်ရေး အတွက်ပင် မဟုတ်ပါလော။"
186,"(مُسْلِمٌ) ‘မုစ်လင်မ်’ “ငြိမ်းချမ်းရေးဖော်ဆောင်သူ” ဟူသော ပုဒ်၏ ကြိယာနာမ်မှာ (إِسْلَامٌ) ‘အစ္စလာမ်’ ဖြစ်သည်။ ဤစကားလုံးသည် ကုရ်အာန်၏ အခြေအမြစ် ကျသော ဝေါဟာရများ အနက်မှ ဖြစ်ပြီး၊ အနက်သဘော ကြွယ်ဝသော စကားလုံးဖြစ်သည်။ အဓိပ္ပာယ်များတွင် “နာခံခြင်း” “ငြိမ်းချမ်းခြင်း” “အပြစ်အနာအဆာကင်းခြင်း” “လိုအပ်ချက်များ ပြည့်ဝခြင်း” “ဘေးအန္တရာယ်များမှ လုံခြုံခြင်း” “အမြင့်သို့ တက်လှမ်းခြင်း” စသည်တို့ ပါဝင်သည်။ (إِسْلَامٌ) ‘အစ္စလာမ်’ ကို ကျမ်းမြတ်ကုရ်အာန် အပေါ် အခြေခံသော ဒီးန် (စနစ်) အတွက် သုံးနှုန်းသည်။ ယင်းစနစ် နှင့်အညီ ဘဝတည်ဆောက်သော သူကို (مُسْلِمٌ) ‘မုစ်လင်မ်’ ဟု ခေါ်၏။"
187,"(حِكْمَةٌ) ‘ဟစ်က်မဟ်’ “ဆင်ခြင်တုံတရား” ဟူသော ပုဒ်ကို ရိဝါယဟ် - ဆင့်ပြန်ချက်ကျမ်းများဟု အနက်ဖွင့်ကြ သည်။ သိထားဖို့ လိုသည်မှာ ဤအယူအဆအတွက် ကုရ်အာန်၌ အထောက်အထား တစ်စုံတစ်ရာမျှပင် မရှိချေ။ ယင်းသည် ထင်မြင်ချက် သက်သက်သာ ဖြစ်ပေသည်။ ဤဝေါဟာရသည် အနက်အဓိပ္ပာယ် ကြွယ်ဝ၏။ ဤနေရာတွင် ဆင်ခြင်ဉာဏ် အသုံးချမှုကို ပို့ချခြင်း ဟူသည် ကျမ်းမြတ် ကုရ်အာန်အား အကြိမ်ကြိမ် လေ့လာခြင်း၊ အစဉ်တစိုက် လေ့လာြခင်းဖြင့် ဖြစ်ပေါ်လာသော ကုရ်အာ့န် အသိပညာနှင့် ပြည့်စုံသည့် ဆင်ခြင်တုံ တရားအားဖြင့် ကိစ္စရပ်တို့ကို ဆုံးဖြတ် နိုင်သော အရည်အချင်းကို ရည်ညွှန်းခြင်း ဖြစ်ပေသည်။"
188,"ဤအာယဟ်ရှိ (رَسُوْلًا) ‘ရစူလ်’ တစ်ပါးဟူသည့် လျှောက်ထားချက်သည် မုဟမ္မဒ်ရစူလ် (ﷺ) ပွင့်ပေါ်ခြင်းဖြင့် ပြည့်ဝခဲ့သည်။ သူသည် အိစ်မာအီလ် ရစူလ် (A.S) ၏ အနွယ်မှ မွေးဖွားခဲ့ပြီး၊ နောက်ဆုံးပွင့် ရစူလ် ဖြစ်ပေသည်။ # (ဆက်စပ်အာယဟ်များ [6:116] [2:231] [14:37] [17:39] [33:34] [57:25])"
189,"(يَعْقُوبُ) ‘ယအ်ကူဗ်’ ၏ အဓိပ္ပာယ်မှာ “ပရိယာယ် ကြွယ်သူ” ဟူ၍ ဖြစ်သည်။ (يَعْقُوبُ) ‘ယအ်ကူဗ်’ ရစူလ် (A.S) သည် အိဗ်ရာဟီမ် ရစူလ် (A.S) ၏ ဒုတိယသား ဖြစ်သော၊ အိစ်ဟာက် ရစူလ် (A.S) ၏ သားဖြစ်သည်။ ထို့ပြင် သူသည် (يُوْسُفُ) ‘ယူစုဖှ်’ ရစူလ် (A.S) ၏ ဖခင်လည်း ဖြစ်၏။"
190,"ဤအာယဟ်တွင် အလွန် အရေးကြီးသော အချက်တစ်ချက်ကို မီးမောင်း ထိုးပြထားသည်။ ကျွန်ုပ်တို့တွင် ရှေးသူတော်စင် သူတော်ကောင်းများကို အကြောင်းပြု၍ ငရဲမှ လွတ်မြောက်နိုင်မည်ဟု ယုံကြည်သူများ ရှိကြသည်။ ထိုပုဂ္ဂိုလ်ထူး ပုဂ္ဂိုလ်မြတ်တို့က ကြားဝင် အသနားခံပေးခြင်းဖြင့် ဂျန္နဟ် (ဥယျာဉ်) သို့ ဝင်ရောက်ရမည် ဟုလည်း ဆိုကြ၏။ ဤအယူအဆ မှားယွင်းကြောင်း ဤအာယဟ်က အတိအလင်း ညွှန်းဆိုနေကြောင်း သတိပြုရာ၏။ လူတိုင်းသည်ပင် မိမိကျင့်မူ သမျှကိုသာ ကိုယ်တိုင် ခံစား၊ စံစား ရပေမည်။"
191,"ဤအာယဟ်တွင် ယုံကြည်ချက်နှင့် စပ်လျဉ်း၍ အခြေခံကျသော အချက်တချို့ကို တွေ့နိုင်သည်။ #1. ပွင့်လေသမျှ နဗီ-ရစူလ် အားလုံးထံ ကျမ်းဂန် ကျရောက်သည်။ ယင်းကျမ်းဂန်အားလုံးသည် မျက်မှောက် ကာလ၌ ကုရ်အာန် အမည်ဖြင့် ကျွန်ုပ်တို့ထံတွင်ရှိ၏။ ကုရ်အာန်တွင် ရှေးအဆက်ဆက် ကျမ်းအားလုံး၏ အနှစ်သာရများ ပါဝင်နေသည် ဖြစ်ရာ၊ ကုရ်အာန်ကို ယုံကြည်ခြင်းဖြင့် ကျမ်းအားလုံးကို ယုံကြည်ရာ ရောက်ပေသည်။ စင်စစ်ရစူလ်နှင့် နဗီဟူသော ရည်ညွှန်းမှုမှာ ဒင်္ဂါးတစ်ပြား၏ ခေါင်းနှင့် ပန်းပမာ ဖြစ်ပေသည်။ နဗီ ဟူသည် ဝဟ်ယ်-လူ့ဘဝ လမ်းညွှန်ကို ကိုယ်တိုင် ကျင့်သုံးသော ရှုထောင့်အရ ခေါ်ဆိုသည့် ပညတ်ဖြစ်၍ ရစူလ်ဟူသည် ထိုလမ်းညွှန်ကို အခြားသူတို့ထံ လက်ဆင့်ကမ်း ပို့ဆောင်သူကို ခေါ်ဆိုသော ပညတ်ဖြစ်သည်။ #2. နဗီ-ရစူလ် အားလုံးတို့အား တစ်ပြေးညီ ယုံကြည် ရမည့်အပြင် တစ်ပါးနှင့် တစ်ပါးအကြား ခွဲခြားမှု ပြုခွင့်မရှိချေ။ ကျွန်ုပ်တို့တွင် မည်သည့်ရစူလ်က မည်သည့်ရစူလ်ထက် သာလွန် မြင့်မြတ်ကြောင်း၊ အထူးသဖြင့် မုဟမ္မဒ်ရစူလ် (ﷺ) သည် ကျန်ရစူလ် များထက် သာလွန် မြင့်မြတ်ကြောင်း ယူဆသူများ ရှိကြသည်။ ထိုယူဆမှုအတွက် ဤအာယဟ်အား အလေးအနက် လေ့လာ ဆင်ခြင်အပ်၏။ [ကြည့်။ [2:285]]#3. ယုံကြည်ခြင်း ဟူသည် စိတ်နှင့်သာ သက်ဆိုင်သည် မဟုတ်ပေ။ ထိုယုံကြည်ချက် နှင့်အညီ လုပ်ကိုင်ဆောင်ရွက် အကောင်အထည် ဖော်ဖို့လိုသည်။ အစ္စလာ့မ် ယုံကြည်ချက်က တည်ငြိမ်လုံခြုံမှုနှင့် ငြိမ်းချမ်းသာယာမှု တို့ကို တောင်းဆို ပါသည်။ ထို့ကြောင့် အစ္စလာ့မ်စနစ် အပေါ် ယုံကြည် သူတို့သည် လက်တွေ့ အားဖြင့် ငြိမ်းချမ်းမှုကို ဖော်ဆောင်သူများ ဖြစ်ကြရပေမည်။"
192,"(صِبْغَةَ اللهِ) “အလ္လာဟ်၏ဆေးရောင်” ဟူသည် အစ္စလာ့မ် လူ့ဘဝ တည်ဆောက်မှု စနစ်ကို ရည်ညွှန်းခြင်း ဖြစ်သည်။ မည်သူမဆို အလ္လာဟ်၏ ဆေးရောင်ကို မိမိ၌ ခြယ်လိုပါက အလ္လာ့ဟ်ဒီးန် (န်) ဖြစ်သော အစ္စလာ့မ် လူ့ဘဝ တည်ဆောက်မှု နှင့်အညီ ဘဝတစ်သက်သာ လျှောက်လှမ်း ဖြတ်သန်း ရပေမည်။ ထိုသို့ဖြင့် အလ္လာဟ်၏ဂုဏ် (အရည် အသွေး) များကို လူဖြစ်မှု၏ အနားသတ် စည်းဘောင်ထဲမှ နေ၍ မိမိ၌ ကူးယူခြယ်သ ရပေမည်။"
193,"“မူလဦးတည်ရာ” ဟူသည် အရဗ်လူမျိုးတို့ ခုံမင် ကြသော လူမျိုးကြီး ဝါဒကို ဆိုလိုသည်။ သူတို့အနက်မှ မုဟမ္မဒ် ရစူလ် (ﷺ) ၏ ဖိတ်ခေါ်မှုကို လက်ခံ နာယူ၍ မုစ်လင်မ် ဖြစ်သွားကြသော သူတို့သည် လူမျိုးကြီး ဝါဒထက် လူသား ဝါဒအား မျက်မှောက်ပြု ရှေးရှုတည်ဆောက် လာကြသောအခါ မုစ်လင်မ် မဟုတ်သော အခြားအရဗ်တို့၏ စောဒက တက်လာမှုကို အာယဟ်၌-#سَيَقُوْلُ السُّفَهَاءُ مِنَ النَّاسِ مَا وَلّٰىهُمْ عَنْ قِبۡلَتِهِمُ الَّتِيْ کَانُوْا عَلَیْهَا...#“သူတို့ကို မည်သည့်အရာက မူလဦးတည်ရာမှ လှည့်သွားစေသနည်း” - ဟု ဖော်ပြခြင်း ဖြစ်သည်။"
194,"(لِلّٰهِ الْمَشْرِقُ وَ الْمَغْرِبُ) “နေထွက်ရာ နေဝင် ရာတိုင်းသည် အလ္လာဟ်၏ အချုပ်အခြာအောက်၌ ရှိသည်” ဟူ သော အသုံးအနှုန်းနှင့် စပ်လျဉ်း၍ [2:115] အောက်ခြေ (၁၆၆) ၌လည်း ဖော်ြပခဲ့ပြီး ဖြစ်သည်။ ဤအာယဟ်တွင် ဤအချက်ကို အလေးပေး ဖော်ပြရခြင်းမှာ “ကမ္ဘာ၏ မည်သည့်အခြမ်း၌ ဖြစ်စေ၊ အလ္လာဟ် ပြဋ္ဌာန်းထားသည့် ဥပဒေနှင့် ဥပဒေအရ ပုံပေါ် ဖြစ်ထွန်းလာမည့် ရလဒ်များသာလျှင် လွှမ်းမိုး နေမည်ဟု ဆိုလိုပါသည်။ ကမ္ဘာ့အရှေ့ခြမ်း၌ ဖြစ်စေ၊ အနောက်ခြမ်း၌ ဖြစ်စေ ကျင့်သုံးနေကြသည့် ယဉ်ကျေးမှု၊ စည်းမျဉ်း၊ စနစ် စသည်တို့တွင် လူသားဝါဒ အခြေခံရပေမည်။ အခြေခံမှု မရှိသောစနစ်၊ ယဉ်ကျေးမှု၊ စည်းမျဉ်း တို့သည် တစ်စတစ်စ မှေးမှိန်သွားပြီး၊ အလ္လာဟ်ပြဋ္ဌာန်း အပ်သော လူသားဝါဒ အခြေပြု စနစ်ကသာလျှင် လွှမ်းမိုးအောင်နိုင်မည်ဟု အာယဟ်က ရည်ညွှန်းပါသည်။"
195,"(أُمَّةً وَّسَطًا) ‘အွန်မ္မသွန် (န်) ဝဆတ်သ်’ ဟူသည် “အလယ်ဗဟိုပြုအုပ်စု” “လူသားအားလုံးက စံပြုရသော အုပ်စု” “တန်ဖိုးကြီးမားသော အုပ်စု” “အစွန်းမရောက်သော အုပ်စု” “တရားမျှတသော အုပ်စု” “ကျောသား၊ ရင်သား မခွဲခြားသော အုပ်စု” စသဖြင့် အနက်သဘော ကြွယ်ဝသော စကားစု ဖြစ်သည်။ ဤအနက်သဘောများ အပေါ်ထောက်ရှုသော် ရစူလ် နှင့် ရစူလ်၏ နောက်လိုက်တို့၏ ရပ်တည်မှုကို ခန့်မှန်း နိုင်ပေမည်။ စင်စစ် ဤသည် လူသားဝါဒ အပေါ် ရပ်တည်သော သူတို့၏ အရည်အချင်းကောင်းများပင် ဖြစ်ပေသည်။ ဤအချက်ကို ရှေ့လာမည့် အာယဟ်၏ အစိတ်အပိုင်းက ထောက်ခံလျက် ရှိသည်။ ရှုပါလေ။"
196,"(شُهَدَآءَ) ‘ရှုဟဒါးအ်’ သည် ဗဟုဝုစ်ဖြစ်၍ ဧကဝုစ်မှာ (شَهِيْدًا) ‘ရှဟီးဒ်’ ဖြစ်သည်။ ဤစကားလုံးကို ပညာရှင် တို့က “သက်သေခံသူ” ဟု ပြန်ဆိုကြ၏။ ဤအနက်အဓိပ္ပာယ်အပြင် “စောင့်ကြပ်ကြည့်ရှုသူ” “ဖော်ထုတ်သူ” “စံနမူနာရှင်” စသည်တို့လည်း ပါဝင်သည်။ ဤနေရာတွင် ကျွန်ုပ်အနေဖြင့် “စောင့်ကြပ်ကြည့်ရှုသူ” ဟူသော အနက်သဘောကို ရွေးချယ်ထားပေသည်။ သို့မှသာ (أُمَّةً وَّسَطًا) ‘အွန်မ္မသွန် (န်) ဝဆတ်သ်’ “အလယ်ဗဟိုပြုအုပ်စု” ဆိုသော နောက်မှ အတွဲဖြင့် ကိုက်ညီပေမည်။ ဤအုပ်စုသည်ပင် လူသား တစ်ရပ်လုံးအား စောင့်ကြပ် ကြည့်ရှုသူများ ဖြစ်သင့်သည် မဟုတ်လော။ ကျွန်ုပ်တို့သည် လူသား တစ်ရပ် လုံးအပေါ် ခေတ်ကာလ အလိုက် စောင့်ကြပ်ရမည့် အရေးတွင် ရစူလ်သည် ကျွန်ုပ်တို့အဖို့ စံနမူနာရှင်အဖြစ် စောင့်ကြပ်ရန် အလ္လာဟ်က စီမံထားကြောင်း အာယဟ်၌ ဖော်ပြခြင်း ဖြစ်သည်။ အထူးသတိပြုအပ်သည်မှာ ရစူလ်၏ စံနမူနာရှင် ဖြစ်မှုသည် ကုရ်အာန်အပေါ် အပြည့်အဝ အခြေခံ ထားသောကြောင့် ကုရ်အာန် ရှိနေသမျှ ရစူလ်သည် ကျွန်ုပ်တို့၏ စံနမူနာရှင် ဖြစ်၍သာ နေမည်။ ကုရ်အာန်၌ (شَهِيْدًا) ‘ရှဟီးဒ်’ ကို စစ်ပွဲတွင် ကျဆုံး သူများအတွက် သုံးနှုန်းထားခြင်း အလျှင်း မရှိသည်ကိုလည်း သတိပြုအပ်ပေသည်။ သာသနာ့ အာဇာနည်ဟူသော အနက်အဓိပ္ပာယ်သည် ကုရ်အာန်ပြင်ပမှ ဖြစ်ကြောင်း နားလည်ထားဖို့ရန် အထူးပင် လိုအပ်၏။"
197,"(وَ مَا جَعَلْنَا الْقِبْلَةَ الَّتِيْ کُنْتَ عَلَیْهَا) အာယဟ်၏ ဤအစိတ်အပိုင်းကို ကောင်းစွာ နားလည်မှသာ (قِبْلَةٌ) ‘ကိဗ်လဟ်’ “ရှေးရှုရာ” ဆိုသည်ကို နားလည်မည် ဖြစ်သည်။ လူတိုင်းသည်ပင် မွေးဖွား ကြီးပြင်းရာ အသိုင်းအဝိုင်းကို ရှေးရှု ရပ်တည်ကြသည်မှာ ဓမ္မတာပင် ဖြစ်၏။ မိမိ၏ လုပ်ဆောင်မှု၊ အားထုတ်မှု၊ လျှောက်လှမ်းမှု၊ ကျင့်ကြံမှု စသည်တို့ အတွက် မိမိမွေးဖွား ကြီးပြင်းရာ အသိုင်းအဝိုင်းက ‘ကိဗ်လဟ်’ ရှေးရှုရာ ဖြစ်၍နေသည်။ ဤကိဗ်လဟ်တွင် အမျိုးသားရေးဝါဒက အခြေခံအကျဆုံး ဖြစ်သည့်ပြင် အခြေအမြစ် အခိုင်ဆုံးလည်း ဖြစ်၏။ ဤအချက်ကိုပင် အာယဟ်၌-#وَ مَا جَعَلْنَا الْقِبْلَةَ الَّتِيْ کُنْتَ عَلَیْهَا...#“စင်စစ် ငါသည် (လူမျိုးစု) ဗဟိုပြု ရှေးရှုရာကို (မူလက) သင့်အဖို့ သတ်မှတ် ပေးခြင်း”#-ဟု ရည်ညွှန်းခြင်း ဖြစ်သည်။ ဆိုလိုသည်မှာ အထက်ပါ အနေအထား တစ်ရပ်လုံးမှာ လူ့မွေးရာပါ သဘာဝဖြစ်၍ ယင်းသဘာဝ သည်လည်း အလ္လာဟ်၏ ပြဋ္ဌာန်းချက်အနက် အပါအဝင်ဖြစ်၏။ သို့ရာတွင် ယင်းသဘာဝက လူဖြစ်မှု အရည်အသွေး ဖြစ်ထွန်းရာတွင် အဟန့်အတားတစ်ခု ဖြစ်ပေရာ၊ အလ္လာဟ်က ၎င်းကို ပြုပြင်ရန် ဆန္ဒရှိသောကြောင့် မိမိထံမှ အထူးပြုအပ်သော ဝဟ်ယ်ကို လူသား ရစူလ်များမှပင် ပို့ချပေးပြီး ပြုပြင်စေ၏။ ထိုသို့ ဖြစ်ငြား ဝဟ်ယ်ကို ပယ်၍ မူလ သဘာဝအတိုင်းသာ ဆက်လက် အသက်ရှင်သန်ဖို့ ဆန္ဒသည်ကား လူ၌ကိန်းဝပ် နေတတ်သည်။ ဤသို့ ဖြစ်လျှင် လူသည် လူစင်စစ်မှ တိရစ္ဆာန် အရည်အသွေးများ ပြွတ်သိပ်နေသော အခြေသို့ ဆိုက်ရောက် သွားပေမည်။ ကုရ်အာန်က ၎င်းကို (قِرَدَةٌ) “မျောက်များ” (خَنَازِيْرُ) “ဝက်များ” (حِمَارٌ) “မြည်းသတ္တဝါ” (أَنْعَامٌ) “ကျွဲ၊ နွား၊ ဆိတ်၊ သိုး” စသည်တို့ ဖြစ်သွား ကြပြီဟု ရည်ညွှန်းခြင်း ဖြစ်ပေသည်။#လူတစ်ဦး၌ လူဖြစ်မှု အရည်အသွေး စတင်လာသည် နှင့်အမျှ သူသည် ယင်းရှေးရှု ရာကို သုံးသပ်ရန် ခံစားသိမြင်လာ၏။ လူဖြစ်မှု အရည်အသွေး ထွန်းတောက်ရာ၏ အခြေခံသည် ကုရ်အာန်ပင် ဖြစ်ပေရာ၊ ယင်းကုရ်အာန်ကပင် လူသားဝါဒ ဗဟိုပြုရာလည်း ဖြစ်လာသည်။ ရစူလ်၏ မူလ ကိဗ်လဟ်မှာ အရဗ်အမျိုးသား ဖြစ်သည့်အလျောက် အမျိုးသားရေးအပေါ် လျှောက်လှမ်းခဲ့သည်။ သို့ရာတွင် ကျမ်းမြတ် ကုရ်အာန်အပေါ် စတင်ကျင့်သုံးလာသည့် အခါမှစ၍ လူသားဝါဒ ဘက်သို့ရှေးရှု လျှောက်လှမ်း လာမှုကို အာယဟ်၌ ဖော်ညွှန်းထားခြင်း ဖြစ်ပေသည်။"
198,"(فِى السَّمَاءِ) ကို “မိုးကောင်းကင်” ဟူ၍သာ ပြန်ဆိုလေ့ ရှိကြသည်။ စင်စစ် မြင့်မားလွန်းလှသော လူသားဝါဒ ကို ရည်ညွှန်းခြင်း ဖြစ်၏။ ထို့ကြောင့် ကျွန်ုပ်က မြင့်မားရာသို့ ဟု အနက်ကောက်ခြင်း ဖြစ်၏။ မိုးကောင်းကင်သည် အမြင့်တွင် တည်ရှိသည် မဟုတ်လော။"
199,"(اَلْمَسْجِدُ الْحَرَامُ) ‘အလ်မတ်စ်ဂျိဒွတ်လ် ဟရာမ်’ကို ကအ်ဗဟ် ကျောင်းတော် ဟူ၍သာ အနက်ကောက် ကြသည်။ မှန်ပါသည်။ ရစူလ်သက်ရှိထင်ရှား ရှိစဉ်က ကအ်ဗဟ် သည်လည်း လူသားဝါဒ ကျင့်သုံးရာ ဌာနပင် ဖြစ်ခဲ့၏။ သို့ရာတွင် ဤတွင် ပုဂ္ဂလ ဓိဋ္ဌာန်ထက် ဓမ္မဓိဋ္ဌာန်က ပိုပေသည်။ ထို့ကြောင့် မည်သည့် လူသားဝါဒ ကျင့်သုံးရာ ဌာနမဆို ဤတွင် အကျုံးဝင်၏။ (اَلْمَسْجِدُ) ‘မတ်စ်ဂျိဒ်’ နှင့်ပတ်သက်၍ [2:114] အောက်ခြေ (၁၆၄၊ ၁၆၅) ၌လည်း ဖော်ပြခဲ့ပြီး ဖြစ်ရာ တွဲဖက် လေ့လာ သင့်ပေသည်။ (اَلْحَرَامُ) ‘ဟရာမ်’ ဟူသောပုဒ်သည် အနက်သဘော ကြွယ်ဝ၏။ ၎င်း၌ “တားမြစ်ခြင်း” “လေးစားအပ်သောအရာ” “စောင့်စည်းအပ်သောအရာ” စသည်တို့ ပါဝင်သည်။ ဤနေရာတွင် “အလ္လာ့ဟ်လမ်းညွှန်မှ ပြဋ္ဌာန်းသော လူသားဝါဒအား လေးစား လိုက်နာရာအဖြစ် မှတ်ယူထားသည့် ဗဟိုဌာန” အား (اَلْمَسْجِدُ الْحَرَامُ) ‘အလ်မတ်စ်ဂျိဒွတ်လ် ဟရာမ်’ဟု ရည်ညွှန်းခြင်း ဖြစ်သည်။ ၎င်းသည် ခေတ်ကာလ အလိုက် နေရာဒေသ ပြောင်းလဲနိုင်သည်။ စင်စစ် ယင်းပြောင်းလဲမှုသည် လူတို့၏ ကျင့်သုံးမှုအပေါ် မူတည် ပေသည်။ နေရာဒေသ တစ်ခုတွင် လူသားဝါဒ ပျောက်ပျက် သွားလျှင် ထို၌ လူသားဝါဒ အခြေခံရာ ဌာနသည်လည်း ရှိတော့မည် မဟုတ်ပေ။ ထို့ကြောင့် မည်သည့်ဌာနသည် မြင့်မြတ် ပါသည်ဟူသော အယူအဆသည် မှန်ကန်မှု မရှိချေ။ စင်စစ် မည်သည့် ဌာနတွင် လူသားဝါဒ ကျင့်သုံးခြင်းကြောင့် မြင့်မြတ်သည် ဟူ၍သာ ဖြစ်သင့်ပါသည်။"
200,"(وَلِّ وَجْهَكَ) ကို “သင့် မျက်နှာကို လှည့်ပါလေ” ဟု ပြန်ဆိုကြသည်။ (وَجْهٌ) ‘ဝဂျ်ဟွန် (န်)’ နှင့်ပတ်သက်၍ [2:115] အောက်ခြေ (၁၆၇) တွင် ဖော်ပြထားသည် ဖြစ်ရာ တွဲဖက် လေ့လာသင့်၏။ ဤနေရာတွင် “ရည်မှန်းချက်သို့ ရောက်ရှိရန် ဦးတည်ခြင်း” ကို ဆိုလိုသည်။ [2:177] တွင် အရပ်ဒေသ တစ်ရပ်သို့ မျက်နှာလှည့်ခြင်းထက် ရည်မှန်းချက်သို့ ရောက်ရှိရန် လက်တွေ့ကျသော လုပ်ဆောင်ချက်များကို လုပ်ခြင်းကသာ အရာရောက်ကြောင်း ဖော်ပြထား၏။ (သက်ဆိုင်ရာ အာယဟ်တွင် ဆက်လက် ဖော်ပြပါမည်)။"
201,"(هٗ) ‘ဟူး’ ဟူသော နာမ်စားသည် ရစူလ်ကို ညွှန်းသည်လည်း ဖြစ်နိုင်သည်။ သို့မဟုတ် လူသားဝါဒသို့ ရှေးရှုရန် ညွှန်ကြားချက်သို့ ညွှန်းသည်လည်း ဖြစ်နိုင်သည်။ ရှေးကျမ်းများတွင် မုဟမ္မဒ်ရစူလ် (ﷺ) ပွင့်မည့်အကြောင်း ပါဝင်သကဲ့သို့ လူသားဝါဒသို့ ရှေးရှုရန် ညွှန်ကြားချက်လည်း ပါဝင်သည်။"
202,"(خَيْرَاتٌ) ‘ခိုက်ယ်ရားသ်’ ဟူသည် လူနှင့် လူ့ပတ်ဝန်းကျင်၏ ကောင်းကျိုးများကို ရည်ညွှန်းသည်။ ယင်းသည် အပြုသဘော ဆောင်သော ဆောင်ရွက်ချက်များ ဖြစ်ပေသည်။# (ကြည့်။ [2:177])"
203,"အလ္လာဟ်၏ ဥပဒေသက စုပေါင်း စေမည်ဟူသော သဘောမှာ ကမ္ဘာ၏ ဘက်တစ်ဖက်မှ ကောင်းကျိုးပြုသူသည် အခြားဘက်တစ်ဖက်မှ ကောင်းကျိုးပြုသူနှင့် စုပေါင်းလုပ်ကိုင်ရန် ပြဋ္ဌာန်းချက် ရှိနေကြောင်း မီးမောင်းထိုးပြခြင်း ဖြစ်၏။ ဤသဘောကို မြန်မာစကားပုံက ‘သူတော်အချင်းချင်း သတင်းလွေ့လွေ့ ပေါင်းဖက်တွေ့’ဟု ဆို၏။#[ဆက်စပ်အာယဟ်များ [2:177] [57:20] [102:1-2] [83:26]"
204,"‘သင်’ ဟူသော ဧကဝုစ် နာမ်စားသည် ဦးဆောင်သူကို ရည်ညွှန်း၍ ‘သင်တို့’ ဟူသော ဗဟုဝုစ် နာမ်စားသည် နောက်လိုက်တို့ကို ရည်ညွှန်းသည်။ ထိုသို့ဖြင့် အစုအဖွဲ့တစ်ခုလုံး ဟန်ချက်ညီစွာ ဦးတည်ရာ တစ်ရပ်တည်းသို့ ရှေးရှု လျှောက်လှမ်း နိုင်ပေမည်။"
205,"လူသားဝါဒ ဖော်ဆောင်မှုကို မည်သည့်ဘာသာဝင်၊ မည်သည့်လူမျိုးကမျှ ဆန့်ကျင်ကြမည် မဟုတ်။ သို့ရာတွင် ထိုလူမျိုး၊ ထိုဘာသာဝင်များအနက် ကျူးကျော် မိုက်မဲသူတို့ကမူ လူမျိုး၊ ဘာသာ၊ ယဉ်ကျေးမှု စသည်တို့ကို အကြောင်းပြု၍ ဆန့်ကျင်ကြမည် ဖြစ်ကြောင်း ညွှန်းဆိုခြင်း ဖြစ်၏။ မိမိလူမျိုး၊ မိမိဘာသာဝင်၊ မိမိအုပ်စုသာလျှင် ကောင်းစားရ မည်ဟူသော အမြင် ကျဉ်းမြောင်းမှုကို ကုရ်အာန်က မည်သည့်အခါမျှ သွန်သင်မှု မပြုခဲ့ကြောင်း အထူးသတိပြု ဆင်ခြင် အပ်ပေသည်။#[[5:3]နှင့်တွဲဖက်လေ့လာပါရန်]"
206,"အလ္လာဟ်၏ အတူတကွ ရှိမှုဟူသည် အလ္လာဟ် ပြဋ္ဌာန်းအပ်သော ရလဒ်တုံ့ပြန်မှုအား စံစားရမည်ဟု ဆိုလိုသည်။ သို့ဖြစ်ရာ ကြံ့ခိုင်စွာ ရပ်တည်သော သူတို့အဖို့ အလ္လာဟ် ပြဋ္ဌာန်းထားသည့် အောင်မြင်ခြင်း ဟူသည့် ရလဒ်ကို မကြာမီ ရရှိမည် ဖြစ်ကြောင်း နားလည်အပ်ပေသည်။"
207,"(فِيْ سَبِيْلِ اللهِ) ‘ဖှီ စဘီလစ်လ္လာဟ်’ “အလ္လာဟ်၏ လမ်းစဉ်” ဟူသည် “လူဖြစ်မှုဘဝ တိုးတက်လာစေရန် လူသားဝါဒ အခြေခံသည့် လူ့ဘဝလမ်းစဉ်” ကို ဆိုလိုသည်။ ထိုလမ်းစဉ်သည် လူဖြစ်မှု အရည်အသွေးကို ရှင်သန်စေသည့် တစ်ခုတည်းသော လမ်းစဉ်ပင် ဖြစ်၏။"
208,"လူသားဝါဒ အခြေခံသော စနစ်တစ်ရပ်ကို ပုံဖော်ခြင်းသည် လွယ်ကူသောကိစ္စ မဟုတ်ပေ။ စွန့်လွှတ် ပေးဆပ် အနစ်နာခံမှုဖြင့်သာ တည်ဆောက် နိုင်ပေမည်။ ထိုပေးဆပ်မှု၌ အသက်ကိုပင် စွန့်လွှတ်ကောင်း စွန့်လွှတ်ရ၏။ ထိုသို့ အသက်စွန့်ကြသော သူတို့သည် ရုပ်သဘောအားဖြင့် သေဆုံး သွားကြသော်လည်း လူဖြစ်မှု အရည်အသွေးမှာ စဉ်ဆက်မပြတ် ရှင်သန်လျက်ပင် ရှိကြ၏။"
209,"‘သင်တို့ မသိနိုင်ကြပေ’ဟု ဆိုခြင်း၌ အပြည့်အဝ ခံစား နားလည်နိုင်စွမ်း မရှိမှုကို ရည်ညွှန်းခြင်း ဖြစ်၏။ ရှင်သန်ခြင်း အချို့ကိုမူ လူသား၏ အတွေ့အကြုံအရ သိကြပါသည်။ ဥပမာ- လူသားဝါဒအတွက် အသက်ပေးခဲ့ကြသော အာဇာနည် တို့သည် လူသာသေ နာမည်မသေ ကျန်ရစ်ခဲ့ကြောင်း ကျွန်ုပ်တို့ တွေ့ကြုံကြရသည် မဟုတ်လော။ ဤသည်လည်း ရှင်သန်မှု၏ ပြယုဂ်တစ်ခုပင် ဖြစ်၏။ သို့ရာတွင် ကျွန်ုပ်တို့ ကြုံတွေ့ဖူးခြင်း မရှိသည့် ရှင်သန်မှုမျိုးလည်း ရှိနေကြောင်းကို လက်ခံ ကြရမည်သာ ဖြစ်၏။ ကျွန်ုပ်တို့သည် မသေဆုံးမီ သဘာဝ ကိုသာ ခံစားနိုင်၍ သေဆုံးမှု၏ တစ်ဖက်၌ရှိသော မည်သည့် အခြေအနေကိုမျှ နားလည်နိုင်ကြသည် မဟုတ်ပေ။#[[3:169] နှင့် တွဲဖက် လေ့လာပါရန်]။"
210,"(لَنَبْلُوَنَّكُمْ) ကို “မချွတ်ဧကန် ငါသည် သင်တို့အား စမ်းသပ်တော်မူအံ့” ဟူ၍ ပြန်ဆိုကြသည်။ (لَنَبْلُوَنَّكُمْ) ကို စိတ်ဖြာလျှင် (لَ) နှင့် (أَنَّ: نُوْنُ الثَّقِيْلَةِ) သည် လေးနက်မှု (မချွတ်ဧကန်) ကို ဖော်ပြရန် ဖြစ်ပြီး၊ (كُمْ) သည် ကြိယာ၌ တွဲဖက်တည်သော နာမ်စားနောက်ဆက် (သင်တို့ကို) ဖြစ်သည်။ ၎င်းတို့ကို ဖယ်ရှားလိုက်လျှင် (نَبْلُوْ) သည် ပစ္စုပ္ပန်/အနာဂတ်ကာလပြ ကြိယာဖြစ်သည်။ ဇာစ်မြစ် အက္ခရာစုမှာ (ب ل و) ဖြစ်သည်။ ဤစကားလုံး၌ အခြေခံ အားဖြင့် အနက်သဘော သုံးခု ပါဝင်သည်။#1. စမ်းသပ်ခြင်း၊ အခြေအနေမှန်ကို သိရှိရန် ကြိုးစားခြင်း၊#2. အကျပ်အတည်းများ ဆိုက်ရောက်ခြင်း၊#3. တစ်စုံတစ်ခု၌ တိမ်မြုပ်နေသော အရည်အသွေးများ ထင်ရှားလာဖို့ရန် စီမံခြင်း စသဖြင့် ဖြစ်သည်။#အမှတ်စဉ် (၁) နှင့် (၂) တို့သည် လူသားနှင့်သာ သက်ဆိုင်၍ အလ္လာဟ်နှင့်မူ မည်သည့် နည်းနှင့်မျှ အပ်စပ်မှု မရှိနိုင်ပါ။ စမ်းသပ်ခြင်းဟူသော အမှုကို လူသားကသာ လုပ်ဆောင်လေ့ ရှိပါသည်။ အဘယ့်ကြောင့် ဆိုသော် တစ်စုံတစ်ခု၏ ပကတိတည်ရှိမှု အမှန်အား လူသားက စမ်းသပ်ပြီး၊ သိရှိအောင် ဆောင်ရွက်ရ၏။ အလ္လာဟ်၏ သိမှုမှာကား ပြီးပြည့်စုံသည်ဖြစ်ရာ စမ်းသပ်မှုလုပ်စရာ အကြောင်းပင် မရှိချေ။ ဤရှုထောင့်အရပင် အလ္လာဟ်ကို (اَلْعَلِيْمُ) ‘အလ်အလီးမ်’ “အလုံးစုံ သိသောအရှင်” ဟူသော ဝိသေသန (ဂုဏ်) နှင့် ညွှန်းဆိုခြင်းပင် မဟုတ်ပါလော။ ထိုနည်းတူစွာ အကျပ်အတည်းများ ဆိုက်ရောက်ခြင်းသည်လည်း လူနှင့်သာ သက်ဆိုင်၏။ အလ္လာဟ်၌ မည်သည့်အကျပ်အတည်းမျှ ဆိုက်ရောက်ခြင်း မရှိနိုင်ချေ။ ထို့ကြောင့် အာယဟ်တွင် ဤ စကားလုံးကို အလ္လာ့ဟ်ဘက် ညွှန်းဆိုထားသောကြောင့် အမှတ်စဉ် (၃) ၏ အနက်သဘောသာလျှင် အကျုံးဝင် မည်ဖြစ်၏။ လူသား၌ တိမ်မြုပ်နေသော အရည်အသွေးများသည် သူကြုံဆုံရသော ဘေးဒုက္ခနှင့် အကျပ်အတည်းများအား ဖြေရှင်းရင်းဖြင့်သာ ပေါ်ထွက်လာမည် ဖြစ်၍၊ ဤဥပဒေသကို အလ္လာဟ်က တုံ့ပြန်ရလဒ် ဖြစ်ထွန်းမှုအားဖြင့် အတည် ဖြစ်စေကြောင်း ဤတွင် ဖော်ပြထားခြင်း ဖြစ်ပေသည်။#[[2:124] အောက်ခြေ (၁၇၄) နှင့်တွဲ ဖက်လေ့လာပါရန်]။#[ဆက်စပ်အာယဟ် [67:2]]"
211,"(إِنَّا لِلّٰهِ وَ إِنَّآ إِلَيْهِ رَاجِعُوْنَ) ‘အင်န္နာ လစ်လ္လာဟိ ဝအင်န္နာ အိလိုက်ဟိ ရာဂျိအူးန်’ကို တိုက်ရိုက် ပြန်ဆိုလျှင် “ကျွန်ုပ်တို့သည် မလွဲဧကန် အလ္လာ့ဟ် အတွက်သာ ဖြစ်ကြ၍၊ အလ္လာ့ဟ် ဆီသို့သာ မုချ ပြန်လှည့်မည့် သူများ ဖြစ်ကြသည်” ဟူ၍ဖြစ်သည်။ ကျွန်ုပ်အနေဖြင့် အာယဟ်၌ ဆိုလိုရင်းကိုသာ ဦးစားပေး ဖော်ပြလိုက်ပါသည်။ အလ္လာဟ်သည် အချိန်နှင့်နေရာတို့မှ ကင်းရှင်းသော အရှင်ဖြစ်သည်ဆိုသည်ကို အထူးသတိပြုအပ်သည်။ ထို့ကြောင့် အလ္လာ့ဟ်ဆီသို့ ပြန်လှည့်ခြင်းဟူသည် အလ္လာ့ဟ် ပြဋ္ဌာန်းချက်ဆီသို့ ပြန်လှည့် ခြင်းကိုသာ ဆိုလိုသည်။ လူသားဝါဒ အခြေခံ လူ့ဘောင် တည်ဆောက်ရေးသည် လွယ်ကူသော ကိစ္စမဟုတ်ပေ။ အခက်အခဲ၊ အကျပ်အတည်း ပေါင်းများစွာကို ရင်ဆိုင်ကြရပေ မည်။ ကြံ့ခိုင်သော စိတ်ဓာတ်ဖြင့် ဇွဲနပဲ ကြီးမားသော သူတို့ သာလျှင် သက်စွန့် ကြိုးပမ်း ဆောင်ရွက် နိုင်ကြပေသည်။ အာယဟ်၌ ဖော်ပြထားသည့်အတိုင်း သစ္စာအဓိဋ္ဌာန် ပြုထားခြင်းဖြင့် ၎င်းကို ဆောင်ရွက်ကြခြင်း ဖြစ်၏။ #ဤနေရာတွင် အလျဉ်းသင့်၍ ဖော်ပြလိုသည်မှာ မုစ်လင်မ်တစ်ဦး ကွယ်လွန်သည်ဟု သတင်းကြားလျှင် ‘အင်န္နာ လစ်လ္လာဟိ ဝအင်န္နာ အိလိုက်ဟိ ရာဂျိအူးန်’ ဟူ၍ ဖတ်ခြင်းသည် ကုရ်အာန်၏ လမ်းညွှန်ချက် လုံးဝမဟုတ်ပေ။ ဤသည် ယဉ်ကျေးမှု သက်သက်သာ ဖြစ်ပေသည်။ ထို့ကြောင့် ဤအာယဟ်သည် မုစ်လင်မ်တစ်ဦး ကွယ်လွန်သောအခါ ဖတ်ရမည့် အာယဟ်ဟု မထင်မှတ်ရာ။ ဤသည်ကို အထူးသတိပြုသင့်ပေသည်။#[ဆက်စပ်အာယဟ်များ [6:162] [9:59]]"
212,"(صَلَوٰتٌ) ‘ဆွလဝါသ်’သည် (صَلٰوةٌ) ‘ဆွလာဟ်’ ၏ ဗဟုဝုစ်ဖြစ်သည်။ (صَلٰوةٌ) ‘ဆွလာဟ်’ နှင့်ပတ်သက်၍ [2:3] အောက်ခြေ (၂၁) ၌ဖော်ပြထားပါသည်။ ဆွလာဟ် ဟူသော ကျင့်စဉ်သည် ကျယ်ပြန့် လွန်းလှသည်။ ၎င်းကိုလူသား၊ မလာအိကဟ်နှင့် အလ္လာဟ်တို့က အပြန်ပြန်အလှန်လှန် တည်ဆောက် ပုံဖော်ကြသည်။ အလ္လာ့ဟ်ဘက်မှ လူသားဆီသို့ သက်ရောက်သော ဆွလာ့ဟ်၏ သဘောမှာ “အပျက် သဘောဆောင်သော အရာများမှ ဘေးကင်း လုံခြုံစေခြင်း” လည်းဖြစ်၍၊ “လူ့ဘဝ၏ အမိုက်မှောင်အတွင်း သက်ရောက် နေရာမှ လူ့ဘဝ၏ အလင်းရောင်ဆီသို့ ထွက်စေခြင်း” လည်း ဖြစ်၏။ (ကြည့်။ [33:43]) #ထို့ပြင် “အလ္လာဟ်မှ လူသားကို လိုက်နာစေလိုသော ကောင်းခြင်းများနှင့် လူသား၏ မျက်မှောက်ပြု လျှောက်လှမ်းရမည့် လူ့အရည်အသွေး ဖွံ့ဖြိုးမှု ဥပဒေသများ ပြဋ္ဌာန်းပေးခြင်း” လည်းဖြစ်သည်။ ဤအခြေ အနေများကို လူသားက အလ္လာ့ဟ် လမ်းညွှန်မှုနှင့် ပူးကပ် တည်ရှိခြင်းဖြင့် ရယူနိုင်သည်။ ထို့ကြောင့် ဆွလာ့ဟ်၏ အနက်သဘော တစ်ရပ်မှာ ဝဟ်ယ်-လူ့ဘဝ လမ်းညွှန်မှုနှင့် ပူးကပ်တည်ရှိခြင်း ဟူ၍ဖြစ်ပေသည်။#[(رَحْمَةٌ) ‘ရဟ်မဟ်’ နှင့်ပတ်သက်၍ [1:0] အောက်ခြေ (၁) တွင် ကြည့်ပါရန်]#[ဆက်စပ်အာယဟ်များ [33:43-56]]"
213,"(اَلصَّفَا) ‘ဆွဖှာ’ နှင့် (اَلْمَرْوَةَ) ‘မရ်ဝဟ်’ ကို အများအားဖြင့် ကအ်ဗဟ်အနီးရှိ တောင်ပူစာ နှစ်ခုကို ရည်ညွှန်း သည်ဟု ဖွင့်ဆိုကြသည်။ ထိုသို့ဖြင့် (اَلْحَجُّ) ‘ဟဂျ်’ “ကမ္ဘာ့ ညီလာခံ” ၌ ထိုတောင်ပူစာ နှစ်ခုသို့ သွားလာ လှည့်ပတ်လေ့ ရှိကြ၏။ ထိုသို့ သွားလာ လှည့်ပတ်ခြင်းဖြင့် တစ်စုံတစ်ရာမျှ အပြစ်မရှိဟု အနက်ကောက်ကြသည်။ [၎င်းကို ဆွဖှာနှင့် မရ်ဝါ၌ (سَعْيٌ) ‘စအီ’ လုပ်ခြင်း (ဝါ) ပြေးလွှားခြင်းဟု သုံးနှုန်းကြသည်။ သို့သော် ကုရ်အာန်က ၎င်းကို (سَعْيٌ) ‘စအီ’ ဟု မသုံးနှုန်း ဘဲ၊ (طَوَافٌ) ‘တွဝါးဖှ်’ “လှည့်လည်ခြင်း” (ဝါ) “လူ့ဘောင်၏ ဘေးကင်း လုံခြုံရေးအတွက် ဆောင်ရွက်ခြင်း” ဟုသာ သုံးနှုန်း ထား၏။ ကြည့်။ [2:125] အောက်ခြေ (၁၇၈) #စင်စစ်တွင် ကုရ်အာန်မှ ရည်ညွှန်းသော (اَلصَّفَا) ‘ဆွဖှာ’ (اَلْمَرْوَةَ) ‘မရ် ဝဟ်’ နှင့်တကွ လှည့်ပတ်ခြင်း ဟူသည့် သဘောတရား မှာ အောက်ပါအတိုင်း ဖြစ်၏။ -# (اَلصَّفَا) ‘ဆွဖှာ’ ဟူသည် “မိမိစိတ်မှ အလ္လာ့ဟ် လမ်းညွှန်မှုကိုသာ သန့်ရှင်းစွာ ရွေးချယ်ခြင်း” ဖြစ်၏။ (اَلْمَرْوَةَ) ‘မရ်ဝဟ်’ ၏ဇာစ်မြစ် အက္ခရာကို (م ر ء) ဟု မှတ်ယူလျှင် “စာရိတ္တ ကောင်းမွန်ရန် နှင့် ယဉ်ကျေးရန် နှိုးဆော်ခြင်း” ဟူ၍ဖြစ်မည်။ အကယ်၍ (م ر ي) ဟု မှတ်ယူလျှင် “ပြင်ဆင်မွမ်းမံခြင်း” ဟူ၍ ဖြစ်မည်။ ဒေါက်တာ ကမရ်ဇမာန်၏ ယူဆပုံအရ “နှစ်သက်ဖွယ်ဖြစ်ခြင်း” “လေးစားဖွယ်ဖြစ်ခြင်း” ကို ရည်ညွှန်းသည်။ ဆိုလိုသည်မှာ- (اَلْحَجُّ) ‘ဟဂျ်’ “ကမ္ဘာ့ ညီလာခံ” မှ ဆုံးဖြတ်သော အချက်အလက်များကို မိမိတို့ ဒေသသို့ ရောက်ရှိသော် သန့်ရှင်းစွာ ရွေးချယ်ထားသော အလ္လာ့ဟ် လမ်းညွှန်မှုအား နှစ်သက် လေးစားစွာ အခြေခံ၍ ပြင်ဆင် မွမ်းမံခြင်း နှင့် တကွလူ့ဘောင်၏ ဘေးကင်း လုံခြုံမှုအား ဆောင်ရွက်ရပေမည်။ ဤသို့ ဆောင်ရွက်ခြင်း အတွက်တားမြစ်ချက် တစ်စုံတစ်ရာမျှ မရှိချေ။ ဤသည် (مِنْ شَعَائِــــــــــرِ اللهِ) ‘မင်န် ရှအာအိရစ်လ္လာဟ်’ အလ္လာဟ်၏ အထိမ်းအမှတ် - သင်္ကေတများ အနက်မှ ဖြစ်သည်ဟူ၏။ [အကျယ်ကို ဒေါက်တာ ကမရ်ဇမာန်၏ ဟကီကသုလ် ဟဂျ်တွင် လေ့လာနိုင်ပေမည်]"
214,"(حَجٌّ) ‘ဟဂျ်’၏ ဇာစ်မြစ် အက္ခရာစုမှာ (ح ج ج) ဖြစ်သည်။ ဤစကားလုံးသည် အဓိပ္ပာယ် ကြွယ်ဝသော စကားလုံး တလုံးဖြစ်သည်။ ထို၌ “တိကျသော အထောက်အထား ပြခြင်း-ထိုအထောက်အထားဖြင့် လွှမ်းမိုးခြင်း” “ရည်ရွယ်ခြင်း” “မျှော်မှန်းခြင်း” “တားဆီးခြင်း” “အချေအတင် ပြောဆို ဆွေးနွေးခြင်း” စသည်တို့ ပါဝင်သည်။ ကအ်ဗဟ် (ဝါ) မတ်စ်ဂျိဒွတ်လ် ဟရာမ် (ဝါ) အိမ်တော်သည် လူသားတစ်ရပ်လုံး၏ စုရပ်နှင့် ဘေးကင်း လုံခြုံရာ ဖြစ်ကြောင်း [2:125] တွင် အတိအလင်း ဖွင့်ဆိုထားသည်။ [[2:125] အောက်ခြေ (၁၇၅) တွင် ကြည့်]။#[2:125] အောက်ခြေ (၁၇၆) တွင် ဖော်ြပခဲ့သည့်အတိုင်း ‘ဟဂျ်’ ကျင့်စဉ်ဟူသည် လူသား တစ်ရပ်လုံး ဘေးကင်း လုံခြုံရေးအတွက် ညှိနှိုင်းတိုင်ပင် ဆွေးနွေး အဖြေရှာခြင်းသာ ဖြစ်ပေသည်။ ၎င်းကို ကမ္ဘာ့ညီလာခံ ဟုဆိုထိုက်သည်။ ထိုရည် ရွယ်ချက် မပါသော ဟဂျ်သည် အစဉ်အလာ ကျင့်စဉ်မျှ ဖြစ်ပြီး အနှစ်သာရ ကင်းမဲ့မည်သာ ဖြစ်၏။ ထိုအခါ အစ္စလာမ်မှ ရည်ညွှန်းသော ဟဂျ် မဟုတ်တော့ဘဲ၊ အရဗ်တို့၏ အစဉ်အလာ ယဉ်ကျေးမှု သက်သက်သာ ဖြစ်မည်။"
215,"(حَجٌّ) ‘ဟဂျ်’သည် အရည်အချင်း ပြည့်ဝသူတို့၏ ညီလာခံကြီး ဖြစ်၍ (عُمْرَةٌ) ‘အွန်မ်ရဟ်’ သည် အရည်အချင်း မွေးမြူပေးသော ညီလာခံလေး ဖြစ်သည်။ အွန်မ်ရဟ်၌ အရည်အချင်း မွေးမြူပြီးနောက် တစ်ချိန်တွင် ဟဂျ်သို့ တက် ရောက်ခွင့် ရပေမည်။ ၎င်းကို မျိုးဆက်သစ်တို့၏ ညီလာခံလေး ဟုဆိုထိုက်သည်။#[ဆက်စပ်အာယဟ်များ [42:38] [2:148] [40:19]]"
216,"(لَعْنَةٌ) ‘လအ်နဟ်’ကို “ကျိန်ဆဲခြင်း” ဟု ပြန်ဆိုလေ့ ရှိကြသည်။ စင်စစ် ၎င်း၏ အဓိပ္ပာယ်မှာ “မနှစ်မြို့မှုကြောင့် အဝေးသို့ ဖယ်ရှားခြင်း” ဟူ၍ ဖြစ်သည်။ ဥပမာ- စာခြောက်ရုပ်ကြောင့် စာကလေးများ အဝေးသို့ ဖယ်ခွာ သွားကြ၏။ ထို့ကြောင့် စာခြောက်ရုပ်ကို (اَللَّعِيْنُ) ‘လအီးန်’ ဟု ခေါ်ဆိုပါသည်။ ဤစကားလုံးကို အလ္လာ့ဟ်ဘက် ရည်ညွှန်း သုံးနှုန်းသောအခါတွင် လူသား၏ ဘဝတွင် ဖြစ်ပေါ် လာမည့် ဖွံ့ဖြိုးမှုများအား ဝေးကွာစေခြင်း (တစ်နည်း) လုံခြုံမှု ပါဝင်သော ထောက်ပံ့ မြှင့်တင်မှုမှ ဝေးကွာစေခြင်း ဟူ၍ ဖြစ်မည်။ စင်စစ်၌ ဤသည် လူသား၏ လုပ်ရပ်များမှ ဖြစ်ပေါ်သော အကျိုးဆက်သာလျှင် ဖြစ်ကြောင်း သတိပြု အပ်သည်။ ဤစကားလုံးကို လူသားဘက် ညွှန်းလျှင် မေတ္တာ ကရုဏာမှ ကင်းဝေးစေခြင်းဟူ၍ ဖြစ်ပြီး၊ မလာအိကဟ်ဘက် ညွှန်းလျှင်မူ သဘာဝစွမ်းအား အသုံးချမှုမှ ရရှိမည့် စွမ်းရည်များ လက်လွှတ် ဆုံးရှုံးခံရခြင်း ဟူ၍ ဖြစ်မည်။#[ကြည့်။ [2:161]#[ဆက်စပ်အာယဟ် [22:28]"
"217a","(اَلرَّحْمٰنُ) ‘ရဟ်မာန်’သည် “ဘဝအထောက်အပံ့ များကို ကြိုးစားအားထုတ် ခြင်းဖြင့် ရယူရန် စီမံသောအရှင်” ဟူသော အနက်ဆောင်၍၊ (اَلرَّحِيْمُ) ‘ရဟီးမ်’ သည် “ဘဝအထောက်အပံ့များကို အားထုတ်မှု မပြုရဘဲ တန်းတူညီတူ ချီးမြှင့်သောအရှင်” ဟူသည့် အနက်ကို ဆောင်သည်။#[ကြည့်။ [1:0] အောက်ခြေ (၁) နှင့် [1:2]]"
"217b","(حُبُّ اللهِ) ‘ဟွတ်ဗ်ဗွတ်လ္လာဟိ’ “အလ္လာဟ်ကို မြတ်နိုးခြင်း” (يُحِبُّ اللهُ) ‘ယုဟစ်ဗ်ဗွတ်လ္လာဟု’ “အလ္လာဟ်က မြတ်နိုးခြင်း” ဟူသော အသုံးအနှုန်း ကို လူတို့အချင်းချင်း၊ သို့မဟုတ် လူက တစ်စုံတစ်ခုကို နှစ်သက် မြတ်နိုးခြင်း၊ ချစ်ခင်ခြင်း စသည့် သဘောတရားနှင့် နှိုင်းယှဉ်၍ မရချေ။ လူ့သဘာဝသည် မိမိမြင်တွေ့၊ တွေ့ကြုံရသော အရာများ၌သာ ချစ်ခင်၊ မြတ်နိုး၊ နှစ်သက်၊ စွဲလမ်းမှုကို ဖြစ်စေပါသည်။ ဤကမ္ဘာ၌ မည်သည့်လူသား တစ်ဦးကမျှ အလ္လာဟ်ကို မြင်ဖူးခြင်း မရှိချေ။ ထို့အတူ အလ္လာဟ် နှင့် နှိုင်းယှဉ်အပ်သော အရာဟူ၍လည်း တစ်စုံတစ်ရာမျှ မရှိပေ။ ထို့ကြောင့် လူတွင် ဖြစ်ပေါ်သော ချစ်ခြင်းမေတ္တာ စိတ်ခံစားမှုမျိုးကို အလ္လာဟ် အတွက် သတ်မှတ်၍ မဖြစ်နိုင်ပေ။ ဤနေရာတွင် ကုရ်အာ့န် ဝေါဟာရ တစ်လုံးဖြစ်သော (حُبٌّ) ‘ဟွတ်ဗ်ဗွန် (န်)’ ၏ အနက်သဘောများကို ဖော်ပြလိုသည်။ (حُبٌّ) ‘ဟွတ်ဗ်ဗွန် (န်)’ ၏ ဇာစ်မြစ် အက္ခရာစုမှာ (ح ب ب) ဖြစ်သည်။ အဓိပ္ပာယ်များမှာ “ချစ်ခင်ခြင်း” “နှစ်သက်စုံမက်ခြင်း” “သံယောဇဉ် ဖြစ်ခြင်း” “မေတ္တာမျှခြင်း” “ဖြူဖွေးခြင်း” “ပြောင်လက်ခြင်း” “အနှစ်သာရ” “အရောအနှောကင်းခြင်း” “စွဲမြဲစွာတည်ရှိခြင်း” “ထိန်းသိမ်းခြင်း” “ကာကွယ်ခြင်း” “သီးပွင့်ခြင်း” “ပြင်းပြစွာ ရည်ရွယ်ခြင်း” “စွဲမြဲစွာ ဆုပ်ကိုင်ခြင်း” “ဦးစားပေး ရွေးချယ်ခြင်း” စသည်တို့ ဖြစ်သည်။ ဤအဓိပ္ပာယ်များမှ (حُبُّ اللهِ) ‘ဟွတ်ဗ်ဗွတ်လ္လာဟိ’ အတွက် မည်သည့် အနက်သဘောက သင့်တော်မည်နည်း။ သုံသပ်သင့်၏။ ကျွန်ုပ်၏ သုံးသပ်ချက်အရ (حُبُّ اللهِ) ‘ဟွတ်ဗ်ဗွတ်လ္လာဟိ’ ဟူသည် “အလ္လာဟ် ပြဋ္ဌာန်းအပ်သော စည်းမျဉ်း ဥပဒေများကို လူသားက စွဲမြဲစွာ ဆုပ်ကိုင်ခြင်း” ဖြစ်ပြီး၊ (يُحِبُّ اللهُ) ‘ယုဟစ်ဗ်ဗွတ်လ္လာဟု’ ဟူသည် “အလ္လာဟ်က လူသား၏ ဆောင်ရွက်ချက်များမှ ရလဒ်ကောင်းများကို သီးပွင့်စေခြင်း” ဟူ၍ဖြစ်၏။#[ဆက်စပ်အာယဟ် [7:3]]"
218,"(اَلدَّمُ) ‘ဒန်မ်’ “သွေး” ဟု ဆိုရာတွင် စီးတွေသော သွေးကို ရည်ညွှန်းခြင်း ဖြစ်သည်။ (ကြည့်။ [6:146]) ဤနေရာ တွင် လိုအပ်ချက်နှင့် အညီ သွေးသွင်းခြင်းကို တားမြစ်ခြင်း မဟုတ်ကြောင်း အထူးသတိပြုသင့်၏။"
219,"(لَحْمُ الْخِنْزِيْرِ) ‘လဟ်မွတ်လ် ခင်န်ဇီရ်’ “ဝက်သား” ဟု ဆိုရာတွင် ဝက်တစ်ကောင်လုံး အကျုံးဝင် ပေသည်။ သို့ရာတွင် ဆေးပညာအရ ဝက်မှ ဓာတုပစ္စည်း ထုတ်၍ အသုံးပြုခြင်းကိုမူ တားမြစ်မထားပါ။ ထုတ်ယူ သုံးစွဲခွင့် ရှိ၏။"
220,"(مَا أُهلَّ بِـــــــــهٖ لِغَیْـــــــــرِ اللهِ) “အလ္လာဟ်မှအပ အခြားသူ၏ စည်းမျဉ်းဘက်သို့ ရည်ညွှန်း ခံရသောအရာ” ဟူသည် ကုရ်အာန်မှ တားမြစ်ထားသော နည်းလမ်းများဖြင့် ရှာဖွေဆည်းပူးထားသော အရာများ၊ လူနှင့် လူ့ပတ်ဝန်းကျင် အကျိုးကို ထိခိုက်စေသော အရာများ စသဖြင့် ကုရ်အာ့န် လမ်းညွှန်မှုနှင့် ဖီလာဆန့်ကျင်သည့် လုပ်ဆောင်ချက် အားလုံး အကျုံးဝင်သည်။"
221,"(لَا إِثْمَ عَلَيْهِ) ကို “သူ့အပေါ်၌ တစ်စုံတစ်ရာ အပြစ်မရှိ” ဟု ပြန်ဆိုကြသည်။ (إِثْمٌ) ‘အိဆ်မွန် (န်)’ ဆိုသည်မှာ ချည့်နဲ့၍ နောက်ကျကျန်ရစ်ခြင်း ကိုရည်ညွှန်းသည်။ ဤသို့ ဖြစ်ရခြင်းမှာ အရည်အသွေး ကျဆင်းမှုကြောင့် ဖြစ်ပေရာ၊ ၎င်းကိုပင် အာယဟ်၌ တိုက်ရိုက် ဖော်ပြခြင်း ဖြစ်သည်။ အာယဟ်တွင် (لَا) အငြင်းဖြင့် ဖော်ပြသောကြောင့် အငြင်းသဘောကို ဖော်ပြခြင်း ဖြစ်ပါသည်။"
222,"(يَشْتَرُوْنَ بِهٖ ثَمَنًا قَلِيْلًا) ကို တိုက်ရိုက်ပြန်ဆိုလျှင် “၎င်းကိုတန်ဖိုး အနည်းငယ်ဖြင့် ရောင်းဝယ် ကြသည်” ဟူ၍ဖြစ်သည်။ ဆိုလိုရင်းမှာ [2:41] အောက်ခြေ (၉၄) ၌ ဖော်ြပခဲ့သည့်အတိုင်း) အလ္လာ့ဟ် စည်းမျဥ်း ဥပဒေများကို ယာယီအကျိုး ရှေးရှု၍ ဥပေက္ခာပြုခြင်း ဖြစ်သည်။ ထိုနည်းတူစွာ [2:79] အောက်ခြေ (၁၄၁) ၌ ဖော်ြပခဲ့သည့် အတိုင်း) လူတို့၏ ဘဝများကို တန်ဖိုးကျဆင်းသွားစေရန် ဖန်တီးခြင်း ဟူ၍လည်း ဖြစ်ပေသည်။ ဤအာယဟ်၌မူ “ထိုသို့ပြုခြင်းဖြင့် မိမိတို့၏ ဘဝများအား တန်ဖိုးမဲ့စေရန် ပြုကြ၏” ဟူ၍ အနက်ကောက်ထားသည်။"
223,"ဝမ်းဗိုက်အတွင်း မီးကိုဝါးမျိုခြင်း ဟူသည် တင်စားမှု ဖြစ်သည်။ မြန်မာစကား၌ အပူရေစာ စားသုံးခြင်းဟု ပြောဆို သကဲ့သို့ ဖြစ်သည်။"
224,"(يَوْمُ الْقِيَامَةِ) ‘ယောင်မွတ်လ် ကိယာမဟ်’ “ကိယာမသ်နေ့” ဟူသည် ရလဒ်များ အပြည့်အဝ ပုံပေါ်လာသော ကာလကို ရည်ညွှန်းခြင်း ဖြစ်သည်။ ၎င်းသည် အာခိရဟ် (အနာဂတ်ကာလ ပြန်လည်ရှင်သန်မှု) ၌ ပုံပေါ်လာမည်။ လောက သဘာဝအရ ရလဒ် အချို့ကိုသာ ခံစားရမည် ဖြစ်သော်လည်း အာခိရဟ်၌မူ အပြည့်အဝ စံစား၊ ခံစားရပေမည်။#[ဆက်စပ်အာယဟ်များ [5:3] [5:87] [6:119-120] [6:122] [6:146] [10:59] [16:115-116] [22:30] [66:1]]"
225,"“အရှေ့အရပ်၊ သို့မဟုတ် အနောက်အရပ်သို့ ရှေးရှုခြင်းသည် လူ့ဘဝ၏ ကျယ်ပြော၊ တိုးတက်မှု မဟုတ်” ဟူသော သွန်သင်မှုသည် လွန်စွာ အခြေခံကျသည့် သွန်သင်မှု တစ်ခုဖြစ်သည်။ ဘာသာဝင် အသီးသီးတို့သည် အရပ်မျက်နှာ အသီးသီးကို ခွဲဝေ ယူထားကြ၏။ အချို့သည် အရှေ့အရပ်ကို အလေးထား၍၊ အချို့သည် အနောက် အရပ်ကို အလေးထားကြ၏။ ကုရ်အာန်သည်ကား ဘာသာတရားကို သွန်သင်သော ကျမ်းဂန်မဟုတ်သောကြောင့် အရပ်မျက်နှာများ အပေါ် အလေးထားခြင်းကိုလည်း သွန်သင်မှု မရှိချေ။ ထို့အတူ အရှေ့အနောက်တည်း ဟူသော လူနေမှုပုံစံ၊ ယဉ်ကျေးမှု စသည် တို့သည်လည်း လူဖြစ်မှုအတွက် အခြေခံကျသော အကြောင်းအရာများ မဟုတ်ပေ။ လူ့ဘဝ ကျယ်ပြော၊ တိုးတက်မှု အတွက် အခြေခံမှာ လူသားဝါဒ ကျင့်သုံးမှုသာ ဖြစ်ကြောင်း ဤ အာယဟ်၌ ရှင်းလင်းစွာ မီးမောင်း ထိုးပြထားသည်။ အကျဉ်းချုံး၍ တင်ပြရလျှင်-#1. လူသားဝါဒအား အခြေပြု၍ လမ်းညွှန်သော အရာများနှင့် ထိုသို့ လမ်းညွှန်ရာတွင် အခြေခံအဖြစ် ပါဝင်သော အရာတို့ကို ယုံကြည်ရမည်။#2. အောက်ခြေလူတန်းစား အသီးသီးတို့၏ နိမ့်ကျနေမှုတို့ကို မြှင့်တင်ပေးရမည်။ ဤတွင် မည်သည့် ဘာသာဝင်၊ မည့်သည့် လူမျိုးဆိုသော စည်းကမ်းချက် မပါဝင် သောကြောင့် လိုအပ်ချက်ရှိသူ မည့်သူကိုမဆို ကူညီရပေမည်။ ဤသည်ပင်လျှင် လူသားဝါဒ အခြေပြု အစ္စလာ့မ် လူ့ဘဝ တည်ဆောက်မှု စနစ်၏ ထူးခြားချက် ဖြစ်ပေသည်။#3. ထိုသို့ဖြင့် အရည်အသွေး ပြည့်မီသော လူ့ဘောင်ကို တည်ဆောက်၍၊ လူ့ဘောင်၏ လိုအပ်ချက်နှင့်အညီ ဖွံ့ဖြိုး မှုတို့ကို ဖြည့်ဆည်းပေးရမည်။#4. ဘဝ၌ ကြုံတွေ့ရမည့် အခက်အခဲ၊ အကျပ်အတည်းများကို ဇွဲလုံ့လ၊ ကြံ့ခိုင်သော စိတ်ဓာတ်တို့ဖြင့် ရင်ဆိုင်ရပေမည်။#5. မည်သည့် အခြေအနေ၌ ဖြစ်စေ ကတိသစ္စာ တည်ကြည်မှုကို လက်မလွှတ်ရ။ #ဤအချက်တို့နှင့် ပြည့်စုံမှသာ သစ္စာဝါဒီဟု သတ်မှတ်ခံရလျက်၊ အရည်အသွေးများ ကျဆင်း မသွားရေးနှင့် တိုးတက်လာရေး တို့ကို ဆောင်ရွက်သူများ စာရင်းတွင် ပါဝင်လာပေမည်။ #[ဤအာယဟ်အား ပို၍ နားလည်နိုင်ရန် [2:142-148] အထိနှင့် [2:142] အောက်ခြေ (၁၉၃)၊ [2:148] အောက်ခြေ (၂၀၂) အထိတို့ကို တွဲဖက် လေ့လာပါရန်]#[ဆက်စပ်အာယဟ်များ [2:4] [3:91]]"
226,"ဤအာယဟ်တွင် သုံးနှုန်းထားသော (اَلَّـــــــذِيْنَ ءَامَنُــــوْا) “လုံခြုံမှုကို ယုံကြည်ချက်ဖြင့် တည်ဆောက်သူတို့” ဟူသည် လူ့ဘောင် လုံခြုံမှုအတွက် အဓိကအားဖြင့် တာဝန်ယူထားကြသော တရားရေးဆိုင်ရာ အဖွဲ့အစည်းအား ရည်ညွှန်းခြင်း ဖြစ်သည်။ ၎င်းတွင် ရဲ၊ ရှေ့နေ၊ တရားသူကြီး အစရှိသူတို့ ပါဝင်သည်။ လူသတ်မှုကို အဓိက တာဝန်ယူရမည့် အဖွဲ့အစည်းသည် လူ့ဘောင်၏ လုံခြုံမှုအတွက် အရေးပါသူများ ဖြစ်ကြ၍၊ သူတို့သည် လုံခြုံမှုကို ယုံကြည်ချက်ဖြင့် တည်ဆောက်သူများ ဖြစ်ကြောင်း အာယဟ်၌ ဖော်ညွှန်းခြင်း ဖြစ်သည်။"
227,"(اَلْقِصَاصُ) ‘အလ်ကိဆွောဆွ်’ ကို “လက်စားချေမှု” ဟု အစဉ်အလာ အားဖြင့် ပြန်ဆိုကြသည်။ စင်စစ် လက်စား ချေမှုသည် လူ့ဘောင်၏ တည်ငြိမ်မှုကို ပျက်ပြားစေ၍၊ ဆွေစဉ်မျိုးဆက် ခုနစ်ဆက်မက လက်ဆင့်ကမ်း ဆောင်ရွက် လေ့ရှိကြသည်။ ထို၌ အပြစ်မရှိသူများပါ အသတ်ခံကြရသည်။ စင်စစ် (اَلْقِصَاصُ) ‘အလ်ကိဆွောဆွ်’ ဟူသည် တရားဥပဒေ စိုးမိုးရေး အတွက် ဆောင်ရွက်ရသော အရေးယူမှုသာလျှင် ဖြစ်ပေသည်။ ဤစကားလုံး၏ အဓိပ္ပာယ်တွင် “တစ်စုံ တစ်ခု၏ နောက်သို့ လိုက်ခြင်း” “စုံစမ်းခြင်း” “ဖြတ်တောက်ခြင်း” “သတင်းအချက်အလက်များ ပြောပြခြင်း” “ရာဇဝင်” “အတ္ထုပ္ပတ္တိ” “တုံ့ပြန်ခြင်း” စသည်တို့ ပါဝင်သည်။ နောက်သို့ လိုက်ခြင်း ဟူသော ရှုထောင့်အရ တရားခံနောက်သို့ လိုက်၍ အရေးယူခြင်း ဟူသော အနက်သဘော ဖြစ်ပေါ်သည်။ ထို့ပြင် ပြစ်မှုနှင့် ဆိုင်သော ကိစ္စများအား စုံစမ်းခြင်း၊ ပြစ်မှုများ ဆက်လက် မဖြစ်ပေါ်စေရန် ဖြတ်တောက်ခြင်း စသဖြင့် ဖြစ်ပေသည်။ ဤနည်းဖြင့်သာ လူ့ဘောင်၏ လုံခြုံမှုကို ဆောင်ကြဉ်း နိုင်ပေမည်။"
228,"ဤအာယဟ်တွင် ပြစ်မှု ကျူးလွန်သူကိုသာ အရေးယူ ရမည်ဖြစ်ပြီး၊ သူ့အစား အခြားတစ်ဦးကို လဲလှယ်ခွင့် မရှိကြောင်း အတိအကျ ညွှန်ကြားထားသည်။#[ဆက်စပ်အာယဟ်များ [5:32] [4:92-93] [17:33] [42:40]"
229,"(اَلْأَقْرَبِيْنَ) ‘အလ်အတ်က်ရဘီးန်’ “နီးစပ်သူများ” ဟူသော ပုဒ်တွင် ဆွေမျိုး သားချင်းများ အပြင် ဆွေမျိုး မတော်စပ်သော နီးစပ်သူများပါ ပါဝင်သည်။ သို့ဖြစ်ရာ မိမိ ပိုင်ဆိုင်မှု အပေါ်မူတည်၍ မိဘမဲ့ဂေဟာ၊ သို့မဟုတ် အခြား လိုအပ်ချက်ရှိသော အသင်းအဖွဲ့များနှင့် လူပုဂ္ဂိုလ်တို့ အတွက်ပါ ထည့်သွင်း၍ သေတမ်းစာ ရေးသားခွင့်ရှိသည်။"
230,"ဤပြဋ္ဌာန်းချက်သည် မည်သည့်အခါကမျှ ပ လပ် ယုတ်သိမ်းခြင်း ခံခဲ့ရသည် မရှိချေ။ ဓမ္မသတ်အချို့တွင် ဤပြဋ္ဌာန်းချက် ပ လပ် သွားပြီဟု ဖော်ပြခြင်းသည် ကုရ်အာ့န် ညွှန်ကြားချက်နှင့် ကိုက်ညီမှု မရှိကြောင်း အထူးသတိပြု အပ်သည်။ အမွေခွဲခြင်းသည် သေတမ်းစာ ရေးပြီးနောက် ကျန်ရှိသော ပစ္စည်းများနှင့်သာ သက်ဆိုင်သည်။ (ကြည့်။ [4:11]) ထို့ကြောင့် သေတမ်းစာ၌ ပိုင်ဆိုင်မှုအားလုံးကို ထည့်သွင်းခြင်း မပြုအပ်ပေ။ တစ်စိတ်တစ်ပိုင်းသာ ပါဝင်ရမည် ဖြစ်သည်။ သို့မဟုတ်လျှင် [4:11] လာ ညွှန်ကြားချက်ကို လိုက်နာနိုင်မည် မဟုတ်ပေ။"
231,"(صِيَامٌ) ‘ဆွိယာမ်’ ဟူသည် စောင့်စည်းစိတ် ဖြစ်ပေါ်ရန် ကျင့်သုံးသော ကျင့်စဉ်ဖြစ်၏။ ၎င်းကို ယေဘုယျ အားဖြင့် အချိန်အကန့်အသတ် တစ်ခု အတွင်း အစားအသောက် စားခြင်းနှင့် လိင်ဆက်ဆံခြင်း တို့ကို မပြုလုပ်ဘဲ နေထိုင်ခြင်း ဖြင့် ပုံဖော်လေ့ ရှိကြသည်။# (ကျွန်ုပ်အနေနှင့် ဆွိယာမ်သည် ထို့ထက် ကျယ်ပြန့်သော လမ်းညွှန်ချက် တစ်ရပ်ဖြစ်သည်ဟု ခံစားရပါသည်။ လက်ရှိ ကာလတွင် ကျွန်ုပ် မဖော်ထုတ် နိုင်သေးကြောင်း၊ ဖော်ထုတ်ပြကြသော အယူအဆ များကိုလည်း စိတ်ကျေနပ်မှု မရရှိသေးကြောင်း ရိုးသားစွာ ဝန်ခံပါ၏။ အနာဂတ် မျိုးဆက်သစ်များ ဆက်လက် ဖော်ထုတ်ကြရန် တိုက်တွန်း အပ်ပါသည်)"
232,"(شَهْرُ رَمَضَانَ) ‘ရှဟ်ရု ရမဿွာန်’ ကို ဟစ်ဂျရီခုနှစ်၏ နဝမမြောက်လ ဖြစ်သော “ရမဿွာန်လ” ဟုပင် အနက်ကောက်ကြသည်။ ကျွန်ုပ်၏ သုံးသပ်ချက်အရ ၎င်းသည် ပုဂ္ဂလဓိဋ္ဌာန် လတစ်လကို ရည်ညွှန်းခြင်း မဟုတ်ဟု ယူဆပါသည်။ (رَمَضَانُ) ‘ရမဿွာန်’ ကို ပုဂ္ဂလနာမ်ဟု ယူဆနိုင်သကဲ့သို့ နာမဝိသေသန ဟုလည်း ယူဆနိုင်ပါသည်။ ထိုအခါ “ပူပြင်းသောကာလ” ဟုဖြစ်မည်။ ၎င်းသည် လူ့ဘောင်၌ ဖြစ်ပေါ်နေသော ပဋိပက္ခ၊ တည်ငြိမ်မှု ကင်းခြင်း သဘောဆောင်ပေသည်။ ကျွန်ုပ်အနေနှင့် အကျယ်တဝံ့ ဖော်ထုတ်ဖို့ရန် လိုအပ်ချက်များ ရှိနေသောကြောင့် ဆက်လက်ဖော် ထုတ်ကြရန်ကိုသာ တိုက်တွန်းလိုက်ပါသည်။ #[ဆက်စပ်အာယဟ် [9:33]]"
233,"(دُعَاءٌ) ‘ဒုအာ’ ကို “ဆုတောင်းခြင်း” ဟုသာ ဘာသာပြန်လေ့ ရှိကြသည်။ ဤစကားလုံးသည် အဓိပ္ပာယ် ကြွယ်ဝသော စကားလုံး တစ်လုံးဖြစ်၏။ “တစ်ဦး တစ်ယောက်ကို အော်၍ခေါ်ခြင်း” “ကင်ပွန်းတပ်ခြင်း” (နာမည်ပေးခြင်း) “တစ်ဦး တစ်ယောက်ကို မိမိဘက်သို့ အာရုံပြုရန် လုပ်ဆောင်ခြင်း” “ခေါ်ဆောင်သွားခြင်း” “လိုအပ်ချက်ကို ဖွင့်ဟခြင်း” “အကူအညီရရှိရန် ဆန္ဒဖြစ်ပေါ်ခြင်း” “ပြိုကျခြင်း” “အဖက်ဖက်မှ ဝိုင်းဝန်း တိုက်ခိုက်ခြင်း” “အကြောင်းခံဖြစ်ခြင်း” “လှုံ့ဆော်မှု ဖြစ်ပေါ်လာခြင်း” “ကိန်းဝပ်နေသောဆန္ဒများ ပွင့်ထွက်လာခြင်း” “လျှောက်ထားခြင်း” “တမ်းတခြင်း” စသည်တို့ ဖြစ်သည်။ ဤအာယဟ်တွင် (دُعَاءٌ) ‘ဒုအာ’၏ အနှစ်သာရကို ဖော်ပြရာ၌ စည်းကမ်းချက် အနေဖြင့် (لِيَسْتَجِيْبُوْا لِيْ وَ لْيُؤْمِنُوْبِيْ) ကိုဖော်ပြထား၏။ ဆိုလိုသည်မှာ လူသည် မိမိဆန္ဒ ပြည့်ဝဖို့ရန် အလ္လာဟ်၏ ပြဋ္ဌာန်းချက်ကို လိုက်နာ၍၊ ယုံကြည်ချက် နှင့်အညီ လုံခြုံမှုကိုတည်ဆောက်ဖို့ လိုသည်ဟူ၏။ လူတစ်ယောက်သည် ပြင်းပြသော ဆန္ဒကို လက်တွေ့အားဖြင့် ဆည်းပူးရယူမှသာ အလ္လာဟ်၏ ဥပဒေသက ပြန်လည်တုံ့ပြန် မည်ဟု ဆိုလိုသည်။ ဘာမှ မလုပ်ဘဲ ဆုတောင်းရုံဖြင့် ဘာမှ ဖြစ်လာမည် မဟုတ်ကြောင်း ရည်ညွှန်းခြင်း ဖြစ်သည်။ ဤသည်ကို အလ္လာ့ဟ်လမ်းညွှန်အား ဆန့်ကျင်သူတို့၏ ဆုတောင်းပုံအဖြစ် ကုရ်အာန်က မီးမောင်း ထိုးပြထားသည်။# (ကြည့်။ [13:14]) #[ဆက်စပ်အာယဟ်များ [3:194] [7:56] [8:24] [32:15-16] [40:60] [42:26]]"
234,"(عَاكِفُوْنَ) ‘အာကိဖှူးန်’ နှင့်ပတ်သက်၍ [2:125] အောက်ခြေ (၁၇၉) ၌ ဖော်ပြပြီးဖြစ်သည်။ ထို၌ “ဖယ်ခွာမှုမပြုသူများ” ဟူ၍ အနက်ကောက်ခဲ့သည်။ ဤအာယဟ်၌မူ ‘တာဝန်ကျနေစဉ်’ ဟု အနက်ကောက်ထား၏။ ([2:125]၊ အောက်ခြေ (၁၇၉) နှင့် တွဲဖက်လေ့လာပါရန်) ထို့ပြင် ဤစကားလုံးတွင် တစ်စုံတစ်ခုကို စွဲလမ်း၍ တွယ်ကပ် နေသည့်သဘောလည်း ပါဝင်ပေသည်။ (ကြည့်။ [20:91])"
235,"ရှေးအရဗ်တို့သည် လဆန်း၊ လဆုတ်များအပေါ် အခြေခံ၍ မင်္ဂလာရှိခြင်းနှင့် မင်္ဂလာမဲ့ခြင်းတို့ကို သတ်မှတ်လေ့ ရှိကြသည်။ ထို့ပြင် လများအနက်မှလည်း အချို့လသည် မင်္ဂလာရှိ၍ အချို့လသည် မင်္ဂလာမဲ့သည်ဟု အယူရှိကြသည်။ ဤအစဉ်အလာသည် အစ္စလာမ် ပြန့်ပွားလာချိန်၌ မေးခွန်း ထုတ်စရာ တစ်ခု ဖြစ်လာ၏။ ဤသည်ကိုပင် အာယဟ်၌ ဖြေကြား ထားခြင်း ဖြစ်၏။#ကုရ်အာန်အရ စန္ဒြမာသဖြင့်သာ လများကို တွက်ချက်ရမည်ဟု မဆိုလိုကြောင်း အထူးသတိပြု အပ်သည်။ အရဗ်တို့သည် အစဉ်အလာအားဖြင့် စန္ဒြမာသကို အသုံးပြုကြကြောင်း အသိပေးခြင်းမျှ ဖြစ်ပေသည်။#[ကြည့်။ [6:96] [9:37] အောက်ခြေ (၈၄၆)၊ [10:5] အောက်ခြေ (၈၈၅)]"
236,"အိမ်များသို့ နောက်ပေါက်မှ ဝင်ခြင်းဟူသော အသုံးအနှုန်းတွင် ရှုထောင့် နှစ်ရပ်ရှိသည်။#1. ဟဂျ် (ကမ္ဘာ့ညီလာခံ) ကျင်းပ နေစဉ်၊ အကြောင်းပေါ်၍ အိမ်သို့သွား လိုကြသည့်အခါ လူတို့ ကဲ့ရဲ့ကြမည်ကို စိုးရိမ်၍ ခိုးကြောင့်ခိုးဝှက် အိမ်နောက်ဖက်မှ ဝင်လေ့ရှိကြသည်။ အရေးအကြောင်းရှိ၍ အိမ်သို့ သွားရမည့် အရေး၌ ခိုးကြောင့်ခိုးဝှက် လုပ်စရာမလို၊ ပုံမှန် ဝင်ရောက်သည့် အတိုင်း တံခါးမကြီးများမှ ဝင်ရောက်ခွင့် ရှိကြောင်း၊ ထိုသို့ဝင်ရောက် ခြင်းကြောင့် ကဲ့ရဲ့စရာ အကြောင်းမရှိချေ။#2. ဟဂျ် (ကမ္ဘာ့ညီလာခံ) ကျင်းပနေစဉ်၊ မရိုးမသား ပြုလုပ်ခြင်းကို တင်စားခြင်း ဖြစ်ပေသည်။ ရှေ့မှောက်တွင် မိတ်ဆွေအဖြစ် ရပ်တည်၍၊ နောက်ကျော ဓားထိုးမည့် အပြုအမူမျိုးမှ ရှောင်ကြဉ် သင့်သည်။ ထိုအပြုအမူသည် ကျယ်ပြောသော လမ်းစဉ် လည်းမဟုတ်၊ အောင်မြင်ရာ အောင်မြင်ကြောင်း လည်းမဖြစ်နိုင်ချေ။"
237,"အစ္စလာ့မ်လူ့ဘဝ တည်ဆောက်မှုစနစ်၏ အခြေအမြစ်ကို နားမလည်သောသူတို့က ကုရ်အာန်ကျမ်းလာ တုံ့ပြန် တိုက်ခိုက်မှု ဆိုင်ရာ အာယဟ်များကို ထောက်ပြ၍ လည်းကောင်း၊ အမှားအမှန် ဝေခွဲ၍ မရနိုင်လောက်အောင် အဆိုပြား နေသော လူရေး သမိုင်းကျမ်းများနှင့် ဆင့်ပြန်ချက်များကို ထောက်ပြ၍ လည်းကောင်း၊ အစ္စလာမ်သည် ဓားမိုး၍ သာသနာဖြန့်သည်ဟု ဝါဒဖြန့်ကြ၏။ သိထားရမည်မှာ ကုရ်အာန်က ဒီး (န်) “လူ့ဘဝ တည်ဆောက်မှု စနစ်၌ အဓမ္မလုံးဝမရှိ” ဟု ပြတ်ပြတ်သားသား သွန်သင်ထား၏။ (ကြည့်။ [2:256]) ဤအာယဟ်၏ သုံးနှုန်း ပုံအား သေသေချာချာ သုံးသပ် လျှင်ပင် အစ္စလာမ်က အဘယ်ကြောင့် တိုက်ခိုက်ခွင့် ပြုခဲ့သနည်း ဆိုသည်ကို ကောင်းစွာ သိနိုင်ပါသည်။# (فِيْ سَبِيْلِ اللهِ) ‘ဖှီ စဘီလစ်လ္လာဟ်’ ဟူသည် “လူဖြစ်မှုဘဝ တိုးတက် လာစေရန် လူသားဝါဒ အခြေခံသည့် လူ့ဘဝ လမ်းစဉ်” ဖြစ်ကြောင်း [2:154] အောက်ခြေ (၂၀၇) တွင်ဖော်ြပခဲ့ပြီးဖြစ်သည်။ ထိုလမ်းစဉ်သည် ဘာသာတရား တစ်ခုအား သွန်သင်သောလမ်းစဉ် မဟုတ်ကြောင်း အထူးပင် သတိပြုအပ်၏။ လူသားဝါဒ အခြေခံထား သောကြောင့် လူ့အခွင့်အရေး ဆိုင်ရာ သွန်သင်မှုများဖြင့် စီခြယ်ထားရမည်မှာ ဧကန်ပင်ဖြစ်၏။ ကုရ်အာန် ပို့ချစဉ်က အရဗ် လူ့ဘောင်တွင် လူ့အခွင့် အရေးများ အကြီးအကျယ် ချိုးဖောက်ခံနေရကြောင်း ကုရ်အာန်၏ နေရာများစွာတွင် မြင်တွေ့နေရသည်။ လူ့အခွင့် အရေးအား အလေးထားသည့် စနစ်တစ်ခု ပေါ်လာမည်ကို အာဏာရှိသူတို့က လုံးဝ မလိုလားချေ။ သို့ဖြင့် နည်းမျိုးစုံ သုံးကာ သွေဖည် ဆန့်ကျင်ခဲ့ရာမှ မြို့ရွာစွန့်၍ တိမ်းရှောင်ကြရသည် အထိ ဖြစ်လာတော့သည်။ အရဗ် အချင်းချင်းမှ အစ္စလာ့မ် လူ့ဘဝ တည်ဆောက်မှု စနစ်အား လက်ခံ ကျင့်သုံးလာသော အုပ်စုတစ်စု ပေါ်လာသည်ကို ဆန့်ကျင်ဘက် အုပ်စုက အလွန်ပင် ဒေါသထွက်၍ ချေမှုန်းပစ်ရန် တာစူခဲ့ကြသည်။ တစ်မြို့တစ်ရွာသို့ တိမ်းရှောင် သွားခဲ့ကြသော ရစူလ် ဦးဆောင်သည့် မုအ်မင်န်အုပ်စုအား စတင်တိုက်ခိုက်လာခဲ့ ကြကြောင်း အာယဟ်၌ “သင်တို့အား တိုက်ခိုက် သူတို့ကို တုံ့ပြန် တိုက်ခိုက်ကြလော့” ဟု ညွှန်ကြားခြင်း၌ မြင်တွေ့ နိုင်ပေသည်။ မုအ်မင်န်အုပ်စုက စစ်လိုလားခြင်း မဟုတ်ဘဲ ဆန့်ကျင်ဘက် အုပ်စုကသာ ကျူးကျော် တိုက်ခိုက် ကြကြောင်း ထင်ရှားပေသည်။ မုအ်မင်န်တို့ အနေနှင့် တုံ့ပြန်ရာတွင်လည်း ကျူးကျော်မှု မပြုကြရန် အထူးပင် သွန်သင် ထားပုံကလည်း လူ့အခွင့်အရေးအား အလေးထားပုံကို ဖော်ပြနေသည် မဟုတ်ပါလော။#[ဆက်စပ်အာယဟ်များ [2:217] [9:36] [22:39]]"
238,"‘သူတို့အား တွေ့ဆုံရာတိုင်း၌ တိုက်ခိုက်ကြလော့’ ဟူသော နာမ်စားမှာ ဘာသာခြားများကို ရည်ညွှန်းခြင်း မဟုတ်ကြောင်း အထူးသတိပြုသင့်သည်။ လူ့အခွင့်အရေးကို မျက်ကွယ်ပြု ချိုးဖောက်ရာ၌ ရှေ့တန်းမှ ပါဝင်သူတို့ကို အဓိက ရည်ညွှန်းသည်။ ထို့ပြင် ထိပ်တိုက် ရင်ဆိုင်ရာ၌ လက်နက်ကိုင် ကျူးကျော် လာသူတို့ကိုသာ ဆိုလိုသည်။ တိုက်ပွဲ၌ မပါဝင်သော မည်သူ့ကိုမျှ တိုက်ခိုက်ခွင့် မရှိချေ။ ထိုနည်းတူစွာ ‘သူတို့အား နှင်ထုတ်ကြလော့’ ဟူသော လမ်းညွှန်ချက်၌လည်း ‘သင်တို့ကို နှင်ထုတ်ရာမှ’ ဟု ဆိုထားသောကြောင့် မုစ်လင်မ် မဟုတ်သူ အားလုံးကို နှင်ထုတ်ခိုင်းခြင်း မဟုတ်ကြောင်း နားလည်အပ် ပေသည်။ မိမိတို့ နေထိုင်ခဲ့ကြသော မက္ကဟ်မြို့မှ မိမိတို့ကို နှင်ထုတ်ခဲ့ကြသော အာဏာ ရှင်အုပ်စုကိုသာ ရည်ညွှန်းသည်။ မုစ်လင်မ်တို့၌ မုစ်လင်မ် မဟုတ်သူတို့နှင့် အေးအတူ ပူအမျှ ပေါင်းစည်း နေထိုင်ကြရန် တာဝန်ရှိသည်ကို မျက်ကွယ် မပြုသင့်ပေ။#[ဆက်စပ်အာယဟ် [2:125]]"
239,"အစ္စလာမ်သည် စစ်လိုလားသော လူနေမှုစနစ် မဟုတ်ကြောင်း အာယဟ်က အတိအလင်း ဖော်ပြနေသည်။ ကျူးကျော် တိုက်ခိုက် ညှဉ်းပန်း နှောင့်ယှက်သူများက မိမိတို့ အပြုအမူများကို ရပ်စဲသည်ရှိသော် မုစ်လင်မ်အုပ်စုကြီး အနေနှင့်လည်း ငြိမ်းချမ်းမှုကို ရှေးရှုမြဲ ရှေးရှုလျက် လူ့ဘောင်၏ သာယာချမ်းမြေ့မှုနှင့် ဖွံ့ဖြိုးမှုအတွက်ကိုသာ ဆက်လက် ဆောင်ရွက် ကြရပေမည်။"
240,"အိစ်လာမ်သည် ကျူးကျော်စော်ကားမှုနှင့် ညှဉ်ပန်း နှိပ်စက်မှုတို့ကို လူ့ဘောင်မှ ပပျောက်သွားစေခြင်းငှာ တုံ့ပြန် တိုက်ခိုက်ခြင်း ဖြစ်ကြောင်း အာယဟ်က ညွှန်ပြနေသည်။ ဒီး (န်) “လူ့ဘဝ တည်ဆောက်မှုစနစ်သည် အလ္လာ့ဟ်ပြဋ္ဌာန်း ချက်သာ ဖြစ်သည်” ဟု ဆိုခြင်းမှာ ထိုစနစ်၌ လူတို့၏ စွက်ဖက်မှု မပါဝင်ရန် သတိပေးခြင်းမျှ ဖြစ်သည်။ ကုရ်အာန်၏ လမ်းညွှန်ချက် တိုင်းသည် သူ့သဘောနှင့်သူ ပြည့်စုံပြီး ဖြစ်ပါလျက် မိမိတို့ စိတ်တိုင်းကျ ပြုပြင် ပြောင်းလဲခွင့် မရှိ ကြောင်း ညွှန်ကြားခြင်း ဖြစ်၏။ ထိုကြောင့် တိုက်ခိုက်ခွင့်နှင့် ရပ်စဲခွင့် တို့သည် ကုရ်အာန်၏ ပြဋ္ဌာန်းချက် အတိုင်းတိတိကျကျ ဖြစ်ဖို့လိုသည်။ မည်သည့်အခါ၌မဆို ကျူးကျော်သူများကိုသာ တုံ့ပြန် တိုက်ခိုက်ရမည် ဖြစ်ပြီး၊ အေးချမ်းစွာ နေထိုင်ကြသော မုစ်လင်မ် မဟုတ်သူများ အပေါ် ကျူးကျော်ခွင့် လုံးဝ မရှိသည်ကို အထူးပင် သတိပြုအပ်ပေသည်။"
241,"(اَلشَّهْرُ الْحَرَامُ بِالشَّهْرِ الْحَرَامِ) “ထူးမြတ်သော လသည် ထူးမြတ်သော လ၏ အစားဖြစ်သည်” ဟု တိုက်ရိုက် ပြန်ဆိုလေ့ ရှိကြသည်။ ကျွန်ုပ်က ဆိုလိုရင်းကို အဓိကထား၍ ပြန်ဆိုခြင်းဖြစ်သည်။ (حَرَامٌ) ‘ဟရာမ်’ ဟူသော စကားလုံးနှင့် ပတ်သက်၍ [2:144] အောက်ခြေ (၁၉၉) ၌ ဖော်ပြပြီး ဖြစ်သည်။ ယင်း၌ “လေးစားခြင်း” “ထူးမြတ်ခြင်း” အပြင် “တားမြစ်ခြင်း” လည်းပါဝင်သည်။ ဤအာယဟ်တွင် စစ်မက် တိုက်ခိုက်ခြင်းအား ရပ်စဲထားခြင်း သဘောကို ဖော်ညွှန်းသည်။ ဤသို့ ရပ်စဲထားခြင်း အပေါ် အပြန်အလှန် လေးစားရမည် ဟုလည်း ဆိုလိုပါသည်။ တစ်ဖက်မှသဘော တူညီမှုကို ချိုးဖောက်သည် ရှိသော် အခြားတစ်ဖက်မှ လေးစားစရာ မလိုတော့ကြောင်း အာယဟ်က ရည်ညွှန်းခြင်း ဖြစ်သည်။ ၎င်းကို အာယဟ်၌ (اَلْحُرُمٰتُ قِصَاصٌ) ဟု ဖော်ပြထားသည်။ ဆိုလိုသည်မှာ အပစ်အခတ် ရပ်စဲခြင်းသည် အပြန်အလှန် လေးစားမှုပင် ဖြစ်သည်ဟူ၏။"
242,"ဟဂျ်နှင့် အွန်မ်ရဟ်ဟူသော အသုံးအနှုန်းနှင့် စပ်လျဉ်း၍ [2:125] အောက်ခြေ (၁၇၆)၊ [2:158] အောက်ခြေ (၂၁၄၊ ၂၁၅) တို့တွင် ကြည့်ပါ။"
243,"(اَلْهَدْيُ) ‘ဟဒ်ယွန် (န်)’ ကို “ကုရ်ဗာနီသားကောင်” ဟု ပြန်ဆိုလေ့ ရှိကြသည်။ ဤစကားလုံးတွင် “လက်ဆောင်” ဟူသော အနက်သဘောလည်း ပါဝင်ရာ ကျွန်ုပ်က ထို အနက်သဘော ကိုပင် ကောက်ယူထားသည်။ အထူးသတိပြု ရမည့် အချက်မှာ- ကုရ်ဗာနီ သားကောင် ဟူသော အသုံးအနှုန်းမျိုး ကို ကုရ်အာန်၌ လုံးဝ သုံးနှုန်းထားမှု မရှိချေ။ ယင်းသည် ဘာသာပြန် ဆိုသူတို့၏ အယူအဆ သာလျှင်ဖြစ်၏။ ဤနေရာတွင် ရှေးခေတ် အရဗ် လူ့အဖွဲ့အစည်း၏ သူ့ခေတ် သူ့အခါက တန်ဖိုးထားကြသော ကုလားအုတ် အပါအဝင် အစီးအနင်း အဖြစ် အသုံးချကြသော၊ သို့မဟုတ် ရိက္ခာ အဖြစ် စားသုံးကြသော သားကောင်များ သည်လည်း (اَلْهَدْيُ) ‘ဟဒ်ယွန် (န်)’ “လက်ဆောင်” ၌ အကျုံးဝင် နိုင်ပါသည်။"
244,"(نُسُكٍ) ‘နုစွတ်က်’ ကိုလည်း “ကုရ်ဗာနီသားကောင်” ဟုပင် ပြန်ဆိုလေ့ ရှိကြသည်။ အချို့ကမူ “ဝတ်ပြုမှု” ဟုလည်း အနက်ကောက်ကြသည်။ ကျွန်ုပ်က “အပြုသဘော ဆောင်သော လုပ်ဆောင်မှု” ဟု အနက်ကောက် ထားသည်။"
245,"(عَرَفَاتٌ) ‘အရဖှားသ်’ ၏ အဓိပ္ပာယ်များမှာ “သိခြင်း” “မှတ်မိခြင်း” “အသိအမှတ်ပြုခြင်း” ဖြစ်သည်။ အချို့က ကအ်ဗဟ်၏ အရှေ့ဘက် (၁၂) မိုင် အကွာတွင် ကွင်းပြင်ကြီးရှိပြီး၊ ၎င်း၌ တောင်တစ်လုံးရှိ၍၊ ထိုတောင်၏ အမည်ကို အရဖှားသ်ဟု ဖော်ပြကြကာ၊ ၎င်းကို အစွဲပြု၍ ကွင်းပြင် ကိုပါ အရဖှားသ်ဟု ခေါ်တွင်ကြောင်း ရေးသားကြ၏။ ကျွန်ုပ်၏ သုံးသပ်ချက်အရ ဟဂျ် (ကမ္ဘာ့ညီလာခံ) သို့ လာရောက်ကြသော ကမ္ဘာအရပ်ရပ်မှ ယဉ်ကျေးမှုပေါင်းစုံ ရှိသူတို့ အကြားအပြန်အလှန် အသိအမှတ်ပြုကြရန် စုရုံးခြင်းကို အရဖှားသ်ဟု ရည်ညွှန်း သည်ဟု နားလည် မိပါသည်။"
246,"(اَلْمَشْعَرُ الْحَرَامُ) ‘အလ်မရှ်အရွတ်လ် ဟရာမ်’ ဟူသော ပုဒ်သည် (الْحَرَامُ) ‘ဟရာမ်’ “လေးစားအပ်သော” နှင့် (اَلْمَشْعَرُ) ‘မရှ်အရ်’ “အသိဉာဏ်ကို အသုံးပြုရမည့် နေရာ” တို့ ပေါင်းဖွဲ့ထားသည့် ပုဒ်စုဖြစ်သည်။ ထိုနေရာတွင် ရက် အနည်းငယ်နေပြီး၊ ကိစ္စအချို့ကို အပြန်အလှန် ဆွေးနွေး အဖြေရှာခြင်း၊ လိုအပ်ချက်အချို့ကို အပြန်အလှန် ကူညီခြင်း၊ ဧည့်ဝတ် ကျေပွန်ခြင်း စသည်တို့ကို ဆောင်ရွက် ကြရသည်။"
247,"(اُذْكُـــــــــرُوا اللهَ) ‘အွတ်ဇ်ကုရွတ်လ္လာဟ်’ ကို တိုက်ရိုက် ပြန်ဆိုလျှင် “အလ္လာဟ်ကို တသကြ” ဟူ၍ ဖြစ်သည်။ အလ္လာဟ်ကို တသခြင်းဟူသည် မိမိတို့၏ အခက်အခဲ များကို အလ္လာ့ဟ် ပြဋ္ဌာန်းချက်များအား မျက်မှောက်ပြု၍၊ အဖြေ ရှာရန် ရည်ညွှန်းခြင်း ဖြစ်သည်။"
248,"(اَللهُ سَرِيْعُ الْحِسَابِ) ကို “အလ္လာဟ်သည် လျင်မြန်စွာ စစ်ဆေးတော် မူသောအရှင်” ဟု ဘာသာပြန်ကြသည်။ (سَرِيْعٌ) ‘စရီးအ်’ ဟူသည် အလ္လာဟ်၏ တုံ့ပြန်မှု ဥပဒေကို တင်စားသော ပုဒ်ဖြစ်သည်။ ‘လျင်မြန်သော’ ဟူသည့် အနက်ကို ဆောင်သည်။ လုပ်ဆောင်ချက်တိုင်းမှ တုံ့ပြန်သည့် ရလဒ်ကို ချက်ချင်း ဆိုသလို သန္ဓေတည်စေသည်။ သန္ဓေတည်ရာမှ ပြည့်ဝစွာ အကောင်အထည် ပေါ်ဖို့ရန် အချိန်ကာလ လိုပေသည်။ ထို့ကြောင့် ရလဒ်များ ချက်ချင်း မခံစားရခြင်း ဖြစ်ပေသည်။ (اَلْحِسَابُ) ‘ဟိစားဗ်’ သည် စာရင်းအင်းကို ဆိုသည်။ တုံ့ပြန်သော ရလဒ်၏ တိကျစွာ ဖြစ်ထွန်းမှုကို ကိုယ်စားပြုသော ပုဒ်ဖြစ်သည်။ ထို့ကြောင့် အာယဟ်တွင် အလ္လာဟ်သည် (တုံ့ပြန်မှု ဥပဒေသအရ) ရလဒ်ကို မဆိုင်းမတွ တိကျစွာ ဖြစ်ထွန်း စေတော်မူ၏ ဟု အနက်ကောက်ခြင်း ဖြစ်သည်။#သို့ဖြစ်ရာ ကောင်းသောအမှု ပြုသော သူသည် ရလဒ် ပုံပေါ်မလာသေး သောကြောင့် စိတ်ပျက်စရာမလို၊ ဆိုးသော အမှု ပြုသူ ကလည်း ရလဒ် ပုံပေါ်မလာသေး သောကြောင့် ရဲတင်းစွာ ဆက်လက် မပြုကျင့်အပ် ဆိုသည်ကို သတိပြုဆင် ခြင်အပ်၏။"
249,"(تَوَلّٰى) ‘သဝလ္လာ’တွင် “ပြန်လှည့်ခြင်း” နှင့် “အာဏာရခြင်း” ဟူ၍ အနက်သဘော နှစ်မျိုးလုံး ပါဝင်သည်။ မြေကမ္ဘာတွင် ကမောက်ကမ ဖြစ်စေခြင်းနှင့် ဖျက်ဆီးခြင်းတို့ကို အာဏာရှင်များ ကသာ ဖန်တီး ကြသောကြောင့် “အာဏာရှိလာခြင်း” ဟူသော အနက်သဘော ကိုရွေးချယ် ဖော်ပြခြင်း ဖြစ်သည်။"
250,"(اَلنَّسْلَ) ‘နတ်စ်လ’ တွင် “စုဆောင်းထားသော အရာများ” “ကျွဲနွားများ” “အစုရှယ်ရာများ” “လူ့အနွယ်များ” ဟူ သော အနက်သဘောများ ကိန်းဝပ်၏။ ဤနေရာတွင် လူ့အနွယ်များ ဟူသော အနက်သဘောကို အဓိက ဖော်ပြထား သော်လည်း ၎င်း၌ အနက်သဘော အသီးသီး ပါဝင်နေသည်ကို သတိပြုစေလိုသည်။"
251,"(أَخَذَتْهُ الْعِزَّةُ) ‘ဂုဏ်သိက္ခာက သူ့ကို အရည်အသွေး ကျဆင်းမှုသို့ တွန်းပို့ခြင်း’ ဟူသည် အမှန်တရားကို သိပါလျက်နှင့် မိမိဂုဏ်သိက္ခာ ထိခိုက်မည်ကို စိုးရိမ်၍ မသိသလို နေခြင်းအား ရည်ညွှန်းသည်။ ဤအပြုအမူသည် စင်စစ် သူ့အရည်အသွေးကို ကျဆင်း သွားစေကြောင်း အာယဟ်က ညွှန်းဆိုခြင်း ဖြစ်သည်။"
252,"(جَهَنَّمُ) ‘ဂျဟန္နန်မ်’ ကို “ငရဲဘုံ” ဟု နားလည် ထားကြသည်။ စင်စစ် ဂျဟန္နန်မ်ဟူသည် လူဖြစ်မှုကို စတေး ပစ်ရာနေရာ၊ လူ့ဂုဏ်သိက္ခာကို ဆိတ်သုဉ်း စေသောနေရာ၊ သို့မဟုတ် လူ့အရည်အသွေးကို ကျဆင်းစေသော နေရာဟူ၍ ဖြစ်ပေသည်။ ဤနေရာသည် မှားယွင်းသော လုပ်ဆောင်ချက် များမှ ဖြစ်ပေါ်လာသော ရလဒ် ဖြစ်တည်ရာပင် ဖြစ်၏။ ၎င်းသည် ဤလောက၌လည်း ဖြစ်ပေါ်နိုင်၍ အနာဂတ်ဘဝ ပြန်လည် ရှင်သန်မှု တွင်လည်း ကြုံရနိုင်သည်။"
253,"(مَرْضَاتُ اللهِ) ‘မရ်ဿွော်သွတ်လ္လာဟ်’ “အလ္လာဟ်၏ နှစ်မြို့မှု” ဟူသည် အလ္လာဟ်ပြဋ္ဌာန်းထားသော စံနှုန်း သတ်မှတ်ချက် နှင့်အညီ ဖြစ်ပေါ်သော ရလဒ်ကို ဆိုလိုသည်။ ဤစကားလုံးသည်လည်း (حُبٌّ) ‘ဟွတ်ဗ်ဗွန် (န်)’ ကဲ့သို့ “နှစ်မြို့မှု” ဟူသော အနက်သဘော ဖြစ်ပေါ်ပါသည်။ [(حُبٌّ) အတွက် အောက်ခြေ (၂၁၇) ကို ကြည့်ပါရန်] အလ္လာဟ်၏ နှစ်မြို့မှုသည် လူ့စိတ်ခံစားချက်၌ ဖြစ်ပေါ်သော နှစ်မြို့မှုနှင့် လုံးဝကွာခြား သည်ကို အထူးသတိပြုအပ်သည်။ ထို့ပြင် (مَرْضَاتٌ) ၏ မူရင်းပုဒ် (رَضِيَ) တွင် “သဘောတူခြင်း” “လက်ခံခြင်း” “အတည်ပြုခြင်း” စသည့် အဓိပ္ပာယ်များလည်း ပါဝင်ပါသည်။"
254,"(اُدْخُلُوْا فِى السِّلْمِ كَافَّةً) အိစ်လာ့မ် လူ့ဘဝ တည်ဆောက်မှုနစ်သို့ လုံးလုံးလျားလျား၊ ခြေစုံပစ်၍ ဝင်ရောက် ခြင်းဟူသည် ကျမ်းမြတ် ကုရ်အာန်၏ အာယဟ်များကို အခြားသော လမ်းညွှန်များနှင့် ရောပြွန်း နာခံမှုမျိုး မပြုလုပ်ရန် သတိပေးခြင်း ဖြစ်သည်။ ဤလုပ်ရပ်သည် အဖျက်သမား၏ လုပ်ရပ်မျိုး ဖြစ်၍၊ အဖျက်သမားသည် တည်ငြိမ်လုံခြုံမှု နှင့် ငြိမ်းချမ်းသာယာမှု တို့ကို ဖျက်ဆီးသူသာ ဖြစ်သောကြောင့် လုံခြုံမှု တည်ဆောက် သောသူတို့၏ ရန်သူဖြစ်ကြောင်း အသိပေး ခြင်းဖြစ်သည်။"
255,"‘အလ္လာဟ်က မလာအိကဟ် (နတ်သားများ) နှင့်အတူ တိမ်တိုက်များ မိုးလျက် ကြွလာပြီး၊ စီရင်ချက်ကို အဆုံးသတ်ရန်ကိုသာ စောင့်စားနေကြသလော’ ဟူသော အသုံးအနှုန်းသည် ဥပစာမျှ ဖြစ်၏။ ၎င်းသည် လူသား၏ စိတ်ကူးကို ပုံဖော်ပြခြင်း ဖြစ်သည်။ စင်စစ်တွင် အလ္လာဟ်သည် လူ့ပြည်သို့ ကြွရောက်လာရန် အကြောင်းပင် မရှိချေ။ အရေးကိစ္စ မှန်သမျှကို အလ္လာဟ်က မိမိပြဋ္ဌာန်း အပ်သော တုံ့ပြန်ရလဒ် အားဖြင့် စီရင်လေ့ ရှိကြောင်း သိထားကြ ရပေမည်။ အလ္လာဟ် ကြွရောက် လာမည်ဟု မျှော်လင့်ခြင်းမှာ အချည်းနှီးသာ ဖြစ်ပေသည်။#[ဤတွင် ရည်ညွှန်းသော မလာအိကဟ်နှင့် ပတ်သက်၍ [2:102]၊ အောက်ခြေ (၁၅၆) နှင့် တွဲဖက်လေ့လာပါရန်]#[ဆက်စပ်အာယဟ် [16:33]]"
256,"ဤအာယဟ်သည် လူ့ဘောင်၏ ပကတိ အနေအထားကို မီးမောင်း ထိုးပြနေသည်။ လူ့ဘောင် တစ်ရပ်၌ အကွဲအလွဲများ ဖြစ်ပေါ်ခြင်းသည် အလ္လာ့ဟ် ဥပဒေကျမ်း ကြောင့် မဟုတ်ဘဲ၊ လူအချင်းချင်း မနာလိုမှုကြောင့်ဟု ဆိုသည်။ စင်စစ်လူတစ်ဦးနှင့် တစ်ဦး ရှုမြင်သုံးသပ်မှု မတူညီခြင်းသည် လူဖြစ်မှု၏ ပြယုဂ်သာ ဖြစ်ပေသည်။ “ငါနှင့်မတူ ငါ့ရန်သူ” ဟု သတ်မှတ်ခြင်းသည် လူဖြစ်မှုအား ပစ်ပယ်ရာ ရောက်သည်။ ဤအတွေးသည် မနာလိုမှု၊ မလိုမုန်းထားမှု၊ အမြင်ကျဉ်း မြောင်းမှု စသည်တို့မှ ပေါက်ဖွားသည်။ လူသား၌ လွတ်လပ်ခွင့် အပြည့်အဝ ရှိပေရာ မိမိနှစ်သက်သော အယူကို လက်ခံနိုင်၏။ သို့ရာတွင် ထိုအယူ၌ လူ့အကျိုး ထိခိုက်စေရာများ မပါဝင်ရချေ။ အစ္စလာမ်မှ ပြဋ္ဌာန်းအပ်သော စည်းမျဉ်းများ၌ လူ့အကျိုးကို ထိခိုက်စရာ တစ်စုံတစ်ရာမျှ မရှိချေ။ ထို့ပြင် အတွေးအမြင်၊ အယူဝါဒ၊ ယုံကြည်ချက် စသည်တို့ ခြားနားနေသော လူ့ဘောင်၌ ငြိမ်းချမ်းစွာ အတူလက်တွဲ နေထိုင်နိုင်ရန်ကိုသာ အခြေတည်ထားသည်။ ထို့ကြောင့် ဘာသာမတူသူများ သာမက ဘာသာမဲ့ များနှင့်ပါ အေးချမ်းစွာ ပေါင်းစည်း နေထိုင်နိုင်သော စည်းမျဉ်းများ ဟု မှတ်ယူအပ်၏။#[ဆက်စပ်အာယဟ်များ [2:36] [10:19] [16:92] [57:20]]"
257,"ဤအာယဟ်တွင် သုံးနှုန်းထားသော (اَلْجَنَّةُ) ‘ဂျန္နဟ်’ “ဥယျာဉ်” သည် ဤလောက၌ တည်ဆောက် အပ်သည့် သာယာချမ်းမြေ့သော လူ့ဘောင်ကိုရည်ညွှန်း သည်။ ထိုလူ့ဘောင်ကို လွယ်ကူစွာ တည်ဆောက်နိုင်သည် မဟုတ်ပေ။ စွန့်လွှတ်စွန့်စား အနစ်နာခံ၍ တည်ဆောက် ကြရသည်။ အန္တရာယ်မျိုးစုံ ကြုံကြရသည်။ ဘေးဒုက္ခ မျိုးစုံဖြင့် ရင်ဆိုင်ကြရသည်။ ကြံ့ခိုင်မှု၊ ဇွဲလုံ့လတို့ စိုက်ထုတ် ကြရသည်။ ထိုအခြေအနေများကို ရင်ဆိုင် ဖြတ်သန်းရင်း အဆုံး၌ ယင်းလူ့ဘောင် ပုံပေါ်လာတော့၏။ ရစူလ်နှင့် အပေါင်းပါ မုအ်မင်န်တို့ သည်လည်း ဤသို့ပင် ရင်ဆိုင် ဖြတ်သန်းရင်း နောက်ဆုံး သာယာချမ်းမြေ့သော လူ့ဘောင် တစ်ခုကို တည်ဆောက်ခဲ့ကြခြင်း ဖြစ်သည်။ ဤနေရာတွင် အထူး သတိပြုအပ်သည်မှာ ဤလောက၌ ဂျန္နဟ် တည်ဆောက် နိုင်မှသာ အာခိရဟ်၌လည်း တည်ဆောက် နိုင်မည် ဖြစ်၏။ လောက၏ ဂျန္နဟ်သည် လောက၏ အတိုင်းအတာ ပမာဏနှင့် အညီဖြစ်၍၊ အာခိရဟ်၏ ဂျန္နဟ်သည် အာခိရဟ်၏ အတိုင်းအတာအရ ဖြစ်ပေါ်ပေမည်။#[ဆက်စပ်အာယဟ်များ [3:141] [9:16] [29:2] [33:10]]"
258,"ဂျန္နဟ်မည်သော လူ့ဘောင်တစ်ရပ် ပုံပေါ်လာရန် အတွက် လိုအပ်လျှင် ဆန့်ကျင်ဘက် အင်အားစုတို့နှင့် မလွှဲ မကင်းသာ ထိပ်တိုက် ရင်ဆိုင် တိုက်ခိုက်ရလေ့ ရှိသည်။ လူ့သဘာဝသည် တိုက်ခိုက် ရခြင်းကို မနှစ်သက်ပေ။ သို့ရာတွင် လူ့ဘောင်၌ နိုင်လို မင်းထက် ပြုမူနေခြင်းနှင့် လူ့ဘောင်၏ လုံခြုံမှု တို့ကို နည်းပေါင်းစုံဖြင့် ထိပါး နှောင့်ယှက် နေသူတို့ကို တိုက်ထုတ် ရမည်မှာ အေးချမ်းစွာ နေထိုင်လိုသူတို့၏ တာဝန်ပင် ဖြစ်သည်။ ထိုအတွက် စနစ်ကျသော စစ်တပ်တစ်ခုကို တည်ဆောက်ရ ပေမည်။ အာယဟ်၌ ရည်ညွှန်းသော “သင်တို့အပေါ်” ဟူသည် အေးချမ်းစွာ နေထိုင်လိုသူတို့ကို ဦးဆောင်လျက် ရှိသည့် အစိုးရအား တိုက်ရိုက် ရည်ညွှန်းသည်။ ထို့ကြောင့် လူတိုင်း လက်နက်ကိုင်၍ တိုက်ပွဲဝင်ရ မည်ဟု မဆိုလိုကြောင်း သိထားရပေမည်။"
259,"(هَاجَرُوْا) ‘ဟာဂျရူး’ ၏ မူရင်းပုဒ်မှာ (هِجْرَةٌ) ‘ဟိဂျ်ရဟ်’ ဖြစ်သည်။ ရင်းမြစ် အဓိပ္ပာယ်များမှာ “စွန့်ခွာခြင်း” “တုတ်နှောင်ခြင်း” စသဖြင့် ဖြစ်သည်။ ကုရ်အာန်၏ သုံးနှုန်းပုံအရ အလ္လာဟ် ပြဋ္ဌာန်းထားသော လူ့ဘဝ တည်ဆောက် မှုစနစ်နှင့် အညီ လူ့ဘောင်တစ်ရပ် တည်ဆောက်ရန် အခွင့်အရေး မရှိသောနေရာမှ စွန့်ခွာခြင်းကို (هِجْرَةٌ) ‘ဟိဂျ်ရဟ်’ ဟု ရည်ညွှန်းသည်။ ထိုသို့ စွန့်ခွာသွား သူများကို (مُهَاجِرٌ) ‘မုဟာဂျိရ်’ ဟုခေါ်သည်။"
260,"(جَاهَدُوْا) ‘ဂျာဟဒူး’သည် (جِهَادٌ) ‘ဂျိဟာဒ်’ ၏ ကြိယာဖြစ်သည်။ မုစ်လင်မ် လောကတွင် ၎င်းကို “ဘာသာရေး စစ်ပွဲ ဆင်နွှဲခြင်း” ဟု မှားယွင်းစွာ အနက်ကောက် ကြသည်။ ကျမ်းမြတ် ကုရ်အာန်၏ မည်သည့် နေရာ၌မျှ ဤအနက် သဘောဖြင့် သုံးနှုန်း မထားပါ။ ဤစကားလုံး၏ ရင်းမြစ် အဓိပ္ပာယ်မှာ “ပင်ပန်းကြီးစွာ၊ အားကြိုးမာန်တက်၊ စွမ်းစွမ်းတမံ ရုန်းကန် လှုပ်ရှားခြင်း” ဟူ၍ ဖြစ်ပေသည်။ စင်စစ် ၎င်းသည် အကျပ်အတည်းမှ လွတ်မြောက်စေရန် ရုန်းကန်လှုပ်ရှား၊ တွန်းလှန် ဖယ်ရှားခြင်းကို ရည်ညွှန်းသည်။ ဤအာယဟ်၏ သုံးနှုန်းပုံအရ (مُهَاجِرٌ) ‘မုဟာဂျိရ်’ တစ်ဦး၏ ရည်ရွယ်ချက် ကို ပြည့်မြောက်စေရန် ပံ့ပိုးသော ဝေါဟာရ ဖြစ်ပေသည်။#ဆိုလိုသည်မှာ- အလ္လာဟ်ပြဋ္ဌာန်းထားသော လူ့ဘဝ တည်ဆောက်မှု စနစ်နှင့်အညီ လူ့ဘောင် တစ်ရပ် တည်ဆောက်ရန် အခွင့်အရေး မရှိသောနေရာ မှ စွန့်ခွာပြီးနောက် ထိုလူ့ဘောင် ပုံပေါ်လာရေး အတွက် စွမ်းစွမ်းတမံ လှုပ်ရှား ရုန်းကန်သူ (တစ်နည်း) သက်စွန့် ကြိုးပမ်း ဆောင်ရွက်သူကို (مُجَاهِدٌ) ‘မုဂျာဟိဒ်’ ဟု ခေါ်သည်။ ထို့ကြောင့် (مُجَاهِدٌ) ‘မုဂျာဟိဒ်’ သည်ဘာသာရေး အတွက် စစ်မက်တိုက်ခိုက် နေသူ မဟုတ်ကြောင်းနှင့် (جِهَادٌ) ‘ဂျိဟာဒ်’ သည် ဘာသာရေးစစ် ဆင်နွှဲခြင်း လုံးဝ မဟုတ်ကြောင်း တို့ကို အထူးပင် သတိပြု ဆင်ခြင်အပ်၏။ #[ဆက်စပ်အာယဟ်များ [2:132] [53:32]]"
261,"(خَمْرٌ) ‘ခမ်ရ်’ ဟူသည် အသိဉာဏ်ကို ထုံထိုင်းစေသော အရာမှန်သမျှကို ဖော်ပြသော်လည်း ဘာသာပြန်များ၌ အရက် ဟူ၍ပင် ဖော်ပြကြ၏။ ဤတွင် (خَمْرٌ) ‘ခမ်ရ်’နှင့်စပ်လျဉ်း၍ ဖွင့်ဆိုပုံအချို့ကို ဖော်ပြပါမည်။#اَلْخَمْرُ مَا خَامَرَ الْعَقْلَ.#အသိတရား ဝေခွဲမရ ဖြစ်ပြီး၊ ချည့်နဲ့ သွားစေသော အရာတိုင်းသည် ယစ်မူးမှု ဖြစ်သည်။ (သာဂျ်နှင့် ရာဃိဗ်) #لِأَنَّهَا تَخْمِرُ الْعَقْلَ.#အရက်သေစာကို ခမ်ရ်ဟု ခေါ်ရခြင်း အကြောင်းမှာ ၎င်းသည် အသိဉာဏ်ကို ဖုံးလွှမ်း ခြင်းကြောင့်ဖြစ်သည်။#خَامَرَ الرَّجُلُ فِى الْبَيْعِ مُخَامَرَةً.#သူသည် ရောင်းဝယ်မှုတွင် လိမ်လည်၍ လွတ်လပ်သူကို ကျွန်ပြု ရောင်းစားသည်။ (မုဟီးတွ်) #သို့ဖြစ်ရာ အာယဟ်၏ ညွှန်ကြားချက်တွင် အရက်အပါအဝင် မူးယစ်ဆေးဝါး အားလုံး ပါဝင်လာသည်။ ထိုမျှမက လူ့အသိဉာဏ်ကို အမှားအမှန် ဝေခွဲမရဖြစ် စေသော အရာမှန်သမျှလည်း ပါဝင်လာသည်။ ဥပမာ- မာန်မာန၊ အာဏာ၊ ဥစ္စာပစ္စည်း၊ ဘာသာရေး အစွန်းရောက်မှု စသည်တို့ သည်လည်း အမှားအမှန် မဝေခွဲနိုင်အောင် ပြုလုပ် နိုင်သည်ဖြစ်ရာ (خَمْرٌ) ‘ခမ်ရ်’၌ အကျုံးဝင်သည်ကို သတိပြုစေလိုသည်။ [(خَمْرٌ) ‘ခမ်ရ်’ ၏ အခြားအနက် သဘောများကို [37:45]၊ အောက်ခြေ (၁၄၉၆) နှင့် [47:15]၊ အောက်ခြေ (၁၆၁၁) တို့တွင် လေ့လာနိုင်ပါသည်]"
262,"(مَيْسِرٌ) ‘မိုက်စိရ်’ ကို လောင်းကစားမှု ဟုသာ ပြန်ဆိုကြ၏။ (مَيْسِرٌ) ၏ ဇာစ်မြစ် အက္ခရာစုမှာ (ي س ر) ဖြစ်သည်။ အဓိပ္ပာယ်မှာ “လွယ်ကူခြင်း” ဖြစ်သည်။ မိုက်စိရ်တွင် လောင်းကစားမှု အပြင် အချောင်ရရှိရန် ကြံစည်မှု အားလုံး ပါဝင်သည်။ ဥပမာ- မတန်တဆ အမြတ် ကြီးစားခြင်း သည်လည်း မိုက်စိရ်၌ အကျုံး ဝင်သည်။# (مَيْسِرٌ) ‘မိုက်စိရ်’ အားဖြင့် လူအချို့ အကျိုးခံစား ကြရသည်မှာ မှန်သော်လည်း လူအများစုမှာမူ အဖက်ဖက်မှ နစ်နာ ဆုံးရှုံးကြရသည်။ လက်တစ်ဆုပ်စာ လူတို့ ကောင်းစားသွားပြီး၊ လူအများစု နစ်နာမည်ဆိုလျှင် ရေရှည်တွင် လူ့ဘောင် တစ်ရပ်လုံး၌ ချည့်နဲ့မှုကို ဖြစ်စေ သည်ဟု ကုရ်အာန်က သွန်သင်သည်။#[ဆက်စပ်အာယဟ် [53:39]"
263,"(اَلْيَتٰمٰى) ‘ယသာမာ’ သည် (يَتِيْمٌ) ‘ယသီးမ်’ ၏ ဗဟုဝုစ် ဖြစ်သည်။ ၎င်းတွင် “ဘမဲ့ကလေး” ဟူသော အဓိပ္ပာယ် အပြင် “အထီးကျန်ခြင်း” “မုဆိုးမ” ဟူသော အဓိပ္ပာယ်များလည်း ပါဝင်သည်။ ဤအခြေအနေ များသည် အားကိုးရာ မဲ့နေမှုများ ဖြစ်ပေသည်။ တစ်ခါတစ်ရံ အိမ်ထောင်ရှိ အမျိုးသမီးနှင့် ဖခင်ရှိသော ကလေးများ သည်လည်း အကြောင်း ကြောင်းကြောင့် (ဥပမာ- လင်သား၊ သို့မဟုတ် ဖခင် အိပ်ရာထဲ လဲနေခြင်းမျိုး) အားကိုးရာ မဲ့သွားတတ်ကြသည်။ ထို့ကြောင့် ကျွန်ုပ်က အားကိုးရာမဲ့သူများ ဟူသော အနက်ကို ပို၍ နှစ်ခြိုက်သည်။ ၎င်းသည် ဓမ္မဓိဋ္ဌာန်လည်း ကျသည်။ အားကိုးရာ မဲ့မှုတွင် ကိုယ်ပိုင် အစွမ်းအစ မရှိသည့်သဘော ပါဝင်သည်ကို အထူးသတိပြုရပေမည်။"
264,"[2:96] အောက်ခြေ (၁၅၂) တွင် ဖော်ပြခဲ့သည့်အတိုင်း (مُشْرِكٌ) ‘မုရှ်ရစ်က်’ဟူသော ဝေါဟာရတွင် - #၁-အလ္လာ့ဟ်စည်း မျဉ်းများနှင့် အခြားစည်းမျဉ်းတို့ကို ရောပြွန်း နာယူသူ၊#၂-အုပ်စု အတွင်း စိတ်ဝမ်းကွဲမှုကို ဖန်တီးသူ ဟူ၍ ဖြစ်သည်။ ဤစိတ်ဓာတ်မျိုး ရှိသူနှင့် အိမ်ထောင်ပြုလျှင် လိုချင် တပ်မက်မှုကြောင့် တခဏတာ ပျော်ရွှင်နိုင် သော်လည်း ရေရှည်၌ အိမ်ထောင်ပြိုကွဲ နိုင်သည်။ ထိုအခါ အပြစ်မဲ့သော သားသမီးများလည်း မျက်နှာငယ်ရမည်။ ဤအာယဟ်တွင် မုရှ်ရစ်က်ကို မုအ်မင်န်၏ ဆန့်ကျင်ဘက်အဖြစ် ဖော်ပြထားရာ အိမ်ထောင် တစ်ခု၏ လုံခြုံမှုနှင့် တည်ငြိမ်မှုတို့ကို ဖန်တီးနိုင်သည့် အရည်အချင်း မရှိသူ ဟူသော သဘောတရားလည်း ဖြစ်ပေါ်ပါသည်။"
265,"ဤတွင် ရည်ညွှန်းထားသော (مُؤْمِنٌ) ‘မုအ်မင်န်’ ဟူသည် အိမ်ထောင်တစ်ခု၏ လုံခြုံမှုနှင့် တည်ငြိမ်မှုတို့ကို ဆောင်ကြဉ်းနိုင်သူအား အဓိက ရည်ညွှန်းခြင်း ဖြစ်သည်။ ၎င်းကို အိမ်ထောင်ရေး သုခ ဆောင်ကြဉ်းနိုင်သူဟု ဆိုနိုင်သည်။ ကုရ်အာန်က ဘာသာတူခြင်း မတူခြင်းထက် အိမ်ထောင်မြဲခြင်း မမြဲခြင်းကို ဦးစားပေး ရွေးချယ်စေခြင်း ဖြစ်ပေသည်။ ထို့ကြောင့် အိမ်ထောင်တစ်ခုတွင် မည်သည့် ဘာသာကို ယုံကြည်သည်၊ မည်သည့် လူမျိုးဖြစ်သည် ဆိုသည်ထက် မည်သို့သော အကျင့်စရိုက် ရှိသည် ဆိုသည် ကိုသာ အဓိကထား ရွေးချယ် သင့်ပေသည်။"
266,"(أَمَةٌ) ‘အမဟ်’ “ကျွန်မ” (عَبْدٌ) ‘အဗ်ဒ်’ “ကျွန်” ဟူသည် ကျွန်ခေတ် မပျောက်ခင် အခြေအနေကို အခြေခံ၍ အနက်ကောက်ခြင်း ဖြစ်သည်။ ကျွန်စနစ် ဖျက်သိမ်းပြီးနောက်တွင် ဤဝေါဟာရများ၌ ‘အိမ်ဖော်’ ‘အစေခံ‘အစေ အပါး’ စသည့် အနက်သဘောများ ဖြစ်ပေါ်ပါသည်။ လူတစ်ဦးသည် ဥစ္စာပစ္စည်း ဆင်းရဲနိုင် သော်လည်း စိတ်ဓာတ်၊ ကိုယ်ကျင့်တရား အားဖြင့် ကြွယ်ဝ နိုင်ပေသည်။ ထိုသို့ဖြင့် အိမ်ထောင်တစ်ခုတွင် လိုအပ်သော သုခ ချမ်းသာများကို ဖန်တီးနိုင်မည် ဖြစ်၏။"
267,"(اِعْتَزِلُوا النِّسَاءَ) “ အမျိုးသမီးများနှင့် ခွာ၍ နေကြ” ဟူသည် လိင်ဆက်ဆံမှု မပြုရန် တားမြစ်ခြင်း ဖြစ်သည်။ မတို့ မထိရဟု ဆိုခြင်း မဟုတ်ပေ။ (اِعْتَزِلُوْا) ‘အိအ်သဇိလူး’ ၏ တိုက်ရိုက် အနက်မှာ “အမျိုးသား၏ လိင်ကို အမျိုးသမီး ၏ သားအိမ်သို့ သားသမီး မွေးဖွားစေခြင်းငှာ ထည့်သွင်းခြင်းမှ ခွဲခွာ၍ နေခြင်း” ကိုရည်ညွှန်းသည်။"
268,"(أَنّٰى شِئْتُمْ) ကို “သင်တို့ ကြိုက်နှစ်သက်ရာ နည်းနှင့် သွားလာကြလော့” ဟု ပြန်ဆိုလေ့ ရှိကြသည်။ ဤပြန်ဆို မှု၏ နောက်တွင် မဖွယ်ရာသော လိင်ဆက်ဆံမှု များကို အသာပေး ဖော်ပြကြသည်။ ထိုဖော်ပြချက်များသည် အစ္စလာမ် နှင့် ကုရ်အာန် အပေါ် မကောင်း ကြံစည်မှုသာ ဖြစ်ကြောင်း သတိပြုသင့်၏။ စင်စစ် (أَنّٰى شِئْتُمْ) ဟူသည် သားသမီးယူရန် ဆန္ဒဖြစ်သည့် အချိန်ကို ရည်ညွှန်းခြင်း ဖြစ်၏။"
269,"ကောင်းသော ကိစ္စများ မလုပ်ဟု ကျိန်ဆိုခြင်းကို (بِاللَّغْوِ) ‘အဓိပ္ပာယ်မဲ့သော’ ကျိန်ဆိုမှုဟု ရည်ညွှန်းခြင်း ဖြစ်သည်။ ထိုသို့ ကျိန်ဆိုပြီးနောက် ကောင်းသောကိစ္စများ ကိုလုပ်ခြင်းဖြင့် အရေးယူ ခံရမည် မဟုတ်ဟု ဆိုလိုသည်။ စင်စစ် ‘မကောင်းသော အမှုကိစ္စများ မလုပ်တော့’ ဟုသာ လှိုက်လှိုက်လှဲလှဲ ကျိန်ဆိုသင့်သည်။ ထိုသို့ ကျိန်ဆိုပြီး နောက် ဖောက်ဖျက်ပါက အရေးယူ ခံရပေမည်။ အရေးယူခြင်း ဟူသည် ဆိုကျိုး သက်ရောက်ခြင်းကို ဆိုလိုသည်။#[ဆက်စပ်အာယဟ် [5:89]]"
270,"ဇနီးသည်များကို ကွာရှင်းခြင်းလည်း မပြု၊ ပေါင်းသင်းခြင်းလည်း မပြုဘဲ နိုင်ထက်စီးနင်း ပြုလိုသော သဘောဖြင့် ပေါင်းသင်းမှု မပြုဟု ကျိန်ဆိုခြင်းကို (إِيْلَاءٌ) ‘အီလာအ်’ ဟု ခေါ်သည်။ “အီလာပြုခြင်းသည် ကာလမဲ့ မဖြစ်စေရ” ဟု ကုရ်အာန်က သတိပေးသည်။ ထိုအတွက် လေးလတာ ကာလကို သတ်မှတ်၍ ပေးသည်။ ဤသည် အိမ်ထောင်ရေး မပြေလည်မှု၏ နိဒါန်းပင် ဖြစ်၏။ ထိုမပြေလည်မှုအတွက် လေးလတာ ကာလအတွင်း စေ့စပ်ညှိနှိုင်း၍ ပြေလည်ရန် ကြိုးစားရပေမည်။ ပြေလည်မှု ရရှိလျှင် ဆက်လက်ပေါင်းသင်း၍ မရရှိက ရှင်းရှင်းလင်းလင်း ကွာရှင်းရမည်။#[ဆက်စပ်အာယဟ် [5:89] [33:4] [58:3]]"
271,"(طَلَاقٌ) ‘တွလားက်’ ဟူသည် “ကွာရှင်းပြတ်စဲခြင်း” “အိမ်ထောင်မှု ပဋိညာဉ်ကို ဖျက်သိမ်းခြင်း” “လွတ်လပ်စေခြင်း” “အချုပ်အနှောင်ကို ဖြေပေးခြင်း” စသည်တို့ကို ရည်ညွှန်း ခေါ်ဆိုသည်။ ကွာရှင်းမှုသည် လူ့ဘောင်၏ လိုအပ်ချက် တစ်ရပ် ဖြစ်သည့် အားလျော်စွာ စည်းမျဉ်း ဥပဒေများဖြင့် ထိန်းကျောင်း ပေးထားသည်။ ထိုသို့ဖြင့် တရားလက်လွတ် ဖြစ်ပေါ်မလာရန် တားဆီးခြင်း ဖြစ်သည်။ အထူးသဖြင့် အမျိုးသမီးများ၏ အခွင့်အရေးကို ကာကွယ် စောင့်ရှောက်ရန်အတွက် ဖြစ်သည်။"
272,"(اَلْمُطَلَّقَــــــــــــاتُ) ‘မုတွလ္လကားသ်’ “ကွာရှင်းခံ အမျိုးသမီးများ” ဟူသော အသုံးအနှုန်းကို ကြည့်၍ (طَلَاقٌ) ‘တွလားက်’ “ကွာရှင်းမှု” ကို လင်ခင်ပွန်းများ ကသာ ပိုင်ဆိုင်ကြသည်ဟု လွဲမှားစွာ နားလည်နေကြပြီး၊ မဟာဖိုဝါဒ ကို ကျင့်သုံးနေကြ၏။ အမျိုးသမီးကို ကွာရှင်းခံဟု သုံးနှုန်းရသော ရည်ရွယ်ချက်မှာ ကွာရှင်းပြီးနောက် အမျိုးသမီးတို့သည် အမျိုးသားတို့ထက် စောင့်ထိန်းရမည့် တာဝန်အပိုင်းတွင် ပိုသောကြောင့် ဖြစ်သည်။ ထို့ပြင် အိမ်ထောင်မှုဆိုင်ရာ တရားရုံးဘက်သို့ ရည်ညွှန်း သုံးနှုန်း ပုံလည်းဖြစ်သည်။ ရုံးတော်မှ အာယဟ်လာ ညွှန်ကြားချက်များကို သက်ဆိုင်သူ ကွာရှင်းခံ အမျိုးသမီးအား လိုက်နာနိုင်ရန် ထုတ်ပြန်ပေးရမည်။ အထူးသတိပြုရမည့် အချက်မှာ အမျိုးသားက စိတ်အခန့်မသင့်တိုင်း “ရှင်မကို တွလားက်-သို့မဟုတ်-သုံးတွလားက်” ဟု ပြောဆိုဖို့ အခွင့်အရေးပေးထားခြင်း လုံးဝမဟုတ်ပေ။ ထိုသို့ စိတ်အလို မကျတိုင်း နှုတ်မှ တွလားက်ပေး ခြင်းကြောင့် လက်တွေ့၌ အိမ်ထောင်တစ်ခု အမှန်တကယ် ကွဲပြဲ သွားနိုင်စရာ အကြောင်းပင် မရှိချေ။"
273,"(ثَلٰثَةَ قُرُوْءٍ) ‘ဆလာဆသ ကုရူးအ်’ “ဓမ္မတာ သုံးကြိမ်တိုင်” ဆိုင်းငံခြင်းဖြင့် ကိုယ်ဝန်ရှိမရှိကို သိနိုင်မည် ဖြစ်၏။ ထို့ပြင် ထိုကာလအတွင်း နှစ်ဦးနှစ်ဖက် စိတ်ပြေ၍ ပြန်လည် ပေါင်းလိုပါကလည်း ပေါင်းနိုင်ရန် အခွင့်အရေး ရှိမည် ဖြစ်သည်။ ဓမ္မတာ မပွင့်သူ ဖြစ်ပါက သုံးလထိ ဆိုင်းငံရပေမည်။ [65:4] ထိမ်းမြားပြီး မပေါင်းသင်းရ သေးသော အမျိုးသမီး များအဖို့ ဆိုင်းငံ ကာလမလိုအပ်။ [33:49] ဆိုင်းငံ့ ကာလအတွင်း အမျိုးသမီးကို လက်လွတ်စပယ် မောင်းမထုတ်ရ။ အမျိုးသမီးက ဖောက်ပြန်လျှင်မူ ခြွင်းချက် ဖြစ်သည်။ [65:1]"
274,"ကွာရှင်းခံ အမျိုးသမီးတွင် ကိုယ်ဝန်ရှိပါက ထိန်ချန် မထားရ။ ပွင့်လင်းစွာ ဖော်ပြရမည်။ အဘယ်ကြောင့်ဆို သော် သူမ၏ ဆိုင်းငံ့ ကာလမှာ မီးဖွားချိန်ထိ ဖြစ်သည်။ [65:4] ယင်းကာလ တစ်လျှောက် ခင်ပွန်းမှ စားဝတ်နေရေးကို တာဝန်ယူရမည်။ [65:6]"
275,"အိမ်ထောင်တစ်ခုသည် တစ်ကြိမ်တည်း သုံးခါ ကွာရှင်း၍ မရကြောင်း ‘သူမတို့၏ လင် ခင်ပွန်းတို့သည် သင့်မြတ်လိုသောကြောင့် ထိုအတောအတွင်း ပြန်လည် ပေါင်းစည်းခြင်းမှာ အမှန်ကန်ဆုံး ရွေးချယ်မှု ဖြစ်သည်’ ဟူသော ဖော်ပြချက်က ထောက်ခံနေသည်။ အဘယ်ကြောင့် ဆိုသော် ‘ပြန်လည် ပေါင်းသင်းခွင့်ရှိသော ကွာရှင်းမှုသည်’ နှစ်ကြိမ်သာ ဖြစ်၍ တတိယအကြိမ်တွင် ပြန်ပေါင်းခွင့် မရှိတော့ချေ။ [2:229]"
276,"အိမ်ထောင် ကွာရှင်ခြင်းနှင့် ပြန်လည် ပေါင်းသင်းခြင်းတွင် အမျိုးသားဘက်ကသာ တစ်ဖက်သတ် ဆောင်ရွက်ရန် အခွင့်အရေးရှိသည် ဆိုသော အယူအဆကို ဤအာယဟ်က ချေဖျက် ပစ်လိုက်သည်။ “စင်စစ် သူမတို့တွင် တာဝန်ရှိသကဲ့သို့ စည်းကမ်းနှင့်အညီ အခွင့်အရေး လည်းရှိ၏” ဟူသော ဖော်ပြချက်အရ နှစ်ဦးနှစ်ဖက် သဘောတူညီမှု ရရှိပြီးမှ ဆောင်ရွက်ရမည်ဟု အတိအလင်း ဆိုထားသည်။ သို့မှသာ ထိမ်းမြားစဉ်က နှစ်ဦးသဘောတူ ထိမ်းမြားသကဲ့သို့ ကွာရှင်း ရာတွင်လည်း နှစ်ဦးသဘောတူ ကွာရှင်း နိုင်မည် ဖြစ်၏။"
277,"(دَرَجَةٌ) ‘ဒရဂျဟ်’ “သာလွန်ခြင်းတစ်ရပ်” ဟူသည် အမျိုးသားများက အမျိုးသမီးတို့ထက် မြင့်မြတ်သည်ဟု ဆိုလိုသည် မဟုတ်။ အိမ်ထောင် ကွာရှင်းမှုတွင် ဆိုင်းငံ ကာလကို အမျိုးသမီးက တိုက်ရိုက် ဆောင်ရွက်ရပြီး၊ အမျိုးသား များ၌ တိုက်ရိုက် ဆောင်ရွက်စရာ မလိုပေ။ အဘယ်ကြောင့်ဆိုသော် ရာသီပန်းပွင့်ခြင်း၊ ကိုယ်ဝန် ဆောင်ခြင်းတို့သည် သဘာဝအရ အမျိုးသမီးနှင့်သာ သက်ဆိုင်သောကြောင့် ဖြစ်၏။ ဤသည်ကို (لِلرِّجَالِ عَلَيْهِنَّ دَرَجَةٌ) “အမျိုးသားများ ၌ သူမတို့ထက် သာလွန်မှု တစ်ရပ်ရှိ၏” ဟု မိန့်ခြင်း ဖြစ်သည်။"
278,"(اَلطَّلَاقُ مَرَّتَانِ) “ကွာရှင်းမှုသည် နှစ်ကြိမ်ဖြစ်၏” ဆိုသည်မှာ ပြန်ပေါင်းခွင့်ရှိသော ကွာရှင်းမှုကို ရည်ညွှန်းခြင်း ဖြစ်သည်။ ပြန်ပေါင်းပြီးနောက် တတိယတကြိမ် ကွာရှင်းခဲ့သည်ရှိသော် ပြန်ပေါင်းခွင့် မရှိတော့ချေ။ [2:230]"
279,"ကွာရှင်း ပြတ်စဲချိန်တွင် ခင်ပွန်းသည်က ဇနီးသည်အား ပေးခဲ့သည့် ပစ္စည်းအနက်မှ တစ်စုံတစ်ခုကိုမျှ ပြန်ယူခွင့် မရှိတော့ချေ။ သို့ရာတွင် ဇနီးသည်က မိမိခင်ပွန်း နှင့် ပြန်ပေါင်းခြင်းဖြင့် မိမိအတွက် နစ်နာမှုသာ ဖြစ်မည်ဟု စိုးရိမ်ရသည့် အခြေအနေတွင် လျော်ကြေးအဖြစ် တစ်စုံ တစ်ခုကို ပြန်ပေး ခြင်းကြောင့် အပြစ်မရှိချေ။ #ဤနေရာတွင် အထူးသတိပြုအပ်သည့် အချက်အချို့ကို ဖော်ပြလိုပါသည်။#1. ကွာရှင်းခြင်းကို ထိမ်းမြားစဉ်က ကဲ့သို့ပင် အိမ်ထောင်မှု ထိန်းသိမ်းရေး တရားရုံးမှ ဦးဆောင် ဆောင်ရွက်ရပေ သည်။ ကျွန်ုပ်တို့တွင် ထိုသို့သော တရားရုံး မရှိသေးပါ။ ထို့ကြောင့် ထိမ်းမြားလိုသောအခါ ဘာသာရေး ဆရာနှင့် ဆောင်ရွက်ကြရပေသည်။ ထိုသို့ဆောင်ရွက်ရာတွင် သတို့သမီး၏ အုပ်ထိန်းသူ၊ သို့မဟုတ် ကိုယ်စားလှယ်တစ်ဦး၊ သက်သေနှစ်ဦးတို့ ပါဝင်ကြရသည်။ ၎င်းကို စာချုပ်၌ နှစ်ဦးသဘောတူ လက်မှတ်ရေးထိုး အတည်ပြုရ၏။ ထို့ပြင် သတို့သမီးကို လက်ဆောင်အဖြစ် ရွှေ၊ သို့မဟုတ် ငွေ၊ သို့မဟုတ် နှစ်မျိုးလုံးကို ပေးရသည်။ (၎င်းကို ကုရ်အာန်က (صَدُقَةٌ، أُجُوْرٌ) စသဖြင့် သုံးနှုန်းသည်) ထိုဆောင်ရွက်ချက်များနှင့် ပြည့်စုံမှသာ ထိမ်းမြားမှုအတည် ဖြစ်သည်ဟု လက်ခံကြသည်။ ကွာရှင်းရာတွင်လည်း ဤအခြင်းလက္ခဏာများနှင့် ပြည့်စုံဖို့ လိုပေသည်။ ခင်ပွန်းက နှုတ်မှ တွလားက်ဟု ဆိုရုံမျှနှင့် ကွာရှင်းမှု အထ မမြောက်ပေ။ ခင်ပွန်း၌ ထိုသို့ ကွာရှင်းရန် အခွင့်အရေးလည်း မရှိချေ။#2. အိမ်ထောင်တစ်ခု အဆင်မပြေလျှင် ပထမဆုံး [4:35] တွင် ညွှန်ကြားထား သည့်အတိုင်း စေ့စပ်ညှိနှိုင်းပေးရမည်။ ထိုအတွက် ခင်ပွန်းသည်နှင့် ဇနီးသည်တို့၏ သားချင်းများအား တာဝန်ပေးရမည်။ မပြေလည်မှသာ ကွာရှင်းရပေမည်။ ကွာရှင်းရာတွင် ထိမ်းမြားစဉ်က ကဲ့သို့ပင် (အိမ်ထောင်မှု ထိန်းသိမ်းရေး တရားရုံး မရှိသောကြောင့်) ဘာသာ ရေးဆရာ၊ အုပ်ထိန်းသူ၊ သို့မဟုတ် ကိုယ်စားလှယ်၊ သက်သေနှစ်ဦး ရှေ့မှောက်၌ စာချုပ်ဖြင့် နှစ်ဦးသဘောတူ ကွာရှင်း ရမည်ဖြစ်သည်။ ကွာရှင်းရသည့် အကြောင်းရင်းကို ဦးစွာ ထိုပုဂ္ဂိုလ်တို့အား တင်ပြရမည်။ ထို့နောက် အဆိုပါ ပုဂ္ဂိုလ်တို့၏ သုံးသပ်ချက်အရ ကွာရှင်းသင့်သည်ဟု ယူဆ ပါမှ နှစ်ဦးသဘောတူ လက်မှတ်ရေးထိုး၍ ကွာရှင်းမှု တစ်ကြိမ်ကို အတည်ပြုရမည်။ ထို့နောက်တွင် [2:228] [65:4] [33:49] စသည့် ညွှန်ကြားချက် နှင့်အညီ ဆိုင်းငံ ကာလကို သတ်မှတ်ရမည်။ ဆိုင်းငံ့ ကာလအတွင်း ပြန်လည်ပေါင်းသင်းလိုပါက နိကာဟ် အသစ် ပြုရန် မလိုချေ။ ဆိုင်းငံ့ ကာလ ကျော်လွန်သွားလျှင်မူ နိကာဟ် အသစ် ပြုရမည်။ အခြေအနေ နှစ်ရပ်လုံးတွင် ကွာရှင်းမှု တစ်ကြိမ် အတည်ဖြစ်သည် ဟု မှတ်ယူရမည်။ #3. ဆိုင်းငံ့ ကာလ ကျော်လွန်သွားပြီး ဖြစ်လျှင် နှစ်ဦး နှစ်ဖက်လုံး လွတ်လပ်သူများ ဖြစ်သွား၏။ ထိုအခါ ကွာရှင်းခံ အမျိုးသမီးအနေဖြင့် အိမ်ထောင်သစ် ပြုလိုက ပြုခွင့် ရရှိပြီဟု သတ်မှတ်သည်။"
280,"တတိယ, အကြိမ် ကွာရှင်းပြီး နောက်တွင် ပြန်ပေါင်းခြင်းသည် တရားမဝင်တော့ချေ။ ထို့နောက် အမျိုးသမီးမှ အိမ်ထောင်သစ် ပြုခွင့် ရှိသည်နှင့် အညီ ပြုပြီးနောက် အဆင်မပြေ၍ ကွာရှင်းသည်ရှိသော် ပထမ အိမ်ထောင်နှင့် ပြန်ပေါင်းလိုက ပေါင်းခွင့် ရှိသည်ဟု ဆိုလိုသည်။ ဤအာယဟ်ကို တလွဲအနက်ကောက်၍ မုစ်လင်မ်လောကတွင် အမျိုးသမီးတို့အား ပြည့်တန်ဆာ ဆန်ဆန် ပြုမူနေကြသည်ကို ဝမ်းနည်းစွာ တွေ့နေရ၏။ ဇနီးသည်အား စိတ်လိုက်မာန်ပါ သုံးတွလာက်ပေးပြီး၊ မှားယွင်းသော အယူအဆအရ အထမြောက်သည်ဟု လက်ခံ လိုက်ကြသည်။ ထို့နောက် အခြားတစ်ဦးနှင့် မဖြစ်မနေ ထိမ်းမြားပေး၍ လင်မယား မြောက်စေရန် ဖန်တီးလေ့ ရှိကြသည်။ ထို့နောက် သုံးတွလားက် ပေးခိုင်းပြီး၊ ပထမ, ခင်ပွန်းနှင့် ပြန်ထိမ်းမြား ပေးကြသည်။ ထိုလုပ်ရပ်သည် အစ္စလာမ်နှင့် မည်သို့မျှ မသက်ဆိုင်ကြောင်း အထူးသတိပြုဖို့ လိုပေသည်။ အထက်တွင် ဖော်ပြခဲ့သည့် အတိုင်း တွလားက်ကို ခင်ပွန်းသည်က ပိုင်ဆိုင်သည် မဟုတ်။ ထို့ပြင် တစ်ကြိမ်တည်း တွလားက် သုံးကြိမ်ပေးခြင်း၊ နှစ်ဦးသဘောတူ ကွာရှင်းမှုမျိုး မဟုတ်ဘဲ၊ စာချုပ်နှင့် အသိသက်သေများ မရှိဘဲ နှုတ်မှ သုံးတွလာက်ဟု ပြောခြင်း တို့သည် ကုရ်အာန်အရ တရားမဝင်၊ အတည်မဖြစ်၊ အထမမြောက်ချေ။"
281,"(طَلَّقْتُمْ) “သင်တို့ ကွာရှင်း ကြသည်” ဟူသော ကြိယာရှိ ကတ္တားသည် သက်ဆိုင်ရာ အကြီးအကဲ အုပ်ထိန်းသူ များကို ရည်ညွှန်းသော ပုဒ်ဖြစ်သည်။ အကယ်၍ အိမ်ထောင် ထိန်းသိမ်းရေး တရားရုံးများ ဖြစ်ပေါ်လာပါက ရုံးတော်၏ ညွှန်ကြားချက်များ နှင့်အညီ သက်ဆိုင်ရာ အုပ်ထိန်းသူတို့က စီမံဆောင်ရွက် ပေးကြရမည်။"
282,"ဆိုင်းငံ့ ကာလ ပြည့်ပြီးနောက်တွင် ကွာရှင်းခဲ့ကြသော အိမ်ထောင်သည်များ အလ္လာ့ဟ် လမ်းညွှန် နှင့်အညီ ပြန်လည် ပေါင်းသင်းလိုကြပါက သက်ဆိုင်သူများမှ တားဆီးမှု မပြုအပ်ကြောင်း အာယဟ်က တားမြစ်ခြင်း ဖြစ်သည်။ ထိုအခါ နိကာဟ် အသစ်ပြုရန် လိုအပ်၏။"
283,"ရင်သွေးကို နို့တိုက်ရမည့်ကာလမှာ အလွန်ဆုံး နှစ်နှစ် ဖြစ်ရမည်ဟု အာယဟ်၌ ညွှန်ကြား ထားသည်။ အကြောင်း ကြောင်းကြောင့် ထို့ထက် စော၍လည်း နို့ဖြတ်နိုင်သည်။ # (مَوْلُوْدٌ) ‘မောက်ဝ်လူးဒ်’၏ အဓိပ္ပာယ်မှာ “ကလေး” ဟု ဖြစ်ပြီး၊ ၎င်း၌ (لَهٗ) ‘လဟူး’ (ဝိဘတ်နှင့် နာမ်စား နောက်ဆက်) တွဲဖက်၍ (مَوْلُوْدٌ لَّهٗ) ဟု သုံးနှုန်းလျှင် “ဖခင်” ဟူသော အနက်ကို ဖြစ်ပေါ်စေသည်။#[ဆက်စပ်အာယဟ်များ [31:14] [46:15]]"
284,"မုဆိုးမသည် လေးလနှင့် ဆယ်ရက် ဆိုင်းငံ့ပြီးမှသာ နောက်အိမ်ထောင် ပြုခွင့်ရှိသည်ဟု ဆိုလိုသည်။"
285,"(فَلَا جُنَاحَ عَلَيْكُمْ) “သင်တို့အပေါ် အပြစ်မထိုက်” ဟူသော ရည်ညွှန်းမှုမှာ ကျန်ရစ်သူ မုဆိုးမ၏ သားချင်းများ မှ တာဝန်ရှိ သူများကို ဆိုလိုသည်။"
286,"သတ်မှတ်ထားသော ပစ္စည်းဟူသည် သတို့သမီးအား တင်တောင်းသော ပစ္စည်းများကို ဆိုလိုသည်။ ၎င်းကို မင်္ဂလာ လက်ဆောင်ဟု ပြန်ဆိုထားသည်။ ၎င်းကို အမျိုးသမီးတို့အား ဘဝ လုံခြုံမှုအတွက် အာမခံအဖြစ် ပေးရသည်။ ထိုသို့ ပေးနိုင်သော အခြေအနေ မရှိလျှင် စိတ်ကို စောင့်စည်း ကြရပေမည်။ (ကြည့်။ [24:33]) ရေတစ်ခွက်နှင့် နိကာဟ်ပြုလျှင် ပို၍မြတ်သည် ဟူသော အယူအဆမှာ ကုရ်အာန်နှင့် လားလားမျှ မအပ်စပ်ချေ။ ကုရ်အာ့န် အယူအဆမဟုတ်။ ထိမ်းမြားရန် ငွေကြေး မပြည့်စုံ သူတို့ကို အစ္စလာ့မ် လူအဖွဲ့အစည်းမှ ကူညီပံ့ပိုး ကြရမည်။ (ကြည့်။ [24:32])"
287,"(حٰفِظُوْا عَلَى الصَّلَوٰتِ) “ဆွလာဟ်များကို ထိန်းသိမ်းခြင်း” ဟူသည် ဘဝ၏ အခန်း ကဏ္ဍ အသီးသီးကို ဆိုလိုသည်။ ယင်းအခန်း ကဏ္ဍတိုင်းတွင် အရည်အသွေး တိုးတက်လာရန် အလ္လာ့ဟ် လမ်းညွှန်မှုနှင့် အညီ ဆောင်ရွက်ကြရန် လိုကြောင်း အာယဟ်၌ ညွှန်ကြားခြင်း ဖြစ်သည်။"
288,"(اَلصَّلٰوةُ الْوُسْطٰى) “အလယ်ဗဟိုပြုဆွလာဟ်” ဟူသော ညွှန်ကြားချက်၌ သဘောတရား နှစ်ရပ် ပါဝင်သည်။ #1. အိမ်ထောင် တည်ထောင်ခြင်း၊#ဤအာယဟ်၏ ရှေ့နောက် အာယဟ်များအား သုံးသပ်လျှင် အိမ်ထောင် တစ်ခုကို ထိန်းသိမ်းခြင်းသည် မည်မျှ အရေးပါကြောင်း တွေ့နိုင်သည်။ ၎င်းကို “အလယ်ဗဟိုပြု ဆွလာ့ဟ်” ဟု ရည်ညွှန်းခြင်း ဖြစ်သည်။ အိမ်ထောင် တည်ထောင်ခြင်းဖြင့် လူ့အရည်အသွေး တိုးတက်လာမည် ဖြစ်သည်။ ထို့အတွက် အိမ်ထောင် ပျက်စီးမသွားရန် ထိန်းသိမ်းရမည် ဖြစ်သည်။ #2. လူသားဝါဒ တည်ဆောက်ခြင်း၊#[2:143] ၌ သုံးနှုန်းထားသည့် (أُمَّةٌ وَّسَطٌ) “အလယ်ဗဟိုပြု အုပ်စု” ၏ တာဝန်ကို ဤအာယဟ်၌ ချိတ်ဆက် ညွှန်ကြားခြင်း ဖြစ်သည်။ [2:143] အောက်ခြေ (၁၉၅) တွင် ကြည့်ပါရန်)"
289,"‘ခြေလျင်ဖြစ်စေ၊ အစီးအနင်း စီးနင်းလျက်ဖြစ်စေ’ ဟူသည် တင်စား သုံးနှုန်းမှု ဖြစ်ပေသည်။ အလ္လာဟ် ပြဋ္ဌာန်းအပ်သည့် လမ်းညွှန်ချက်များကို ထုတ်ဖော်ရာတွင် အန္တရာယ်နှင့် ရင်ဆိုင် ရမည်ဟု စိုးရိမ်ရသည့် အခါ ဖြေးဖြေးနှင့် မှန်မှန် လက်ခံမည့် သူများကိုသာ ရွေးချယ်၍ တင်ပြ ကြရမည်။ စိတ်ချရသည့် အခြေအနေ ရောက်မှသာ လူအများ ကြားနာ လက်ခံနိုင်ကြရန် ပွင့်လင်းစွာ ထုတ်ဖော် တင်ပြ ကြရပေမည်။#[ဆက်စပ်အာယဟ်များ [3:190] [4:103] [17:110]]"
290,"ဤညွှန်ကြားချက်သည်-#1. ခင်ပွန်း၌ ကိုယ်ပိုင်အိမ် မရှိသော အခြေအနေနှင့် သက်ဆိုင်သည်။#2. ခင်ပွန်း၏ ပိုင်ဆိုင်မှုများမှ အမွေခွဲဝေပြီး နောက်တွင် အကျိုး ခံစားခွင့် ရှိသည်ကို ရည်ညွှန်းသည်။#သဖှ်စီးရ် (ကုရ်အာန် အကျယ်ဖွင့်ကျမ်း) များ၌ ဖော်ပြကြသော အဆိုတစ်ရပ်အရ ဤအာယဟ်သည် ပလပ် ရုပ်သိမ်းပြီး ဖြစ်သည် ဟူသော အယူမှာ မူရင်း ကုရ်အာန်၏ အယူအဆ မဟုတ်ဘဲ၊ ရိဝါယဟ် ‘ဆင့်ပြန်ချက်’ များ၏ အာဘော်များသာ ဖြစ်၏။ ကုရ်အာန်၏ မည်သည့်အာယဟ် တစ်ခုတစ်လေမျှ ရပ်စဲခံရခြင်း၊ ပလပ် ရုပ်သိမ်းခံရခြင်း အလျှင်း မရှိကြောင်း သိစေအပ်ပါသည်။ အာယဟ်တိုင်းသည် အခြေအနေနှင့် အချိန်အခါအလိုက် သက်ဝင်လျက်ပင် ရှိ၏။# (ကြည့်။ [2:106]၊ အောက်ခြေ (၁၆၁)"
291,"လူအင်အား ရှိပါလျက်နှင့် အန္တရာယ်ကို မရင်ဆိုင်ဘဲ တိမ်းရှောင်ခြင်းသည် လူ့ အရည်အသွေးများ ကျဆင်းသွားရန် အကြောင်းတရား ဖြစ်ပေသည်။ ထိုအရည်အသွေးများ ရှင်သန်လာဖို့ရန် ကြိုးစားလျှင်မူ ရှင်သန်လာမည် ဖြစ်၏။ ဤသည် အလ္လာဟ်၏ ပြဋ္ဌာန်းချက်ပင် ဖြစ်၏။ သို့ဖြစ်၍ တိမ်းရှောင်ခြင်းသည် အရည်အသွေး မွေးမြူဖို့ရန်သာ ဖြစ်သင့် သည်ဆိုသည်ကို သတိပြုအပ် ပေသည်။ အာယဟ်လာ “သင်တို့ သေဆုံး ကြလော့” ဟူသည် အရည်အသွေး ကျဆင်း ဆုတ်ယုတ် သွားခြင်းကို ရည်ညွှန်းပါသည်။ အသက်သေဆုံးခြင်း မဟုတ်ပေ။ ရှင်သန်ခြင်း ဟူသည် အရှင့်ပြဋ္ဌာန်းချက် အရ အရည်အသွေး တိုးတက်ရန် ကြိုးစား သူတို့၏ အခြေအနေ ဖြစ်သည်။#[ဆက်စပ်အာယဟ်များ [2:216-218] [2:221-242] [2:94]]"
292,"(قَاتِلُوْا) ‘ကွော်သိလူး’ဟူသော ညွှန်ကြားချက်တိုင်းသည် စစ်မက် တိုက်ခိုက်ခြင်းအတွက် မဟုတ်ပေ။ မိမိတို့ ရင်ဆိုင်ကြရသော ဘဝ၏ ရှုထောင့် အသီးသီးရှိ အန္တရာယ်တိုင်း အတွက် ရည်ညွှန်းသော ဝေါဟာရ ဖြစ်ပေသည်။ စစ်မက် တိုက်ခိုက်ခြင်း ပါဝင် သကဲ့သို့ အခြားသော ရင်ဆိုင် တွန်းလှန်ရမည့် အန္တရာယ် များလည်း ပါဝင်သည်။ လူ့ဘောင်တစ်ခု၏ တည်ငြိမ်မှု၊ လုံခြုံမှု၊ ငြိမ်းချမ်းမှု၊ သာယာဝပြောမှု အစုစုတို့အတွက် အလ္လာ့ဟ် ပြဋ္ဌာန်းချက်နှင့် အညီ ရင်ဆိုင် တွန်းလှန် ကြဖို့ရန် ညွှန်ကြားခြင်း ဖြစ်ပေသည်။ (فِيْ سَبِيْلِ اللهِ) ‘ဖှီ စဘီလစ်လ္လာဟ်’ ဟူသည် လူဖြစ်မှု အရည်အသွေး ထွန်းတောက်ပြီး လူ့ဘောင်အား တည်ငြိမ်၊ လုံခြုံ၊ ချမ်းမြေ့၍ သာယာဝ ပြောမှုကို ရှင်သန်စေသည့် လူ့ဘဝ လမ်းစဉ်ကို ရည်ညွှန်းသည်။ ထိုလမ်းစဉ်ကို အလ္လာဟ်က ပြဋ္ဌာန်း ပေးသောကြောင့် အလ္လာ့ဟ်လမ်းဟု ရည်ညွှန်းခြင်း ဖြစ်သည်။ (ကြည့်။ [2:154]၊ အောက်ခြေ (၂၀၇)"
293,"(يُقْرِضُ اللهَ) “အလ္လာ့ဟ်အား ချေးငှားခြင်း” ဟူသည် အထက်၌ ပြန်ဆိုထားသည့်အတိုင်း လူ့ဘောင်၏ ဖွံ့ဖြိုးမှု အတွက် ရည်စူး၍ စိုက်ထုတ်ကြသော ဓန၊ ပညာ၊ အရည်အသွေး စသည်တို့ကို ရည်ညွှန်းသည်။ စင်စစ် ထိုစိုက်ထုတ် အသုံးချမှုသည် ဆုံးရှုံးသွားသည် မရှိဘဲ၊ မိမိ စိုက်ထုတ်သည် ထက်ပို၍ပင် ရလဒ်အသွင် ပြန်လည် ပုံပေါ်ပါသည်။ ဤသို့ ပုံပေါ်လာရန် အလ္လာဟ်က တုံ့ပြန်ရလဒ် ဖြစ်ထွန်းမှု ဥပဒေသကို ပြဋ္ဌာန်း ပေးထားကြောင်း အာယဟ်၌ ညွှန်းဆိုခြင်း ဖြစ်သည်။"
294,"(طَالُوْتُ) ‘တွော်လူးသ်’၏ အဓိပ္ပာယ်မှာ “အရပ်မြင့်သူ” ဟူ၍ ဖြစ်သည်။ သူ့ကို သမ္မာကျမ်း၌ ‘ရှောလု’ဟု ဖော်ပြသည်။ သူသည် အိစ်ရာအီလ်၏ သားမြေးတို့၏ ပထမဆုံး စီမံ အုပ်ချုပ်သူ ဖြစ်၏။ သူ့အုပ်ချုပ်မှု သက်တမ်းမှာ B.C.1028 မှ1012 အထိ ရှိခဲ့သည်။ (ကြည့်။ မာဂျိဒီ)"
295,"(التَّابُوْتُ) ‘သာဗူးသ်’ ၏ အနက်အဓိပ္ပာယ် များမှာ “စိတ်နှလုံး” “ရင်ဘတ်” “သေတ္တာ” စသဖြင့် ဖြစ်သည်။ ဘာသာပြန် ပညာရှင်များက “သေတ္တာ” ဟူ၍သာ အစဉ်အဆက် ပြန်ဆိုကြသည်။ ဤအာယဟ်၌ သုံးနှုန်းထားသည့် (التَّابُوْتُ) ‘သာဗူးသ်’ သည် အသိပညာနှင့် စိတ်အေးချမ်း သာမှုတို့ဖြင့် ပြည့်ဝသော စိတ်နှလုံးကို ရည်ညွှန်းသည်ဟု နားလည်ရပေသည်။ တွော်လူးသ်၏ ဦးဆောင်မှုဖြင့် အိစ်ရာအီလ်၏ သားမြေး တို့၏ တုန်လှုပ် ချောက်ချား၍ အသိပညာမဲ့မှု တို့ကို ကုစား နိုင်မည်ဟု အာယဟ်က ဆိုလိုပါသည်။"
296,"(جَالُوْتُ) ‘ဂျာလူးသ်’၏ အဓိပ္ပာယ်မှာ “ပြင်းထန်စွာ တိုက်ခိုက်သူ” ဟူ၍ဖြစ်သည်။ အလင်းပြကျမ်း ၏ဖော်ပြ ချက်အရ သူသည် ပါလက်စတိုင်းနိုင်ငံ ဖိလိတ္တိလူမျိုး တို့တွင် စွမ်းရည် သတ္တိနှင့် ပြည့်စုံသော စစ်ဗိုလ်ကြီး တစ်ဦးဖြစ် သည်။ (ကြည့်။ အစောင် ၂၊ စာမျက်နှာ ၃၀၀)"
297,"(دَاوٗدُ) ‘ဒါဝူဒ်’သည် ထိုစဉ်က တွော်လူးသ်၏ စစ်တပ်မှ စစ်သည်တစ်ဦး ဖြစ်သည်။ နောင်တစ်ချိန်တွင် အာယဟ်၌ ဖော်ပြထားသည့်အတိုင်း ဆင်ခြင်တုံတရားနှင့် ပြည့်စုံသော ဘုရင်တစ်ပါး ဖြစ်ခဲ့သည့်အပြင် နဗီ/ရစူလ် တစ်ပါးလည်း ဖြစ်ခဲ့သည်။ ဒါဝူဒ်၏ အကြောင်းကို ကုရ်အာန်၏ ၁၆ နေရာတွင် ဖော်ပြထားသည်။"
298,"(عَلَّمَهٗ) “အရှင်က သူ့ကို အသိပညာ ပို့ချပေးသည်” ဟူသည် ဝဟ်ယ်ပို့ချမှုကို ရည်ညွှန်းသည်။"
299,"“လူအချို့ကို လူအချို့ဖြင့် နှိမ်နင်းခြင်း” ဟူသော ဥပဒေ သတ်မှတ်ချက်သည် လူသား ဆန်လှ၏။ ဆိုလိုသည်မှာ ဘာသာရေး၊ လူမျိုးရေးကို အခြေမခံဘဲ၊ လူ့ဘောင်၏ တည်ငြိမ်မှုကို ရှေးရှုခြင်း ဖြစ်သည်။ မည်သည့်လူမျိုး၊ မည်သည့် ဘာသာဝင်မဆို လူ့ဘောင်၏ တည်ငြိမ်မှုကို ဖျက်ဆီးသော် အဆုံး၌ သူတို့ ကိုယ်တိုင် နှိမ်နင်းခံ ကြရမည်။ ဤသည် ပြဋ္ဌာန်းပြီး ဖြစ်သော ဥပဒေသတည်း။#[ဆက်စပ်အာယဟ် [22:39]]"
300,"(فَضَّلْنَا بَعْضَهُمْ عَلٰى بَعْضٍ) ကို အများအားဖြင့် “ရစူလ်အချို့ကို အချို့ထက် သာလွန် မြင့်မြတ် စေခဲ့သည်” ဟု ပြန်ဆိုကြ၏။ ဤပြန်ဆိုချက်သည် ရစူလ်များ အကြား ခွဲခြားခြင်းဖြစ်၍ ကုရ်အာန်၏ အခြေခံမူနှင့် ကိုက်ညီမှု မရှိချေ။ ကုရ်အာန်၏ အခြေခံမူတစ်ရပ်ကို [2:285] တွင် (لَا نُفَرِّقُ بَيْنَ أَحَدٍ مِّنْ رُّسُلِهٖ) “ကျွန်ုပ်တို့သည် အရှင့် ရစူလ်များ အကြား တစ်ပါးနှင့် တစ်ပါး ခွဲခြားကြမည် မဟုတ်” ဟူ၍ မုအ်မင်န် တို့၏ ပဋိညာဉ် ပြုမှုအဖြစ် ဖော်ပြထား၏။ [2:253] ၏ ဆိုလိုရင်းမှာ ပွင့်ပေါ်သမျှ ရစူလ်များ အနက် အချို့၏ သမိုင်းကြောင်းများနှင့် ဂုဏ်သတင်းများကိုသာ ကျွန်ုပ်တို့ သိကြရန် ကုရ်အာန်မှ ဖော်ပြကြောင်း ရည်ညွှန်းခြင်း ဖြစ်၏။ ဤသဘောတရားကို [4:164] ကလည်း ထောက်ခံနေသည်။#وَرُسُلًا قَدْ قَصَصْنَاهُمْ عَلَيْكَ مِنْ قَبْلُ وَرُسُلًا لَّمْ نَقْصُصْهُمْ عَلَيْكَ.#“ငါသည် ယခင်က ပေါ်ထွန်းခဲ့သော ရစူလ်များအနက် အချို့၏ သမိုင်းကြောင်းများကို သင့်အား ဖော်ပြ၍ အချို့၏ သမိုင်းကြောင်း များကို ဖော်ပြခဲ့သည် မဟုတ်ပေ။ ” [4:164]"
301,"(كَلَّمَ اللهُ) ကို တိုက်ရိုက်ပြန်ဆိုလျှင် “အလ္လာဟ် စကားပြောသည်” ဟူ၍ ဖြစ်သည်။ စင်စစ် ဤသည် တင်စား သုံးနှုန်းမှုသာ ဖြစ်ပေသည်။ ဝဟ်ယ် ထုတ်ပြန်မှု နည်းလမ်းများ အနက် တစ်ခုကို ဖော်ပြခြင်း ဖြစ်သည်။ (ကြည့်။ [42:51]) ဝဟ်ယ်ရရှိသော ခံစားမှုကို နဗီ-ရစူလ် မဟုတ်သူများအနေနှင့် မည်သို့မျှ နားလည် နိုင်စွမ်း မရှိချေ။ ဤနေရာတွင် မိမိ ပြဋ္ဌာန်းအပ်သော ဥပဒေများကို အသံပါသော ဆက်သွယ်မှုဖြင့် ဖွင့်ဟ ပြောဆိုခြင်းဟု နားလည်လျှင် လုံလောက်ပေသည်။ ဤဆက်သွယ်မှုမျိုးနှင့် စပ်လျဉ်း၍ မူဆာရစူလ် (A.S) အိဗ်ရာဟီမ်ရစူလ် (A.S) နူးဟ်ရစူလ် (A.S) စသည့် ရစူလ် များစွာတို့အား ဆက်သွယ်ခဲ့ကြောင်း ကုရ်အာန်တွင် ဖော်ပြထားသည်။# (ကြည့်။ [4:164] [11:45] [37:104]"
302,"(رَفَعَ بَعْضَهُمْ دَرَجَاتٍ) ကို “ရစူလ်တို့အနက် အချို့ကို ဂုဏ်ဒြဗ်များစွာ ချီးမြှင့်၍ မြှောက်စားသည်” “အဆင့် အတန်းများစွာ ချီးမြှင့်သည်” စသဖြင့် ပြန်ဆိုကြ၏။ (دَرَجَاتٌ) တွင် “သာလွန်ခြင်း” [ကြည့်။ [2:228]၊ အောက်ခြေ (၂၇၇)] ဟူသော အနက်အဓိပ္ပာယ် အပြင် “အခွင့်အလမ်း” ဟူသည့် သဘောလည်း ပါဝင်သည်။ ဤသည် တာဝန်မှဖြစ်ပေါ်သော သာလွန်ခြင်းနှင့် ဆောင်ရွက်ရန် အခွင့်အလမ်း ရှိပုံကို ညွှန်းဆိုပေသည်။ ရစူလ်များသည် ခေတ် တစ်ခေတ်တည်းတွင် အစုလိုက် အပြုံလိုက် ပေါ်ထွန်းခဲ့သည် မဟုတ်ပေ။ မတူညီသော ခေတ်ကာလများတွင် ခြားနားသော လူမျိုးများထံ ကွဲပြားသည့် အခြေအနေများ၌ ပေါ်ထွန်းခဲ့ကြခြင်း ဖြစ်သည်။ သို့ဖြစ်၍ မိမိတို့ ကြုံတွေ့ကြရသော ပတ်ဝန်းကျင် အပေါ် မူတည်၍ ယူရသည့် တာဝန်နှင့် လုပ်ဆောင် ချက်များက သူတို့အား သာလွန်ရန် အခွင့်အလမ်းများ ဖြစ်ပေါ်ပုံကို မီးမောင်းထိုးပြ ခြင်းသာလျှင် ဖြစ်သည်။ မည်သည့်နဗီ-ရစူလ်က မည်သည့် နဗီ-ရစူလ်ထက် အဆင့်အတန်းမြင့်သည် ဟုရည်ညွှန်းခြင်း လုံးဝ မဟုတ်ပါ။ #* (رُوْحُ الْقُدُسِ) နှင့်စပ်လျဉ်း၍ [2:87] အောက်ခြေ (၁၄၆) တွင်လည်း ဖော်ြပခဲ့ပါသည်။ ၎င်းကို ကောင်းကင်တမန်ဟု အနက်ကောက်လေ့ ရှိကြသည်။ စင်စစ်တွင် အထက်၌ ဖော်ပြထားသည့်အတိုင်း “ထူးကဲသော ဉာဏ်စဉ် (ဝါ) ဝဟ်ယ်” ကို ရည်ညွှန်းခြင်း ဖြစ်၏။ [2:87] နှင့် ဤအာယဟ်တို့တွင် (رُوْحُ الْقُدُسِ) ‘ရူဟုလ် ကုဒုစ်’ ကို “ထူးကဲသော ဉာဏ်စဉ် (ဝါ) ဝဟ်ယ်” ဟု ရည်ညွှန်း သုံးနှုန်းခြင်း ဖြစ်သည်။"
303,"(اَللهُ) ‘အလ္လာဟ်’ဟူသော ဝေါဟာရသည် (اَلْ) နှင့် (إِلٰهٌ) တို့ ပေါင်းဖွဲ့ ထားသော ပုဒ်ဖြစ်သည်။ အဓိပ္ပာယ်များမှာ-#1. စိုးရိမ်မှုကြောင့် ခိုလှုံရာ ရှာခြင်း၊ (သို့မဟုတ်) ခိုလှုံရာ ပေးခြင်း၊ #2. မတည်မငြိမ် ဖြစ်ခြင်း၊ အံ့ဩခြင်း၊ တုန်လှုပ်ခြင်း၊ #3. အဆင့်အတန်း မြင့်၍ အမြင်အာရုံမှ ဖုံးကွယ်နေခြင်း၊ #4. တစ်ဦးတစ်ယောက်ကို ဩဇာရှိသူအဖြစ် ရွေးချယ်ခြင်း၊ တစ်ဦးတစ်ယောက်၏ လွှမ်းမိုးမှုကို လက်ခံခြင်း၊ #ဤအနက်အဓိပ္ပာယ်များအရ ကုရ်အာန်မှ ဖော်ပြသော (اَللهُ) ‘အလ္လာဟ်’ဟူသည် အဆင့်အတန်းအားဖြင့် မြင့်မား၍ လူတို့၏ အမြင်အာရုံမှ ဖုံးကွယ်နေသော အရှိတရားအား ရည်ညွှန်းသည်။ အကျပ်အတည်း၊ ဘေးဒုက္ခများမှ ကင်းဝေးရန် ခိုလှုံရာကို စီမံပေးသည့် အရှိတရားလည်း ဖြစ်ပေသည်။ ထိုအရှိတရား၏ ကြီးကျယ် မြင့်မြတ်မှုသည် လူ့အသိဉာဏ် နှင့် သိမြင် နားလည်မှုကို အံ့ဩစေသည်။ ထိုအရှိတရားသည် အရာခပ်သိမ်းပေါ်၌ လွှမ်းမိုးထားသည်။ ထိုအရှိတရား၏ အာဏာစက်ကို လက်ခံ၍ ဩဇာခံအဖြစ် ရွေးချယ် နာခံရန် ထိုက်သင့်သည်။ # (إِلٰهٌ) ‘အိလာဟ်’ ကို လူသားတို့ ဖန်တီးထားသည့် (اَللهُ) ‘အလ္လာဟ်’ မှအပဖြစ်သော ကိုးကွယ်ရာများ အတွက် သုံးနှုန်းသကဲ့သို့ အလ္လာဟ် အတွက်လည်း သုံးနှုန်းသည်။ ထိုအခါ ‘လွှမ်းမိုးအုပ်ချုပ်သူ’ ‘အားထားခိုလှုံရာ’ စသည့်အနက် သဘောများ ဖြစ်ပေါ်သည်။ ဥပမာ- [43:84] ၌-#وَ هُوَ ٱلَّذِيْ فِى ٱلسَّمَٓاءِ إِلٰـهٌ وَّ فِى ٱلْأَرْضِ إِلٰـهٌ...#“သဘာဝလောက၌လည်း ထိုအရှင်သည်သာ လွှမ်းမိုးအုပ်ချုပ်သူ-အားထား ခိုလှုံရာ ဖြစ်၍ လူ့ဘောင် လောက၌လည်း ထိုအရှင်သည်သာ လွှမ်းမိုးအုပ်ချုပ်သူ-အားထား ခိုလှုံရာ ဖြစ်သည်။ ”[43:84]"
304,"(اَلْحَيُّ الْقَيُّوْمُ) ‘ဟိုက်ယ်’နှင့် ‘ကိုက်ယ်ယူးမ်’တို့သည် အလ္လာ့ဟ်တည်ရှိမှု၏ ပင်မ အခြေတည်ရာ ဖြစ်သည်။ ၎င်းတို့အနက် (اَلْحَيُّ) ‘ဟိုက်ယ်’ သည် “ရှင်သန်သော” ဟူ၍ ဖြစ်၏။ အလ္လာဟ်၏ ရှင်သန်ခြင်း သည်ပင်လျှင် သက်ရှိ လောက ရှင်သန်လာရန် မူလဘူတ အကြောင်းတရား ဖြစ်သည်။ ထို့ကြောင့် သက်ရှိ လောက တစ်ခွင်လုံးသည် မိမိတို့၏ ရှင်သန်မှုအတွက် အရှင်ပြဋ္ဌာန်းအပ်သော ရှင်သန်မှု ဥပဒေသ အပေါ် အားထားကြရသည်။ သို့ဖြစ်ရာ ယင်းဥပဒေသက ချီးမြှင့်သော ရှင်သန်မှု အဆုံးသတ်ခြင်း ကိုလည်း ခံစားကြရသည်။ ဤသည်ကို သေဆုံးခြင်း ဟု ခေါ်တွင်သည်။ မူလဘူတ ရှင်သန်မှုဖြစ်သော အလ္လာဟ်၌မူ သေဆုံးခြင်း မသက်ရောက်နိုင်ချေ။ ၎င်းကို (الْقَيُّوْمُ) ‘ကိုက်ယ်ယူးမ်’ ဖြင့် ကိုယ်စားပြု ဖော်ပြသည်။ (الْقَيُّوْمُ) ‘ကိုက်ယ်ယူးမ်’ဟူသည် မိမိ၏ ပင်ကိုယ် တည်ရှိမှုအရ တည်မြဲခြင်းကို ဖော်ပြသော ဝေါဟာရ ဖြစ်ပေသည်။ ထို့ကြောင့် အလ္လာဟ်၌ သေခြင်း မသက်ရောက်နိုင်ဟု ရည်ညွှန်းသည်။ ဤသည်ကို သေခြင်း နှင့် ပမာတူသော ‘ငိုက်မျဉ်းခြင်း’ နှင့် ‘အိပ်စက်ခြင်း’ တို့ မဖိစီးနိုင်ကြောင်း ဆက်လက် ဖော်ကျူးထားသည်။"
305,"(مَنْ ذَا الَّذِيْ یَشْفَعُ عِنْدَہٗۤ اِلَّا بِإِذْنِهٖ) ကို “အလ္လာဟ်၏ ခွင့်ပြုချက် မရဘဲ အလ္လာ့ဟ်ထံပါး ကြားဝင် မည့်သူ မည်သူ ရှိသနည်း” ဟု အနက်ကောက်ပြီး၊ ခွင့်ပြုချက်များ ဖန်တီးကြ၍ ကြားဝင်မည့်သူများကို မွေးထုတ် ပေးကြသည်။ နဗီ-ရစူလ်များ၊ သူတော်စင်များ၊ ဘာသာရေး ပညာရှင်များ အစရှိသူတို့သည် ပြစ်ဒဏ် ခံရမည့်သူကို ကြားဝင် အသနား ခံပေး၍ လွတ်မြောက် စေမည်ဟု ဝါဒ ဖြန့်ကြသည်။ စင်စစ် အာယဟ်၏ ဆိုလိုရင်းမှာ “အလ္လာဟ်သည် မိမိ၏ မူလ ဥပဒေသ ပြဋ္ဌာန်းချက် အရ ကြားဝင်ပေးမှုကို လက်ခံမည် မဟုတ်၊ ထို့ကြောင့် မည်သူက ကြားဝင်ပေး အံ့နည်း” ဟု ဆိုလိုသည်။#ဤသဘောတရားကို [2:48] [2:123] [2:255] စသည် တို့တွင် အတိအလင်း မိန့်ဆိုထားပြီး ဖြစ်သည်။"
306,"(كُرْسِيٌّ) ‘ကွတ်ရ်စီ’၏ တိုက်ရိုက် အနက်အဓိပ္ပာယ်မှာ “ကုလားထိုင်-ထိုင်ခုံ” ဟူ၍ ဖြစ်ပေသည်။ ၎င်းကို အလ္လာ့ဟ်ဘက် ရည်ညွှန်းခြင်းဖြင့် “အုပ်ချုပ်မှု” “အာဏာစက်” “လုပ်ပိုင်ခွင့် အာဏာ” “အသိပညာ” စသဖြင့် ဖြစ်ပေါ် သည်။ အရှင်သည် လောက ခပ်သိမ်း၌ မိမိ၏ အုပ်ချုပ်မှု-အာဏာစက်-လုပ်ပိုင်ခွင့် စသည်တို့ကို ဖြန့်ကြက်ထားသည်ဟု ဆိုလိုသည်။ တင်စားသုံးနှုန်းမှုကို တိုက်ရိုက် အဓိပ္ပာယ် ကောက်ခြင်းသည် အသိဉာဏ်နည်းမှု၏ လက္ခဏာပင် ဖြစ်ကြောင်း အထူး သတိပြုအပ် ပေသည်။ #ဤအာယဟ်တွင် အရှင်က မိမိ၏ တည်ရှိမှုနှင့် မိမိ ပြဋ္ဌာန်းအပ်သော ဥပဒေသများ သက်ရောက် နေမှုတို့၏ အနှစ်ချုပ်ကို လိုရင်း တိုရှင်း ဖော်ပြထားသည်။"
307,"(طَاغُوْتٌ) ‘တွော်ဂူးသ်’ သည် (طَغٰى) ‘တွော်ဂါ’ မှ ဆင့်ပွားသောပုဒ် ဖြစ်သည်။ အဓိပ္ပာယ်များမှာ “စည်းဘောင် ကျော်ခြင်း” “ကျူးကျော်ခြင်း” “ဆန့်ကျင်ခြင်း” စသဖြင့် ဖြစ်သည်။ ဤအာယဟ်တွင် အလ္လာဟ်ဟူသော ဝေါဟာရနှင့် ဆန့်ကျင်ဘက် အဖြစ် သုံးနှုန်းထားသောကြောင့် အလ္လာဟ်နှင့် ယှဉ်ပြိုင်၍ လူတို့ ဖန်တီး ထားသည့် အားထားရာများ ဟူ၍ ဖြစ်သည်။ အာယဟ်၏ ဆိုလိုရင်းမှာ အလ္လာဟ် ပို့ချထားသည့် ကုရ်အာန်နှင့် ဆန့်ကျင်သော အယူအဆများ၊ အတွေးအမြင်များ၊ လမ်းစဉ်များ၊ ခံယူချက်များ စသည်တို့ကို မပယ်ရှားမချင်း အလ္လာ့ဟ်အား ယုံကြည်သူ လုံးဝမဖြစ်နိုင် ဟူ၏။ ထိုသို့ဖြင့် ဘဝ၌ အာမခံချက် မရှိသော လျှောက်လှမ်းမှုဖြင့် ဖြတ်သန်း ကြရပေမည်။ ဤသည် ထင်ရှားသော လမ်းညွှန်ချက် ဖြစ်ပေရာ၊ အစ္စလာ့မ် လူ့ဘဝ တည်ဆောက်မှု လမ်းစဉ်အတွင်း မည်သူ့ကိုမျှ အဓမ္မ သွတ်သွင်းခြင်းမျိုး လုပ်ပိုင်ခွင့် မရှိတော့ပြီ။ အဓမ္မဟူသော သဘောတွင် ငွေကြေးဖြင့် မျှား၍သော် လည်းကောင်း၊ ခြိမ်းခြောက် အကျပ်ကိုင်ခြင်းဖြင့် သော်လည်းကောင်း ပြုလုပ်ခြင်းတို့ ပါဝင်သည်။ အနုနည်း၊ အကြမ်းနည်း မည်သည့် နည်းမျှ လုံးဝ မသုံးရ။"
308,"(وَلِيٌّ) ‘ဝလီ’ ၏ အဓိပ္ပာယ်များမှာ အောက်ပါအတိုင်း ဖြစ်သည်။#1. “နီးခြင်း” ၎င်းသည် ရင်းမြစ်အဓိပ္ပာယ် ဖြစ်သည်။ နီးခြင်းဟူသော ရှုထောင့်အရ၊ “မိတ်ဆွေ” “ကူညီသူ” ကို (اَلْوَلِيُّ) ‘ဝလီ’ဟု ခေါ်ဆိုသည်။ ၎င်း၏ ဗဟုဝုစ်မှာ (أَوْلِيَاءُ) ‘အောက်ဝ်လိယာအ်’ဖြစ်သည်။#2. (اِسْتَوْلٰى عَلَى الشَّيْءِ) ၏ အနက်သဘောမှာ “တစ်စုံတစ်ခုကို မိမိ၏ ပိုင်ဆိုင်မှုသို့ ဆောင်ယူခြင်း” ဟူ၍ ဖြစ်သည်။ ၎င်းမှ (اَلْوِلَايَةُ#) ဟူသည် “အုပ်ချုပ်မှု” “အာဏာ” ဟူ၍ ဖြစ်လာသည်။ ထို့ပြင် (وَالٍ) နှင့် (اَلْوَلِيُّ) ဟူသည် “စောင့်ရှောက်သူ” “ကွပ်ကဲသူ” “အစိုးရ” “အုပ်ထိန်းသူ” “အုပ်ချုပ်သူ” စသည်တို့ကို ရည်ညွှန်းသည်။#3. (وَلّٰى) ‘ဝလ္လာ’၏ အဓိပ္ပာယ်မှာ “တစ်ဦး တစ်ယောက်ဆီသို့ ပြန်လှည့်ခြင်း” “တစ်ဦး တစ်ယောက်ကို နာခံခြင်း” ဟူ၍ ဖြစ်သည်။ ထိုရှုထောင့်အရ (اَلْوَلِيُّ) ‘ဝလီ’ ၏ အဓိပ္ပာယ်မှာ “နာခံသူ” “တစ်ဦး တစ်ယောက်ကို ဖဝါးခြေထပ် လိုက်နာသူ” ဟူ၍ ဖြစ်သည်။ # (وَلِيٌّ) ‘ဝလီ’ကို အလ္လာ့ဟ်အတွက် သုံးနှုန်းသည်ရှိသော် “တာဝန်ယူ စောင့်ရှောက်သူ” “ကွပ်ကဲသူ” “နာခံမှုကို ခံထိုက်သူ” “အရေးကိစ္စ အဝဝကို စီမံပေးသူ” “ကူညီစောင်မသူ” “ကာကွယ်သူ” စသည့် အနက် သဘောများ ဖြစ်ပေါ်ပေသည်။ လူသား အတွက် သုံးနှုန်းလျှင် “နာခံသူ” “မိတ်ဆွေ” “ကူညီသူ” “အုပ်ထိန်းသူ” စသဖြင့် ဖြစ်သည်။ ဤနေရာတွင် အထူး သတိပြုအပ်သော အချက်တစ်ချက်ကို ဖော်ပြလိုသည်။ အစ္စလာ့မ် လူ့ဘောင်တွင် (وَلِيٌّ) ‘ဝလီ’ ဟူသော သီးသန့် လူတန်းစား ရှိသည်ဟု ကုရ်အာန်၏ မည်သည့် အာယဟ်ကမျှ ဖော်ပြမထားပါ။ အလ္လာ့ဟ် လမ်းညွှန်မှုကို တန်ဖိုးထား၍ နာခံသူ မည်သူ့ ကိုမဆို (وَلِيٌّ) ‘ဝလီ’ ဟု ခေါ်ဆိုနိုင်သည်။ ဤသို့ နာခံသူများကို ကုရ်အာန်က (أَوْلِيَاءُ اللهِ) ‘အောက်ဝ်လိ ယာအွတ်လ္လာဟ်’ “အလ္လာ့ဟ်ဝလီများ” ဟု ရည်ညွှန်းထား ပေသည်။ (ကြည့်။ [10:62]) #အထက်ပါ အာယဟ်တွင် သုံးနှုန်းထားသော (اَللهُ وَلِيُّ الَّذِيْنَ ءَامَنُوْا) “အလ္လာဟ်သည် မုအ်မင်န်တို့၏ ဝလီဖြစ်သည်” ဟူသော ရည်ညွှန်းမှုမှာ-# (1) အလ္လာဟ်သည် မုအ်မင်န်တို့၏ အရေးကိစ္စအဝဝကို စီမံပေးသောအရှင်-# (2) အလ္လာဟ်သည် မုအ်မင်န်တို့၏ နာခံမှုကို ခံထိုက်သောအရှင်-# (3) အလ္လာဟ်သည် မုအ်မင်န်တို့ကို ကူညီစောင်မသောအရှင်-# (4) အလ္လာဟ်သည် မုအ်မင်န်တို့ကို စောင့်ရှောက်သောအရှင်-# (5) အလ္လာဟ်သည် မုအ်မင်န်တို့ကို ကွပ်ကဲသောအရှင် စသည့်သဘောတရားများ အားလုံး အကျုံးဝင်သည်။ # (اَلَّذِیْنَ کَفَرُوْۤا أَوْلِیٰٓـــــُٔـــهُمُ الطَّاغُوْتُ) “တွော်ဂူးသ်သည် ဆန့်ကျင်သူတို့၏ အောက်ဝ်လီယာဖြစ်သည်” ဟူသော သဘောမှာ “ကုရ်အာန်နှင့် ဆန့်ကျင်သော ဘဝလမ်းစဉ်သည် ဆန့်ကျင်သူတို့နှင့် ရင်းနှီး ကျွမ်းဝင်၍ သူတို့၏ လိုက်နာရာ၊ သူတို့၏ ခင်တွယ်မှုကို ရရှိရာ စနစ်ဆိုးများ ဖြစ်သည်” ဟု ဆိုလိုသည်။ # (أَوْلِيَاءُ) ‘အောက်ဝ်လိယာအ်’ ဟူသော ဝေါဟာရသည် အလ္လာဟ်နှင့် တွဲဖက်၍သော် လည်းကောင်း၊ မုအ်မင်န်တို့ နှင့် တွဲဖက်၍သော်လည်းကောင်း သုံးနှုန်းသည့်အခါ အပြုသဘော ဖြစ်ပေါ်သည်။ ဆန့်ကျင်သူတို့နှင့် သော်လည်းကောင်း၊ ဆန့်ကျင်သူတို့၏ လျှောက်လှမ်းရာ၊ အားထားရာများနှင့် သော်လည်းကောင်း တွဲဖက် သုံးနှုန်းလျှင် အပျက်သဘော ဖြစ်ပေါ်ပါသည်။"
309,"သတ်ဖှ်စီရ်ကျမ်းများတွင် ထိုဘုရင်၏ အမည်ကို (نمرود) ‘နန်မ်ရူးဒ်’ ဟု ဖော်ပြ ကြ၏။ စင်စစ် ၎င်းသည် သမ္မာကျမ်းမှ ဖော်ပြထားသော နိမ်ရောဒကို ကူးယူ ဖော်ပြခြင်းမျှ ဖြစ်ပေသည်။ သူ့အမည် မည်သို့ ဖြစ်စေ အကြောင်း မထူးပေ။ ထို့ကြောင့် ကုရ်အာန်က အမည်ကို ဖော်ပြခြင်း မပြုဘဲ၊ အကြောင်းအရာ ကိုသာ ဖော်ပြခြင်း ဖြစ်၏။ ဤသည် ကျွန်ုပ်တို့အဖို့ လုံလောက်၏။"
310,"ဤအာယဟ်တွင် သုံးနှုန်းထားသော ရှင်ခြင်း၊ သေခြင်းဟူသည် မြို့ရွာဒေသများ၏ အခြေအနေကို ရည်ညွှန်းခြင်း ဖြစ်ပေသည်။ သေခြင်းဟူသည် မြို့ရွာဒေသ၏ စည်းကား သိုက်မြိုက်မှု ဆိတ်သုဉ်း၍ ဆုတ်ယုတ်သွားခြင်းကို ရည်ညွှန်း၍၊ ရှင်ခြင်းဟူသည် တိုးတက်၊ စည်ပင်၊ ဖွံ့ဖြိုးခြင်းကို ဆိုလိုသည်။ ဤသဘောတရားကို ရှေ့လာမည့် အာယဟ်၌ ပမာပြ ရှင်းလင်း ထားသည်။"
311,"“မြို့ရွာ သေလွန်ခြင်းနှင့် ရှင်သန်ခြင်း” ဟူသည် စည်းကား သိုက်မြိုက်မှု ဆိတ်သုဉ်း၍ ဆုတ်ယုတ် သွားခြင်းနှင့် တိုးတက်၊ စည်ပင်၊ ဖွံ့ဖြိုးခြင်း တို့ကို ဆိုလိုသည်။"
312,"“နှစ်တစ်ရာ သေစေပြီးနောက် ပြန်လည် နိုးထစေခဲ့သည်” ဟူသည် အသက်သေပြီး၊ ပြန်ရှင် လာခြင်းကို ရည်ညွှန်းခြင်း မဟုတ်ပေ။ တွေးခေါ်မှု စွမ်းရည် ရာစုတစ်ခုမျှ နောက်ကျနေပြီး၊ တမဟုတ်ချင်း ဆိုသလို ပြန်လည် နိုးကြားရှင်သန်လာခြင်းကို ရည်ညွှန်းသည်။ ထို နိုးကြားလာမှုကို (بَعَثَهٗ) ‘ဘအဆဟူး’ ဟူ၍ သုံးနှုန်း ထားခြင်း ဖြစ်သည်။ ထို နိုးကြားလာသော အတွေးအခေါ်၊ မြော်မြင်မှု စွမ်းရည်တို့ဖြင့် ဆုတ်ယုတ် နေသော မြို့ရွာတို့ကို တစ်ဖန် တိုးတက်လာရန် စွမ်းဆောင်လာနိုင်မည်။ ဤသည် လူတို့ အဖို့ နမူနာတစ်ရပ်ပင် ဖြစ်၏။ ၎င်းကို (لِنَجْعَلَكَ ءَايَةً لِّلنَّاسِ) ဟု ဆိုခြင်း ဖြစ်သည်။ ထို့ပြင် တစ်မဟုတ်ချင်း ပြန်လည် နိုးကြားလာပုံကို (لَبِثْتُ يَوْمًا أَوْ بَعْضَ يَوْمٍ) “တစ်နေ့၊ သို့မဟုတ် တစ်နေ့၏ အစိတ်အပိုင်းအချို့” ဟု ညွှန်းဆိုခြင်း ဖြစ်သည်။ အစားအသောက်နှင့် ပတ်သက်၍ ကြည့်ခိုင်းခြင်းမှာ စိုက်ပျိုး ထုတ်လုပ်မှုများ တိုးတက်လာခြင်း မရှိသေးသည်ကို သတိပြုစေခြင်း ဖြစ်သည်။ ၎င်းကို (لَمْ يَتَسَنَّهْ) “နှစ်ကာလ ကြာရှည်မှုက ၎င်းကို တိုက်စားခြင်းမရှိ” ဟု ရည်ညွှန်းထားသည်။"
313,"(اُنْظُرْ إِلٰى حِمَارِكَ) “သင်၏ မြည်းကို ကြည့်လော့” ဟူသော ဝါကျက “အသက် သေခြင်း မဟုတ်ဘဲ၊ အတွေးအခေါ် သေခြင်းမျှ ဖြစ်သည် ဆိုသည်ကို သတိပြု စေလို၍ ဖြစ်သည်။ ဆိုလိုသည်မှာ နှစ်တစ်ရာမျှ အသက်သေဆုံးသည် ရှိသော် မြည်းမှာလည်း ရှင်နေစရာ အကြောင်းမရှိချေ။ သို့ရာတွင် ယခုမူ အသက်သေခြင်း မဟုတ်ဘဲ၊ အတွေးအခေါ် သေခြင်းသာ ဖြစ်ပေရာ၊ မြည်းမှာလည်း နဂိုအတိုင်းသာ ရှိနေကြောင်း ပြဆိုခြင်း ဖြစ်သည်။"
314,"(اُنْظُرْ إِلَى الْعِظَامِ) “အရိုးများကို ကြည့်လော့” ဟူသည် မြည်း၏ အရိုးများကို ကြည့်ခိုင်းခြင်း မဟုတ်ပါ။ ဤအချက်ကို အထူး သတိပြုအပ်ပေသည်။ ဤသည် မြို့ရွာ၏ ပျက်စီး နေမှုကို တင်စားပြခြင်း ဖြစ်ပေသည်။ အရိုးများပမာ ကျန်ခဲ့သော မြို့ရွာကို လူတို့၏ အတွေးအမြင်များ တိုးတက် လာသည်နှင့်အမျှ အသားများဖြင့် ချိတ်ဆက် သကဲ့သို့ တစ်ဖန်ပြန်၍ တိုးတက် ဖွံ့ဖြိုးလာစေရန် အလ္လာ့ဟ်ဥပဒေသက ပြဋ္ဌာန်း ထားကြောင်း အာယဟ်တွင် မီးမောင်း ထိုးပြခြင်း ဖြစ်ပေသည်။#မာဂျိဒီ (ကုရ်အာန် ဘာသာပြန်ကျမ်း) ၏ ဖော်ပြချက်အရ ပျက်စီးနေသော မြို့သည် ဂျေရုဆလင် ဖြစ်သည်ဟူ၏။ သို့ရာတွင် ကုရ်အာန်ကမူ မည်သည့်မြို့ ဖြစ်ပါသည်ဟု ဖော်ပြမထားချေ။ ထို့ကြောင့် ဤသည် မြို့ရွာတိုင်းနှင့် ဆိုင်သော ဥပဒေသ ပြဋ္ဌာန်းချက်ကို ပမာပြ၍ ဖော်ပြခြင်း ဟု ရှုမြင်ပါသည်။ ရှေ့လာမည့် အာယဟ်၌လည်း သေလွန်ခြင်း နှင့် ရှင်သန်ခြင်းတို့၏ နိယာမကို အိဗ်ရာဟီမ် ရစူလ် (A.S) ၏ လက်တွေ့ ကျင့်သုံးမှုဖြင့် ပမာပြထား သည်ကို တွေ့ရ၏။"
315,"(اَلْمَوْتٰی) ‘မော်ဝ်သာ’ “သက်မဲ့” (တစ်နည်း) “သေနေသော” “ရှင်သန်မှု မဲ့နေသော” ဟူသည် လူသူကင်းမဲ့၍ ပျက်စီးယိုယွင်းနေသော မြို့ရွာကို ရည်ညွှန်းခြင်း ဖြစ်သည်။ ယင်းမြို့ရွာများ ရှင်သန်လာအောင် အရှင်က မည်သို့ ပြဋ္ဌာန်း ထားသနည်း ဆိုသည်ကို အိဗ်ရာဟီမ် ရစူလ် (A.S) က မေးမြန်းခြင်း ဖြစ်သည်။ ၎င်းကို (كَيْفَ تُحْيِيْ) ဟုသုံးနှုန်း ထားသည်။"
316,"ဘာသာပြန်သူ အများစုက (الطَّيْرُ) ‘တွိုင်းရ်’ ကို တိုက်ရိုက်အဓိပ္ပာယ် ကောက်၍ “ငှက်” ဟုပင် ဖော်ပြကြသည်။ ဤစကားလုံးတွင် “ငှက်” ဟူသော အဓိပ္ပာယ်အပြင် “လျင်မြန် ဖျတ်လပ်သူ” “မြင်းသည်တော်” “ဉာဏ်အမြော်အမြင် ကြီးမားသူ” “ထင်ရှား ကျော်ကြားသူ” “မကောင်းသောနိမိတ်” “ပေါ့ပါးခြင်း” “ဦးနှောက်” “မြင့်မားသော အခြေအနေသို့ ရောက်ရှိခြင်း” “လူသား၏ လုပ်ဆောင်မှုနှင့် ဆိုးရွားသောအကျိုးဆက်” စသဖြင့် ဆန့်ကျင်ဘက် အနက်အဓိပ္ပာယ်များပါ ပါဝင်သည်။ ဤအာယဟ်တွင် သုံးနှုန်း ထားသော (الطَّيْرُ) ‘တွိုင်းရ်’ဟူသည် “လျင်မြန်ဖျတ်လပ်သောသူ” ဖြစ်၏။ သူတို့အနက်မှ လေးဦးကို ရွေးချယ်၍ ကိုယ်ရည်ကိုယ်သွေး ဖွံ့ဖြိုးလာစေရန် လေ့ကျင့်ပေးခြင်းကို ရည်ညွှန်းသည်။"
317,"(صُرْ) ‘ဆွတ်ရ်’ကို ဘာသာပြန် ပညာရှင် အချို့က “အပိုင်းပိုင်း ပြုလုပ်ခြင်း” ဟု ဖော်ပြကြသည်။ စင်စစ် (صُرْ) ‘ဆွတ်ရ်’ ဟူသည် “တိမ်းညွတ် လာစေရန် ပြုလုပ်ခြင်း” ဖြစ်သည်။ အိဗ်ရာဟီမ် ရစူလ် (A.S) သည် လျင်မြန်ဖျတ်လပ်သောသူ လေးဦးကို ကိုယ်ရည် ကိုယ်သွေး ဖွံ့ဖြိးလာစေရန် လေ့ကျင့် ပေးခြင်းဖြင့် သူတို့သည် အိဗ်ရာဟီမ် ရစူလ် (A.S) ၏ လေ့ကျင့်ပေးမှု ဘက်သို့ တိမ်းညွတ်လျက် ရှိကြမည် ဟူ၏။"
318,"(جَبَلٌ) ‘ဂျဘလ်’ သည် အဓိပ္ပာယ် ကြွယ်ဝသော စကားလုံးတစ်လုံးဖြစ်သည်။ ၎င်းတွင် “တောင်” “ခေါင်းဆောင်” “အကြီးအကဲ” “ပညာရှိသုခမိန်” “အာဏာရှင်” စသော အနက်အဓိပ္ပာယ်များ ပါဝင်သည်။ ဤအာယဟ်တွင် ‘တောင်အသီးသီး၌ နေရာချထားခြင်း’ ဟူသည် ခေါင်းဆောင်မှု တာဝန်ကို အသီးသီး အပ်နှင်းရန် ညွှန်ကြားခြင်း ဖြစ်သည်။"
319,"(يَأْتِيْنَكَ سَعْيًا) “သင့်ထံ ပြေးလာကြမည်” ဟူသော အသုံးအနှုန်းတွင် ထိုလေးဦးမှာ ငှက်များ မဟုတ်ကြောင်း ကို ထင်ရှား စေပါသည်။ အိဗ်ရာဟီမ် ရစူလ် (A.S) ၏လေ့ကျင့် ပေးမှုကြောင့် သူ့အား ခေါင်းဆောင်ဟု အသိအမှတ်ပြု၍၊ ဆင့်ခေါ်သည့် အခါတိုင်း အပြေးအလွှား ရောက်လာမည်ဟု ဆိုလိုသည်။#[ဆက်စပ်အာယဟ်များ [3:159] [15:88] [26:215]]"
320,"ယေဘုယျအားဖြင့် ကောင်းကျိုးကို တမလွန်၌သာ ရရှိ၍၊ ယင်းကောင်းကျိုးကို လတ်တလော ခံစားနိုင်မည် မဟုတ်ဟု အယူရှိကြသည်။ ကုရ်အာန်မှ ပြဋ္ဌာန်းသော ကောင်းကျိုး-ရလဒ်များသည် ဤလောက၌လည်း ပုံပေါ်၍ အာခိရဟ်၌လည်း ပုံပေါ်ပေသည်။ မျှဝေမှု၏ ရလဒ်တွင် အလ္လာဟ် ပြဋ္ဌာန်းသော လူ့ဘဝ တည်ဆောက်မှုစနစ် ပုံပေါ်လာ မှုလည်း ပါဝင်သည်။ မုအ်မင်န်၏ လုပ်ဆောင်ချက်တိုင်းသည် အလ္လာ့ဟ်စနစ် ပုံပေါ်ရေး အတွက်သာ ဖြစ်ပေသည်။ မုအ်မင်န် တစ်ဦးသည် မိမိ၏ မျှဝေမှုကို အကြောင်းပြု၍ မျှဝေခံအပေါ် ကျေးဇူးရှင် ဟူသော ဂုဏ်ပုဒ်ဖြင့် ဖိအားပေးခြင်း၊ စိတ်ဒုက္ခ ရောက်စေခြင်း တို့ကို မည်သည့် အခါမျှ မပြုလုပ်ချေ။ #[ဆက်စပ်အာယဟ် [76:9]]"
321,"(صَدَقَاتٌ) ‘ဆွဒကားသ်’ ဟူသည် လူ့ဘောင်၌ ပေါင်းစည်းနေထိုင်မှုနှင့် ချစ်ခင် ရင်းနှီးမှုတို့ အဓွန့်ရှည် စေရန် ပေးကမ်း ချီးမြှင့်ခြင်းကို ရည်ညွှန်းသည်။ ၎င်း၏ ဧကဝုစ်မှာ (صَدَقَةٌ) ‘ဆွဒကဟ်’ဖြစ်သည်။ မုစ်လင်မ် လောကတွင် ဆွဒကဟ်ကို မိမိ၌ သက်ရောက် နေသော ဘေးဒုက္ခများ ကင်းဝေးရန် စွန့်လှူခြင်းဟု လက်ခံကျင့်သုံး ကြ၏။ ဝမ်းနည်း စရာကောင်းသည်က ကုရ်အာန် တစ်ကျမ်းလုံးတွင် ဤသဘောတရားမျိုးကို လုံးဝ မတွေ့ရပေ။"
322,"မြေမှ ထွက်စေသောအရာများတွင် ကောက်ပဲ သီးနှံများ၊ တွင်းထွက်ပစ္စည်းများ၊ ဥပမာ- ရွှေ၊ ငွေ၊ ကျောက်သံ ပတ္တမြားများ စသည်တို့ ပါဝင်သည်။"
323,"(طَيِّبَاتٌ) ‘တွိုက်ယိဘားသ်’နှင့်စပ်လျဉ်း၍ အောက်ခြေ (-)၊ [2:57] အောက်ခြေ (၁၁၅) တွင်လည်း ဖော်ပြ ခဲ့ပြီး ဖြစ်သည်။ ဤနေရာတွင် ထပ်မံ ဖြည့်စွက် ဖော်ပြ လိုသည်မှာ ဤစကားလုံး၌ “သန့်စင်ခြင်း” “ဖွံ့ဖြိုးခြင်း” “နှစ်သက်ဖွယ် ဖြစ်ခြင်း” ဟူသည့် အနက် အဓိပ္ပာယ်များ ကိန်းဝပ်သည်။ ဤရှုထောင့်အရ လူ့ဘောင်၏ လိုအပ်ချက်ကို မျှဝေ ဖြည့်ဆည်းသော သူသည် မိမိ၏ မျှဝေမှုကြောင့် လူ့ဘောင်၌ အမှန်တကယ် ဖွံ့ဖြိုးမှုဖြစ်၊ မဖြစ်ဆိုသည်ကို သုံးသပ် ရမည်ဟု ဆိုလိုသည်။ ဖွံ့ဖြိုးမှု ဖြစ်မှသာလျှင် ၎င်းသည် နှစ်သက်ဖွယ်ကောင်းသော ဟူသည့် စံချိန် စံညွှန်းဖြင့် ကိုက်ညီပေမည်။ ဤစကားလုံး၏ ဆန့်ကျင်ဘက် အနက်ဆောင်ပုဒ်မှာ (خَبِيْثٌ) ‘ခဘီးဆ်’ ဖြစ်သည်။ ၎င်းကိုလည်း ဤအာယဟ်၌ သုံးနှုန်းထားသည်။"
324,"(خَبِيْثٌ) ‘ခဘီးဆ်’ တွင်ညံ့ဖျင်းမှု အစုစုတို့ ပါဝင်သည်။ ၎င်းတွင် “အရသာ မရှိမှု” “အာဟာရ မဖြစ်မှု” နှင့် “ဆွဲဆောင်မှုကင်းခြင်း” ဟူသော အနက်သဘောများ ကိန်းဝပ်သည်။ သို့ဖြစ်၍ ခန္ဓာကိုယ်၌ ဓာတ်သဘာဝ ပျက်စီးခြင်းနှင့် အာဟာရမဖြစ်ခြင်း တို့အပြင် ဆုတ်ယုတ်ခြင်း၊ ချည့်နဲ့ခြင်း တို့ကို ဖြစ်စေသော သဘောတရားများ ပါဝင်လာသည်။ ထို့ပြင် စာရိတ္တ၊ ကိုယ်ကျင့် တရားများ ညံ့ဖျင်း၊ နိမ့်ကျမှုတို့ ကိုပါ ဤစကားလုံးဖြင့် သုံးနှုန်း၏။ ဤသို့သော အရာများကို မိမိတို့ကိုယ်တိုင် နှစ်သက်မှုမရှိ သောကြောင့် လူ့ဘောင်အတွက် မျှဝေရန်ကိုလည်း စိတ်ကူးထဲ မထည့်သင့်ကြောင်း အာယဟ်က တားမြစ်ခြင်း ဖြစ်သည်။ #[ကြည့်။ [3:93]]"
325,"(فَحْشَاءٌ) ‘ဖှဟ်ရှားအ်’၏ ကြိယာနာမ်မှာ (فُحْشٌ) ဖြစ်သည်။ ဤစကားလုံးတွင် “အတိုင်းအတာ သတ်မှတ် ချက်ထက် ကျော်လွန်ခြင်း” “လွန်လွန်ကျူးကျူး ပြုမူခြင်း” “ရိုင်းပြ-ခက်ထန်-မောက်မာခြင်း” “ကျူးကျော်ဖောက်ဖျက်ခြင်း” “ဆန့်ကျင် အန်တုခြင်း” “အရှက်ကင်းမဲ့ခြင်း” “လောဘကြီးခြင်း” “စေးနှဲတွန့်တိုခြင်း” “တရားမျှတမှုမရှိခြင်း” “ညီညွတ်မျှတစွာ မဆောင်ရွက်ခြင်း” “ကိုယ်ကျင့်တရား ဖောက်ပြန်ခြင်း” “လူ့ကျင့်ဝတ်နှင့် မညီညွတ်ခြင်း” “တားမြစ် ထားသော နည်းလမ်းများဖြင့် ကိုယ်ကျိုးရှာခြင်း” “မတရား ကာမ လိုက်စားခြင်း” “လိင်တူဆက်ဆံခြင်း” စသည့် စက်ဆုပ်ရွံရှာဖွယ်ရာ အပြုအမူများ ပါဝင်သည်။ ဤအာယဟ်တွင် ဆင်းရဲခြင်းနှင့် ယှဉ်၍ သုံးနှုန်းထားသောကြောင့် စေးနှဲမှုဟု အနက်ကောက်ခြင်း ဖြစ်သည်။"
326,"(نَذْرٌ) ‘နဇ်ရ်’ဟူသည် တစ်စုံတစ်ခုနှင့် စပ်လျဉ်း၍ တာဝန် မရှိသော်လည်း ကိုယ်တိုင် ရွေးချယ်၍ တာဝန် ယူခြင်းကို ဆိုလိုသည်။ အထူးသဖြင့် ငွေကြေးဥစ္စာ မပြည့်စုံသောအခါ မိမိ တတ်နိုင်သည့် အခြားကိစ္စ တစ်စုံတစ်ခုကို တာဝန်ယူ ဆောင်ရွက်ခြင်းမျိုးကို ရည်ညွှန်းသည်။ (ကြည့်။ [9:79])"
327,"ရစူလ်၏ တာဝန်မှာ အလ္လာ့ဟ်ထံမှ ချမှတ်သည့် ဝဟ်ယ်-လူ့ဘဝ လမ်းညွှန်ကို လူတို့ထံ ပို့ဆောင်ရန်သာ ဖြစ်ပေသည်။ အစ္စလာ့မ် လူ့ဘဝ တည်ဆောက်မှု အတွင်း အတင်းအဓမ္မ သွတ်သွင်းရန် မဟုတ်ပေ။ [ကြည့်။ [2:256] အောက်ခြေ (၃၀၇)၊ [28:56] [5:99] [16:35]] လူတစ်ဦးချင်း ၏ နားလည် လက်ခံမှုမှာ အလ္လာဟ် ပြဋ္ဌာန်းသော စံနှုန်းနှင့် ကိုက်ညီမှု အပေါ်အခြေခံ ၍ ဖြစ်ပေါ်သည်။"
328,"(رِبٰوا) ‘ရိဗာ’ကို မြန်မာဝေါဟာရ “အတိုး” ဖြင့်ဖလှယ်၍ သုံးနှုန်းကြသည်။ ကုရ်အာန်မှ ရည်ညွှန်းသော (رِبٰوا) ‘ရိဗာ’တွင် စီးပွားအတွက် ငွေပင် ငွေရင်း ရင်းနှီးမှုမျိုး (ဥပမာ- ဘဏ် လုပ်ငန်းများ) မပါဝင်ပေ။ ကုရ်အာန်မှ ရည်ညွှန်းသော (رِبٰوا) ‘ရိဗာ’ မှာ ငွေထုတ်ပေးပြီး၊ ချေးယူသူ နလံမထူနိုင်အောင် ကုပ်သွေးစုပ်၊ ခေါင်းပုံဖြတ်မှုကို ဆိုလိုသည်။ ထို့ ကြောင့် ခြုံငုံမိစေရန် “ခေါင်းပုံဖြတ်၍ အကျိုးခံစားခြင်း” ဟု စကားလုံး ဖလှယ်ခြင်း ဖြစ်သည်။ (رِبٰوا) ‘ရိဗာ’တွင် အရှုံး လုံးဝ မရှိချေ။ ငွေစိုက်ထုတ်သူမှာ ချေးယူသူ အဆင်ပြေသည်ဖြစ်စေ၊ မပြေသည်ဖြစ်စေ အချိန်မှန် အတိုးယူ၍ အကျိုး ခံစားလို၏။ အတိုးမပေးနိုင်လျှင် ရှိသမျှ ပိုင်ဆိုင်မှုကို သိမ်းယူ လေ့ရှိသည်။ ဤသို့ဖြင့် လူ့ဘောင်၌ ဟန်ချက် ပျက်လာတော့၏။ (رِبٰوا) ‘ရိဗာ’ သည် (بَيْعٌ) ‘ဘိုက်ယ်’ “ရောင်းဝယ်ဖောက်ကားမှု-ကူးသန်းမှု-စီးပွားရှာမှု” နှင့် လုံးဝ မတူပေ။"
329,"(رِبٰوا) ‘ရိဗာ’ ဖြင့်အကျိုးခံစားသူ၏ ဥပမာမှာ လောဘ လောင်းရိပ်အောက်၌ မိကာ စီးပွား ရှာနိုင်စွမ်း မဲ့၍ အဖျက်ကောင် ထိကပ်လျက် အသိဉာဏ် မှောက်မှား တွေဝေလျက် ရှိသူနှင့် တူသည်ဟု ဆိုလိုသည်။ သူ့၌ ကောင်းမွန်သော တွေးခေါ်ကြံဆမှု ဆိတ်သုဉ်း၍ ခေါင်းပုံဖြတ်မှုကိုသာ ဘဝ၏ အဓိကကျသော အကျိုးစီးပွားဟု အထင်မှားလျက် ရှိနေပုံကို အာယဟ်၌ မီးမောင်းထိုးပြထားသည်။ #မှတ်ချက်။ ။ (رِبٰوا) ‘ရိဗာ’ တွင် “ငွေမည်းပိုင်ဆိုင်မှု” လည်း ပါဝင်သည်။#[ကြည့်။ [2:276]#[ဆက်စပ်အာယဟ် [59:9]]"
330,"ဤအာယဟ်တွင် ရည်ညွှန်းသုံးနှုန်းသော (كَفَّارٌ أَثِيْمٌ) “ဆန့်ကျင်သူနှင့် ဆုတ်ယုတ်သူ” ဟူသည် ငွေမည်း ပိုင်ဆိုင်သူကို ရည်ညွှန်းသည်။#[ဆက်စပ်အာယဟ်များ [4:161] [3:129] [30:39] [74:6]]"
331,"ဤအာယဟ်တွင် သုံးနှုန်းထားသော (إِقَامَةُ الصَّلَاةِ) “ဆွလာ့ဟ်တည်ဆောက်ခြင်း” ဟူသည် ခေါင်းပုံဖြတ်မှု ကင်းရှင်း၍ အရှင့် လမ်းညွှန်မှုနှင့် အညီ စီးပွား တိုးတက်လျက်ရှိသော လူ့ဘောင်ကို တည်ဆောက်ခြင်းအား ရည်ညွှန်းသည်။"
332,"မတရားလုပ်ခြင်း ဟူသည် ခေါင်းပုံဖြတ်ခြင်းဖြစ်၍ မတရား ပြုလုပ်ခံရခြင်း ဟူသည် ပိုင်ဆိုင်မှုများ ဆုံးရှုံးခြင်း ကိုဆိုလိုသည်။"
333,"(كَاتِبٌ) ‘ကာသိဗ် “စာရေး” သည် ဥပဒေကို နားလည်သော ပညာရှင် ဖြစ်ရမည်။ ဤအချက်ကို “အလ္လာဟ် သင်ကြားပေးသော အသိပညာနှင့်အညီ” ဟူသည့် အပိုဒ်က ထောက်ခံထားသည်။ ယင်းသင်ကြား ပေးမှုသည် ကုရ်အာန်ပင် ဖြစ်၏။ ကုရ်အာန်သည် လူ့ဘဝ တည်ဆောက်မှု အတွက် အကောင်းဆုံးသော အခြေခံ ဥပဒေပင် ဖြစ်သည်။ ထို့ပြင် မည်သည့်ဥပေဒမဆို ကုရ်အာ့န် အခြေခံမူနှင့် ညီညွတ်မှု ရှိလျှင် အသုံးချနိုင်သည်။ မညီညွတ်လျှင် ကုရ်အာန်ကို အန်တုရာ ရောက်၏။ ထိုသို့ဖြင့် ဟန်ချက် ပျက်မှုများနှင့် နစ်နာဆုံးရှုံးမှုများ မုချ ဖြစ်ပေါ် လာမည်။ ဥပဒေပညာရှင် မရှိသော အရပ်တွင် အခြားသော တတ်သိ နားလည်သူ တဦးကို ရေးခိုင်းရပေမည်။"
334,"နားလည်နိုင်စွမ်း မရှိသူ၊ အားအင်ချည့်နဲ့သူ၊ စာချနိုင်စွမ်း မရှိသူဟူသည် ဥပဒေကို နားမလည်သူ၊ အသက် မပြည့်သူ၊ အိုမင်းရင့်ရော်သူနှင့် ဘာသာစကား အခက်အခဲရှိသူ အစရှိသူတို့ကို ရည်ညွှန်းသည်။ အုပ်ထိန်းသူ ဟူသည် သားချင်းများ အနက်မှ အကြီးအကဲတစ်ဦး၊ သို့မဟုတ် ဥပဒေ အကျိုးဆောင် ရှေ့နေ ကိုဆိုလိုသည်။ #အထူးသတိပြုအပ်သော အချက်မှာ ဘာသာစကား အခက်အခဲ ဟူသော ရည်ညွှန်းချက်အား ထောက်ရှုသော် ဤတွင် နိုင်ငံရပ်ခြား ကူးသန်းရောင်းဝယ်မှု၊ ဖက်စပ်လုပ်ငန်း လုပ်ကိုင်မှုများပါ အကျုံးဝင်သွားသည်။ (ကြည့်။ [2:283])"
335,"အမျိုးသား တစ်ဦးအစား အမျိုးသမီးနှစ်ဦးကို သက်သေထားရှိခြင်းမှာ အမျိုးသမီးသည် အခြေအနေ အချိန်အခါ အလျောက် ဗာဟီရကိစ္စ များတတ်သည်။ (ဥပမာ- ဓမ္မတာလာခြင်း၊ မီးဖွားခြင်း၊ နို့စို့ကလေး ရှိနေခြင်း စသဖြင့်) ဤ အချက်ကို (أَنْ تَضِلَّ) “လွဲချော်ခဲ့သော်” ဟု ထောက်ပြထားသည်။ ဆိုလိုသည်မှာ သက်သေခံရန် ဆင့်ခေါ်သော အခါ အထက်ဖော်ပြပါ ဗာဟီရ ကိစ္စများကြောင့် လာရောက်ရန် မဖြစ်နိုင်သော အခြေအနေကို ရည်ညွှန်းသည်။"
336,"(أَنْ تَضِلَّ) ကို ဘာသာပြန်ကျမ်း တော်တော်များများတွင် “သူမ မေ့လျော့သွားပါလျှင်” ဟု အနက်ကောက် ဖော်ပြ ကြသည်။ စင်စစ် (أَنْ تَضِلَّ) ဆိုသည်မှာ မေ့လျော့ခြင်း မဟုတ်ပေ။ လွဲချော်ခြင်း၊ ပျက်ကွက်ခြင်း၊ မှားယွင်းခြင်း၊ ချွတ်ချော်ခြင်း၊ မူလနေရာမှ ဝေးကွာနေခြင်း စသည်တို့ကို ကိုယ်စားပြု ဖော်ပြသော ပုဒ်သာလျှင် ဖြစ်၏။ အာယဟ်ပါ အချက်အလက်များအား သေချာစွာ သုံးသပ်သည် ရှိသော် အမှန်တကယ် တရားရုံး၌ အမျိုးသမီး နှစ်ဦးစလုံး သွားရောက် သက်သေ ထွက်ဆို ရမည်ဟု ရည်ညွှန်း မထားကြောင်း ထင်ရှားပေသည်။ ဗာဟီရ ကိစ္စများကြောင့် တစ်ဦးမလာနိုင်လျှင် အခြား တစ်ဦးကို ဆင့်ခေါ် ရမည်ဟု ဆိုလိုပါသည်။ တစ်ဖန် (فَتُذَكِّرَ) ကိုလည်း “သူမသတိပေးမည်” ဟု ပြန်ဆိုကြ၏။ စင်စစ် (فَتُذَكِّرَ) ဟူ သည် “သူမ ထုတ်ဖော်မည်” ဟူ၍ ဖြစ်သည်။ အမျိုးသမီးတစ်ဦး မလာရောက်နိုင်လျှင် အခြားတစ်ဦးက သက်သေခံမှုကို ထုတ်ဖော်မည်ဟု ဆိုလိုပါသည်။#[ဤသဘော တရားများအား နားလည်ပါက အမျိုးသားနှင့် အမျိုးသမီးတို့ တန်းတူ တာဝန်ရှိပုံကို သိမြင်လိမ့်မည်။ ကုရ်အာန်က လိင်ခွဲခြား ဆက်ဆံခိုင်းခြင်း လုံးဝ မဟုတ်သည်ကိုလည်း သိမြင် နိုင်ပါသည်။ အာယဟ်လာ ရည်ညွှန်းချက် ကို လွဲမှားစွာ နားလည်ထားမှုသည် ပင် မုစ်လင်မ်လောက၌ ပျံ့နှံ့နေသည်က ဝမ်းနည်းစရာ ကောင်းလှပေသည်။ ]"
337,"(لَا يُكَلِّفُ اللهُ نَفْسًا إِلَّا وُسْعَهَا) ကို အများအားဖြင့် “အလ္လာဟ်သည် မည်သူ့ကိုမျှ ထိုသူ၏ စွမ်းအား ထက်ပို၍ တာဝန်ပေးတော် မမူချေ” ဟုပြန်ဆို ကြသည်။ စင်စစ် ဆိုလိုရင်းမှာ ထို့ထက်ပို၍ နက်နဲ ပေသည်။ အထက်တွင် အနက် ကောက်ထားသည့် အတိုင်း “တစ်ဦး တစ်ယောက်ကို အလ္လာဟ် ပေးအပ်ထားသော တာဝန်သည် သူ၏ အရည်အသွေး ကျယ်ပြော ဖို့ရန်သာလျှင် ဖြစ်၏” ဟု ဆိုလိုသည်။ လူတစ်ဦးချင်း၏ အရည်အသွေး ဖြစ်ထွန်းမှုသည် တူညီသည် မဟုတ်ပေ။ ကျင်လည် ကျက်စားရာ နယ်ပယ် အသီးသီး ရှိသောကြောင့် အရည်အသွေး ကွဲပြားခြင်းမှာ ဓမ္မတာဖြစ်၏။ သို့သော် နယ်ပယ် တစ်ခုအတွင်း၌ပင် အဆင့်အတန်း ကွဲပြားမှုကြောင့် အရည်အသွေး ခြားနာသည်လည်း ရှိ၏။ ထိုသို့ ကွဲပြားခြား နားခြင်းသည် ယူထားရသည့် တာဝန်နှင့်လည်း လေးနက်စွာ ဆက်စပ်ပေသည်။ တစ်ခါတစ်ရံ အဆင့် တူများ၌ပင် တာဝန်ယူမှု ပိုသောသူ၌ အရည်အသွေး ပို၍ တိုးတက်မှု ရှိကြောင်း တွေ့မြင်ရ၏။ ဤသည် မူလဘူတ သတ်မှတ်ထားသည့် ဥပဒေ ပြဋ္ဌာန်းထားမှုကြောင့် ဖြစ်ပေသည်။ အာယဟ်၌ ထိုပြဋ္ဌာန်းမှုကို မီးမောင်းထိုးပြထားခြင်း ဖြစ်၏။#[ဆက်စပ်အာယဟ်များ [6:153] [7:42] [23:62]]"
